{"started_on": {"$dt": "2023-07-14T16:39:22.683427"}, "duration": 20, "sample_id": 26, "owner": null, "id": 44, "category": "file", "priority": 2, "guest": {"status": "stopped", "name": "cuckoo1", "label": "cuckoo1", "manager": "VirtualBox", "started_on": "2023-07-14 16:39:22", "shutdown_on": "2023-07-14 16:39:42"}, "clock": {"$dt": "2023-07-14T16:39:22.122918"}, "custom": null, "machine": null, "platform": "windows", "memory": false, "status": "completed", "tags": [], "processing": null, "enforce_timeout": false, "completed_on": {"$dt": "2023-07-14T16:39:42.760369"}, "target": "/tmp/cuckoo-tmp-root/tmpAWoc7Q/E906FA3D51E86A61741B3499145A114E9BFB7C56", "package": "exe", "route": "none", "timeout": 120, "submit_id": 46, "options": {"procmemdump": "yes", "route": "none"}, "added_on": {"$dt": "2023-07-14T16:39:22.122928"}}