{
    "info": {
        "added": 1689587937.80448, 
        "started": 1689587938.54038, 
        "duration": 121, 
        "ended": 1689588060.133757, 
        "owner": null, 
        "score": 0.0, 
        "id": 66, 
        "category": "file", 
        "git": {
            "head": "13cbe0d9e457be3673304533043e992ead1ea9b2", 
            "fetch_head": "13cbe0d9e457be3673304533043e992ead1ea9b2"
        }, 
        "monitor": "2deb9ccd75d5a7a3fe05b2625b03a8639d6ee36b", 
        "package": "msi", 
        "route": "none", 
        "custom": null, 
        "machine": {
            "status": "stopped", 
            "name": "cuckoo1", 
            "label": "cuckoo1", 
            "manager": "VirtualBox", 
            "started_on": "2023-07-17 09:58:58", 
            "shutdown_on": "2023-07-17 10:01:00"
        }, 
        "platform": "windows", 
        "version": "2.0.7", 
        "options": "procmemdump=yes,route=none"
    }, 
    "signatures": [], 
    "target": {
        "category": "file", 
        "file": {
            "yara": [], 
            "sha1": "70f771cf1141a52077c240d58586a5c22211953d", 
            "name": "setup.msi", 
            "type": "Composite Document File V2 Document, Little Endian, Os: Windows, Version 6.2, MSI Installer, Code page: 1252, Title: Installation Database, Subject: Allows for automated browser switching based on policy configuration., Author: Mozilla, Keywords: Installer, Comments: This installer database contains the logic and data required to install Mozilla Legacy Browser Support., Template: Intel;1033, Revision Number: {FD548390-9CC5-4C6E-AAC2-D75F49F4BC41}, Create Time/Date: Thu Jul 18 00:09:50 2019, Last Saved Time/Date: Thu Jul 18 00:09:50 2019, Number of Pages: 200, Number of Words: 2, Name of Creating Application: Windows Installer XML Toolset (3.11.1.2318), Security: 2", 
            "sha256": "6af3773a0eaaeb91ef991befc6d9ac29442d2e44169b59f4b9aec2a4f5d78f68", 
            "urls": [
                "http://ts-crl.ws.symantec.com/tss-ca-g2.crl0(", 
                "http://ocsp.digicert.com0C", 
                "https://www.mozilla.org/firefox/enterprise/ARPPRODUCTICONUILevel1ALLUSERSManufacturerProductCode", 
                "http://ocsp.digicert.com0N", 
                "http://ts-aia.ws.symantec.com/tss-ca-g2.cer0", 
                "https://www.mozilla.com0", 
                "http://ocsp.thawte.com0", 
                "http://crl4.digicert.com/DigiCertAssuredIDRootCA.crl0:", 
                "http://crl.thawte.com/ThawteTimestampingCA.crl0", 
                "http://crl3.digicert.com/sha2-assured-cs-g1.crl05", 
                "http://crl3.digicert.com/DigiCertAssuredIDRootCA.crl0O", 
                "http://cacerts.digicert.com/DigiCertAssuredIDRootCA.crt0", 
                "http://crl4.digicert.com/sha2-assured-cs-g1.crl0L", 
                "http://cacerts.digicert.com/DigiCertSHA2AssuredIDCodeSigningCA.crt0", 
                "https://www.digicert.com/CPS0", 
                "http://ts-ocsp.ws.symantec.com07"
            ], 
            "crc32": "68BB6080", 
            "path": "/root/.cuckoo/storage/binaries/6af3773a0eaaeb91ef991befc6d9ac29442d2e44169b59f4b9aec2a4f5d78f68", 
            "ssdeep": null, 
            "size": 279552, 
            "sha512": "80b19af399586ed149ee328ccb3c6eae48f57f141bc270a578885ac65222fd3772c416e87170d0918d7a7445ca44eab7f6c8929f2e0c749730a2344aad333b55", 
            "md5": "59e47d7db29ec063d927fd61313045e4"
        }
    }, 
    "network": {
        "tls": [], 
        "udp": [
            {
                "src": "192.168.56.100", 
                "dst": "192.168.56.101", 
                "offset": 1010, 
                "time": 33.42235779762268, 
                "dport": 68, 
                "sport": 67
            }, 
            {
                "src": "192.168.56.101", 
                "dst": "192.168.56.255", 
                "offset": 2222, 
                "time": 6.142960786819458, 
                "dport": 137, 
                "sport": 137
            }, 
            {
                "src": "192.168.56.101", 
                "dst": "224.0.0.252", 
                "offset": 32282, 
                "time": 80.75033593177795, 
                "dport": 5355, 
                "sport": 49386
            }, 
            {
                "src": "192.168.56.101", 
                "dst": "224.0.0.252", 
                "offset": 32602, 
                "time": 36.92174577713013, 
                "dport": 5355, 
                "sport": 49454
            }, 
            {
                "src": "192.168.56.101", 
                "dst": "224.0.0.252", 
                "offset": 32922, 
                "time": 8.33035683631897, 
                "dport": 5355, 
                "sport": 50100
            }, 
            {
                "src": "192.168.56.101", 
                "dst": "224.0.0.252", 
                "offset": 33282, 
                "time": 16.968726873397827, 
                "dport": 5355, 
                "sport": 50322
            }, 
            {
                "src": "192.168.56.101", 
                "dst": "224.0.0.252", 
                "offset": 33610, 
                "time": 46.58213686943054, 
                "dport": 5355, 
                "sport": 50542
            }, 
            {
                "src": "192.168.56.101", 
                "dst": "224.0.0.252", 
                "offset": 33930, 
                "time": 41.968265771865845, 
                "dport": 5355, 
                "sport": 51005
            }, 
            {
                "src": "192.168.56.101", 
                "dst": "224.0.0.252", 
                "offset": 34250, 
                "time": 115.06255078315735, 
                "dport": 5355, 
                "sport": 52390
            }, 
            {
                "src": "192.168.56.101", 
                "dst": "224.0.0.252", 
                "offset": 34570, 
                "time": 6.359705924987793, 
                "dport": 5355, 
                "sport": 52573
            }, 
            {
                "src": "192.168.56.101", 
                "dst": "224.0.0.252", 
                "offset": 34930, 
                "time": 111.39031195640564, 
                "dport": 5355, 
                "sport": 52792
            }, 
            {
                "src": "192.168.56.101", 
                "dst": "224.0.0.252", 
                "offset": 35250, 
                "time": 111.98391389846802, 
                "dport": 5355, 
                "sport": 52841
            }, 
            {
                "src": "192.168.56.101", 
                "dst": "224.0.0.252", 
                "offset": 35570, 
                "time": 50.64049196243286, 
                "dport": 5355, 
                "sport": 53057
            }, 
            {
                "src": "192.168.56.101", 
                "dst": "224.0.0.252", 
                "offset": 35890, 
                "time": 47.74998378753662, 
                "dport": 5355, 
                "sport": 54030
            }, 
            {
                "src": "192.168.56.101", 
                "dst": "224.0.0.252", 
                "offset": 36210, 
                "time": 9.108811855316162, 
                "dport": 5355, 
                "sport": 54060
            }, 
            {
                "src": "192.168.56.101", 
                "dst": "224.0.0.252", 
                "offset": 36538, 
                "time": 93.01534080505371, 
                "dport": 5355, 
                "sport": 55801
            }, 
            {
                "src": "192.168.56.101", 
                "dst": "224.0.0.252", 
                "offset": 36858, 
                "time": 19.578032970428467, 
                "dport": 5355, 
                "sport": 55998
            }, 
            {
                "src": "192.168.56.101", 
                "dst": "224.0.0.252", 
                "offset": 37186, 
                "time": 39.03144288063049, 
                "dport": 5355, 
                "sport": 56556
            }, 
            {
                "src": "192.168.56.101", 
                "dst": "224.0.0.252", 
                "offset": 37506, 
                "time": 105.48380398750305, 
                "dport": 5355, 
                "sport": 57245
            }, 
            {
                "src": "192.168.56.101", 
                "dst": "224.0.0.252", 
                "offset": 37826, 
                "time": 3.1967129707336426, 
                "dport": 5355, 
                "sport": 57689
            }, 
            {
                "src": "192.168.56.101", 
                "dst": "224.0.0.252", 
                "offset": 38154, 
                "time": 48.06618690490723, 
                "dport": 5355, 
                "sport": 57934
            }, 
            {
                "src": "192.168.56.101", 
                "dst": "224.0.0.252", 
                "offset": 38474, 
                "time": 83.76645088195801, 
                "dport": 5355, 
                "sport": 58214
            }, 
            {
                "src": "192.168.56.101", 
                "dst": "224.0.0.252", 
                "offset": 38794, 
                "time": 43.82809591293335, 
                "dport": 5355, 
                "sport": 58274
            }, 
            {
                "src": "192.168.56.101", 
                "dst": "224.0.0.252", 
                "offset": 39114, 
                "time": 46.48606586456299, 
                "dport": 5355, 
                "sport": 58532
            }, 
            {
                "src": "192.168.56.101", 
                "dst": "224.0.0.252", 
                "offset": 39434, 
                "time": 49.329280853271484, 
                "dport": 5355, 
                "sport": 58997
            }, 
            {
                "src": "192.168.56.101", 
                "dst": "224.0.0.252", 
                "offset": 39754, 
                "time": 110.46874594688416, 
                "dport": 5355, 
                "sport": 59442
            }, 
            {
                "src": "192.168.56.101", 
                "dst": "224.0.0.252", 
                "offset": 40074, 
                "time": 11.703659772872925, 
                "dport": 5355, 
                "sport": 60020
            }, 
            {
                "src": "192.168.56.101", 
                "dst": "224.0.0.252", 
                "offset": 40402, 
                "time": 107.29729890823364, 
                "dport": 5355, 
                "sport": 60238
            }, 
            {
                "src": "192.168.56.101", 
                "dst": "224.0.0.252", 
                "offset": 40722, 
                "time": 102.48438787460327, 
                "dport": 5355, 
                "sport": 60428
            }, 
            {
                "src": "192.168.56.101", 
                "dst": "224.0.0.252", 
                "offset": 41042, 
                "time": 98.64034080505371, 
                "dport": 5355, 
                "sport": 60437
            }, 
            {
                "src": "192.168.56.101", 
                "dst": "224.0.0.252", 
                "offset": 41362, 
                "time": 2.9495668411254883, 
                "dport": 5355, 
                "sport": 60637
            }, 
            {
                "src": "192.168.56.101", 
                "dst": "224.0.0.252", 
                "offset": 41722, 
                "time": 50.76915097236633, 
                "dport": 5355, 
                "sport": 60814
            }, 
            {
                "src": "192.168.56.101", 
                "dst": "224.0.0.252", 
                "offset": 42042, 
                "time": 113.17185091972351, 
                "dport": 5355, 
                "sport": 61124
            }, 
            {
                "src": "192.168.56.101", 
                "dst": "224.0.0.252", 
                "offset": 42362, 
                "time": 33.79654097557068, 
                "dport": 5355, 
                "sport": 61309
            }, 
            {
                "src": "192.168.56.101", 
                "dst": "224.0.0.252", 
                "offset": 42682, 
                "time": 14.312167882919312, 
                "dport": 5355, 
                "sport": 61672
            }, 
            {
                "src": "192.168.56.101", 
                "dst": "224.0.0.252", 
                "offset": 43010, 
                "time": 110.09352993965149, 
                "dport": 5355, 
                "sport": 62610
            }, 
            {
                "src": "192.168.56.101", 
                "dst": "224.0.0.252", 
                "offset": 43330, 
                "time": 8.641023874282837, 
                "dport": 5355, 
                "sport": 62669
            }, 
            {
                "src": "192.168.56.101", 
                "dst": "224.0.0.252", 
                "offset": 43690, 
                "time": 3.959350824356079, 
                "dport": 5355, 
                "sport": 63033
            }, 
            {
                "src": "192.168.56.101", 
                "dst": "224.0.0.252", 
                "offset": 44050, 
                "time": 114.60936284065247, 
                "dport": 5355, 
                "sport": 63052
            }, 
            {
                "src": "192.168.56.101", 
                "dst": "224.0.0.252", 
                "offset": 44370, 
                "time": 6.359914779663086, 
                "dport": 5355, 
                "sport": 63210
            }, 
            {
                "src": "192.168.56.101", 
                "dst": "224.0.0.252", 
                "offset": 44698, 
                "time": 11.922250986099243, 
                "dport": 5355, 
                "sport": 63635
            }, 
            {
                "src": "192.168.56.101", 
                "dst": "224.0.0.252", 
                "offset": 45058, 
                "time": 6.04748797416687, 
                "dport": 5355, 
                "sport": 63880
            }, 
            {
                "src": "192.168.56.101", 
                "dst": "255.255.255.255", 
                "offset": 45418, 
                "time": 7.733713865280151, 
                "dport": 67, 
                "sport": 68
            }
        ], 
        "dns_servers": [], 
        "http": [], 
        "icmp": [], 
        "smtp": [], 
        "tcp": [], 
        "smtp_ex": [], 
        "mitm": [], 
        "hosts": [], 
        "pcap_sha256": "a4d64fcd6b6869d96df8317c4eaa0d7927ce83820ebcd96945a567655329f45e", 
        "dns": [], 
        "http_ex": [], 
        "domains": [], 
        "dead_hosts": [], 
        "sorted_pcap_sha256": "dc9c900971d41797b139434dcdf2ec4f0f5c64788a69886b85d83dfd17ad6041", 
        "irc": [], 
        "https_ex": []
    }, 
    "debug": {
        "action": [], 
        "dbgview": [], 
        "errors": [], 
        "log": [
            "2023-07-17 09:58:57,046 [analyzer] DEBUG: Starting analyzer from: C:\\tmpbhv_ec\n", 
            "2023-07-17 09:58:57,046 [analyzer] DEBUG: Pipe server name: \\??\\PIPE\\HllDeXvUxXBMTYKhgFdzugEk\n", 
            "2023-07-17 09:58:57,046 [analyzer] DEBUG: Log pipe server name: \\??\\PIPE\\ebQgWlaBxawdSqppYatUHIOa\n", 
            "2023-07-17 09:58:57,187 [analyzer] DEBUG: Started auxiliary module DbgView\n", 
            "2023-07-17 09:58:57,578 [analyzer] DEBUG: Started auxiliary module Disguise\n"
        ], 
        "cuckoo": [
            "2023-07-17 09:58:58,567 [cuckoo.core.scheduler] INFO: Task #66: acquired machine cuckoo1 (label=cuckoo1)\n", 
            "2023-07-17 09:58:58,567 [cuckoo.core.resultserver] DEBUG: Now tracking machine 192.168.56.101 for task #66\n", 
            "2023-07-17 09:58:58,567 [cuckoo.core.plugins] DEBUG: Started auxiliary module: Replay\n", 
            "2023-07-17 09:58:58,572 [cuckoo.auxiliary.sniffer] INFO: Started sniffer with PID 51386 (interface=vboxnet0, host=192.168.56.101)\n", 
            "2023-07-17 09:58:58,572 [cuckoo.core.plugins] DEBUG: Started auxiliary module: Sniffer\n", 
            "2023-07-17 09:58:58,583 [cuckoo.machinery.virtualbox] DEBUG: Starting vm cuckoo1\n", 
            "2023-07-17 09:58:58,632 [cuckoo.machinery.virtualbox] DEBUG: Restoring virtual machine cuckoo1 to its current snapshot\n", 
            "2023-07-17 09:59:00,186 [cuckoo.core.guest] INFO: Starting analysis #66 on guest (id=cuckoo1, ip=192.168.56.101)\n", 
            "2023-07-17 09:59:01,188 [cuckoo.core.guest] DEBUG: cuckoo1: not ready yet\n", 
            "2023-07-17 09:59:02,190 [cuckoo.core.guest] DEBUG: cuckoo1: not ready yet\n", 
            "2023-07-17 09:59:03,193 [cuckoo.core.guest] DEBUG: cuckoo1: not ready yet\n", 
            "2023-07-17 09:59:03,250 [cuckoo.core.guest] DEBUG: cuckoo1: not ready yet\n", 
            "2023-07-17 09:59:04,264 [cuckoo.core.guest] INFO: Guest is running Cuckoo Agent 0.10 (id=cuckoo1, ip=192.168.56.101)\n", 
            "2023-07-17 09:59:04,279 [cuckoo.core.guest] DEBUG: Uploading analyzer to guest (id=cuckoo1, ip=192.168.56.101, monitor=latest, size=3884763)\n", 
            "2023-07-17 09:59:04,469 [cuckoo.core.resultserver] DEBUG: Task #66: live log analysis.log initialized.\n", 
            "2023-07-17 09:59:09,401 [cuckoo.core.guest] DEBUG: cuckoo1: analysis #66 still processing\n", 
            "2023-07-17 09:59:11,619 [cuckoo.core.resultserver] DEBUG: Task #66: File upload for 'shots/0001.jpg'\n", 
            "2023-07-17 09:59:11,627 [cuckoo.core.resultserver] DEBUG: Task #66 uploaded file length: 125020\n", 
            "2023-07-17 09:59:14,421 [cuckoo.core.guest] DEBUG: cuckoo1: analysis #66 still processing\n", 
            "2023-07-17 09:59:15,956 [cuckoo.core.resultserver] DEBUG: Task #66: File upload for 'shots/0002.jpg'\n", 
            "2023-07-17 09:59:15,963 [cuckoo.core.resultserver] DEBUG: Task #66 uploaded file length: 125822\n", 
            "2023-07-17 09:59:19,441 [cuckoo.core.guest] DEBUG: cuckoo1: analysis #66 still processing\n", 
            "2023-07-17 09:59:24,463 [cuckoo.core.guest] DEBUG: cuckoo1: analysis #66 still processing\n", 
            "2023-07-17 09:59:25,284 [cuckoo.core.resultserver] DEBUG: Task #66: File upload for 'shots/0003.jpg'\n", 
            "2023-07-17 09:59:25,287 [cuckoo.core.resultserver] DEBUG: Task #66 uploaded file length: 127107\n", 
            "2023-07-17 09:59:29,501 [cuckoo.core.guest] DEBUG: cuckoo1: analysis #66 still processing\n", 
            "2023-07-17 09:59:34,521 [cuckoo.core.guest] DEBUG: cuckoo1: analysis #66 still processing\n", 
            "2023-07-17 09:59:39,552 [cuckoo.core.guest] DEBUG: cuckoo1: analysis #66 still processing\n", 
            "2023-07-17 09:59:41,187 [cuckoo.core.resultserver] DEBUG: Task #66: File upload for 'shots/0004.jpg'\n", 
            "2023-07-17 09:59:41,191 [cuckoo.core.resultserver] DEBUG: Task #66 uploaded file length: 118312\n", 
            "2023-07-17 09:59:42,220 [cuckoo.core.resultserver] DEBUG: Task #66: File upload for 'shots/0005.jpg'\n", 
            "2023-07-17 09:59:42,225 [cuckoo.core.resultserver] DEBUG: Task #66 uploaded file length: 117483\n", 
            "2023-07-17 09:59:44,586 [cuckoo.core.guest] DEBUG: cuckoo1: analysis #66 still processing\n", 
            "2023-07-17 09:59:48,604 [cuckoo.core.resultserver] DEBUG: Task #66: File upload for 'shots/0006.jpg'\n", 
            "2023-07-17 09:59:48,608 [cuckoo.core.resultserver] DEBUG: Task #66 uploaded file length: 117896\n", 
            "2023-07-17 09:59:49,610 [cuckoo.core.guest] DEBUG: cuckoo1: analysis #66 still processing\n", 
            "2023-07-17 09:59:49,687 [cuckoo.core.resultserver] DEBUG: Task #66: File upload for 'shots/0007.jpg'\n", 
            "2023-07-17 09:59:49,724 [cuckoo.core.resultserver] DEBUG: Task #66 uploaded file length: 117444\n", 
            "2023-07-17 09:59:53,906 [cuckoo.core.resultserver] DEBUG: Task #66: File upload for 'shots/0008.jpg'\n", 
            "2023-07-17 09:59:53,910 [cuckoo.core.resultserver] DEBUG: Task #66 uploaded file length: 119449\n", 
            "2023-07-17 09:59:54,631 [cuckoo.core.guest] DEBUG: cuckoo1: analysis #66 still processing\n", 
            "2023-07-17 09:59:59,677 [cuckoo.core.guest] DEBUG: cuckoo1: analysis #66 still processing\n", 
            "2023-07-17 10:00:04,698 [cuckoo.core.guest] DEBUG: cuckoo1: analysis #66 still processing\n", 
            "2023-07-17 10:00:09,720 [cuckoo.core.guest] DEBUG: cuckoo1: analysis #66 still processing\n", 
            "2023-07-17 10:00:14,742 [cuckoo.core.guest] DEBUG: cuckoo1: analysis #66 still processing\n", 
            "2023-07-17 10:00:19,764 [cuckoo.core.guest] DEBUG: cuckoo1: analysis #66 still processing\n", 
            "2023-07-17 10:00:24,785 [cuckoo.core.guest] DEBUG: cuckoo1: analysis #66 still processing\n", 
            "2023-07-17 10:00:29,805 [cuckoo.core.guest] DEBUG: cuckoo1: analysis #66 still processing\n", 
            "2023-07-17 10:00:34,826 [cuckoo.core.guest] DEBUG: cuckoo1: analysis #66 still processing\n", 
            "2023-07-17 10:00:39,845 [cuckoo.core.guest] DEBUG: cuckoo1: analysis #66 still processing\n", 
            "2023-07-17 10:00:44,876 [cuckoo.core.guest] DEBUG: cuckoo1: analysis #66 still processing\n", 
            "2023-07-17 10:00:49,907 [cuckoo.core.guest] DEBUG: cuckoo1: analysis #66 still processing\n", 
            "2023-07-17 10:00:54,655 [cuckoo.core.resultserver] DEBUG: Task #66: File upload for 'shots/0009.jpg'\n", 
            "2023-07-17 10:00:54,673 [cuckoo.core.resultserver] DEBUG: Task #66 uploaded file length: 121683\n", 
            "2023-07-17 10:00:54,930 [cuckoo.core.guest] DEBUG: cuckoo1: analysis #66 still processing\n", 
            "2023-07-17 10:00:55,796 [cuckoo.core.resultserver] DEBUG: Task #66: File upload for 'shots/0010.jpg'\n", 
            "2023-07-17 10:00:55,800 [cuckoo.core.resultserver] DEBUG: Task #66 uploaded file length: 120989\n", 
            "2023-07-17 10:00:56,904 [cuckoo.core.resultserver] DEBUG: Task #66: File upload for 'shots/0011.jpg'\n", 
            "2023-07-17 10:00:56,908 [cuckoo.core.resultserver] DEBUG: Task #66 uploaded file length: 125842\n", 
            "2023-07-17 10:00:58,046 [cuckoo.core.resultserver] DEBUG: Task #66: File upload for 'shots/0012.jpg'\n", 
            "2023-07-17 10:00:58,049 [cuckoo.core.resultserver] DEBUG: Task #66 uploaded file length: 127903\n", 
            "2023-07-17 10:00:58,943 [cuckoo.core.guest] INFO: cuckoo1: analysis completed successfully\n", 
            "2023-07-17 10:00:58,947 [cuckoo.core.plugins] DEBUG: Stopped auxiliary module: Replay\n", 
            "2023-07-17 10:00:58,990 [cuckoo.core.plugins] DEBUG: Stopped auxiliary module: Sniffer\n", 
            "2023-07-17 10:00:58,990 [cuckoo.machinery.virtualbox] DEBUG: Stopping vm cuckoo1\n", 
            "2023-07-17 10:01:00,125 [cuckoo.core.resultserver] DEBUG: Stopped tracking machine 192.168.56.101 for task #66\n", 
            "2023-07-17 10:01:00,125 [cuckoo.core.resultserver] DEBUG: Cancel <Context for LOG> for task 66\n", 
            "2023-07-17 10:01:00,129 [cuckoo.core.scheduler] DEBUG: Released database task #66\n", 
            "2023-07-17 10:01:00,137 [cuckoo.core.plugins] DEBUG: Executed processing module \"AnalysisInfo\" for task #66\n", 
            "2023-07-17 10:01:00,138 [cuckoo.processing.behavior] WARNING: Analysis results folder does not contain any behavior log files.\n", 
            "2023-07-17 10:01:00,138 [cuckoo.core.plugins] DEBUG: Executed processing module \"BehaviorAnalysis\" for task #66\n", 
            "2023-07-17 10:01:00,138 [cuckoo.core.plugins] DEBUG: Executed processing module \"Dropped\" for task #66\n", 
            "2023-07-17 10:01:00,138 [cuckoo.core.plugins] DEBUG: Executed processing module \"DroppedBuffer\" for task #66\n", 
            "2023-07-17 10:01:00,139 [cuckoo.core.plugins] DEBUG: Executed processing module \"MetaInfo\" for task #66\n", 
            "2023-07-17 10:01:00,139 [cuckoo.core.plugins] DEBUG: Executed processing module \"ProcessMemory\" for task #66\n", 
            "2023-07-17 10:01:00,139 [cuckoo.core.plugins] DEBUG: Executed processing module \"Procmon\" for task #66\n", 
            "2023-07-17 10:01:00,323 [cuckoo.core.plugins] DEBUG: Executed processing module \"Screenshots\" for task #66\n", 
            "2023-07-17 10:01:00,324 [cuckoo.core.plugins] DEBUG: Executed processing module \"Static\" for task #66\n", 
            "2023-07-17 10:01:00,333 [cuckoo.core.plugins] DEBUG: Executed processing module \"Strings\" for task #66\n", 
            "2023-07-17 10:01:00,338 [cuckoo.core.plugins] DEBUG: Executed processing module \"TargetInfo\" for task #66\n", 
            "2023-07-17 10:01:00,363 [cuckoo.core.plugins] DEBUG: Executed processing module \"NetworkAnalysis\" for task #66\n", 
            "2023-07-17 10:01:00,363 [cuckoo.core.plugins] DEBUG: Executed processing module \"Extracted\" for task #66\n", 
            "2023-07-17 10:01:00,363 [cuckoo.core.plugins] DEBUG: Executed processing module \"TLSMasterSecrets\" for task #66\n", 
            "2023-07-17 10:01:00,364 [cuckoo.core.plugins] DEBUG: Executed processing module \"Debug\" for task #66\n", 
            "2023-07-"
        ]
    }, 
    "screenshots": [
        {
            "path": "/root/.cuckoo/storage/analyses/66/shots/0001.jpg", 
            "ocr": ""
        }, 
        {
            "path": "/root/.cuckoo/storage/analyses/66/shots/0002.jpg", 
            "ocr": ""
        }, 
        {
            "path": "/root/.cuckoo/storage/analyses/66/shots/0003.jpg", 
            "ocr": ""
        }, 
        {
            "path": "/root/.cuckoo/storage/analyses/66/shots/0004.jpg", 
            "ocr": ""
        }, 
        {
            "path": "/root/.cuckoo/storage/analyses/66/shots/0005.jpg", 
            "ocr": ""
        }, 
        {
            "path": "/root/.cuckoo/storage/analyses/66/shots/0006.jpg", 
            "ocr": ""
        }, 
        {
            "path": "/root/.cuckoo/storage/analyses/66/shots/0007.jpg", 
            "ocr": ""
        }, 
        {
            "path": "/root/.cuckoo/storage/analyses/66/shots/0008.jpg", 
            "ocr": ""
        }, 
        {
            "path": "/root/.cuckoo/storage/analyses/66/shots/0009.jpg", 
            "ocr": ""
        }, 
        {
            "path": "/root/.cuckoo/storage/analyses/66/shots/0010.jpg", 
            "ocr": ""
        }, 
        {
            "path": "/root/.cuckoo/storage/analyses/66/shots/0011.jpg", 
            "ocr": ""
        }, 
        {
            "path": "/root/.cuckoo/storage/analyses/66/shots/0012.jpg", 
            "ocr": ""
        }
    ], 
    "strings": [
        "NameTableTypeColumnValue_ValidationNPropertyId_SummaryInformationDescriptionSetCategoryKeyColumnMaxValueNullableKeyTableMinValueIdentifierName of tableName of columnY;NWhether the column is nullableYMinimum value allowedMaximum value allowedFor foreign key, Name of table to which data must linkColumn to which foreign key connectsText;Formatted;Template;Condition;Guid;Path;Version;Language;Identifier;Binary;UpperCase;LowerCase;Filename;Paths;AnyPath;WildCardFilename;RegPath;CustomSource;Property;Cabinet;Shortcut;FormattedSDDLText;Integer;DoubleInteger;TimeDate;DefaultDirString categoryTextSet of values that are permittedDescription of columnAdminExecuteSequenceActionName of action to invoke, either in the engine or the handler DLL.ConditionOptional expression which skips the action if evaluates to expFalse.If the expression syntax is invalid, the engine will terminate, returning iesBadActionData.SequenceNumber that determines the sort order in which the actions are to be executed.  Leave blank to suppress acti", 
        "browser_switcher_bho.dll", 
        "lbs_native_host.exe", 
        "manifest.json", 
        "z``1\u001fcW", 
        "Z_%j,Z", 
        "YW_lZX", 
        "XFKqbn", 
        "\u001fD!}/d", 
        "u]6[JK", 
        "EiQt1T", 
        "}y*g+:", 
        "2a6v?D", 
        "4ujs)/", 
        "8'Nmdb", 
        "rg/a7}", 
        "&j^T*M}J", 
        ")sU.:k", 
        "JH4lPgc", 
        "h,{-JR", 
        "xFW;1f]", 
        ">@/%c4w", 
        "9xKC$t", 
        "?}dt\\[", 
        "Xtr9qC", 
        "Yb&>5J-", 
        "X#GFYn", 
        "7g]6^ua", 
        "-ob>^?", 
        "s$B Ax.", 
        "hV\u001f7OL", 
        "rgh#lL", 
        "gz *yy", 
        "1 *VNF", 
        "o9UURT;", 
        "Ew&Mub", 
        "l1sId,", 
        ";b:{Kq", 
        "{G'rox", 
        "b7dw>m", 
        " 1 5R{P", 
        "JG5C&,", 
        "Nfd*=HcA", 
        "vU=\u001fT{", 
        "m&g91w>", 
        "AbUNl}cH", 
        " !)d1D/@", 
        ")p|yT+", 
        "/VYW+]", 
        "`XjsN+", 
        "b'o@`<", 
        "F`Q2gbhc", 
        "UJ3f*4", 
        "RJum,ak", 
        "y[5v95I", 
        ":hE0<-", 
        "i]`mEHGe", 
        "ZAMH9~V", 
        "\u001fObfMZ0", 
        "\u001f,^doi", 
        "_M-6]&", 
        "rgvz6H", 
        "dlF>NZ;", 
        "CX&FkN", 
        "hlkO7-", 
        "~)<oBo", 
        "* #7Z>Y", 
        "x2rOS?0", 
        "t6'q2d", 
        "ypt3\\r", 
        "C8:66qe", 
        ", &XQm", 
        "\"m1-^Z", 
        "ex08}j", 
        "0z07#i", 
        "Mp:Bxc", 
        "E:S*]f", 
        "?~<aG&X", 
        "f7*Z*S", 
        "|8 #sQ", 
        "btFLa g", 
        "HN&O&Ef", 
        "g}q\\x`A]", 
        "|<D{Rhew", 
        "+o+ujh", 
        "ccFR jB", 
        "/WoZ&L", 
        "5uZXDD", 
        "/px&drjE", 
        "|hVPTB", 
        "ea!P h", 
        "Y^&%mC", 
        "E)^U_m,w", 
        "P;dXGP", 
        "II!.I\\rNN!", 
        "$u:+XA", 
        "p7NYS`v", 
        "Pz5>j`", 
        "gnVF)DTd", 
        "|$w\u001fIEt", 
        "v9)k3>", 
        "|7c5\"3sr", 
        "B|Ftu;?q", 
        "`B8!N0", 
        "Kv*38Z", 
        "!*GnaW", 
        "fn@{\"m", 
        "l{J~gH", 
        "he:1\"?e_7(Y", 
        "{ZH.2H;", 
        "-T.p#8", 
        "oE#^?z", 
        "Z(F$GY", 
        "I}n6mSj", 
        "Z-`R_6-", 
        "<Q!`'Q", 
        "U.PuoW-", 
        "{Tx>F]", 
        "%j^@LN", 
        "&<D5Tr", 
        "@px<P_", 
        "xH\u001fJI@", 
        "9U\\kJjA", 
        "q:kjXi", 
        "R$2=[q\\\\", 
        "9c-~|Q", 
        "[%4\u001f,_", 
        "2sQ%umU", 
        "9ef( 3", 
        "$4j(Ua.", 
        "b6`>}(", 
        "\u001f==/PT", 
        "lh04lV", 
        "lVR^@'", 
        "3J[MU=", 
        ".0YaH@", 
        "p9qkNz", 
        "(Fz,^^", 
        "M1i4Ds;#", 
        "r0S\\&$", 
        "ygpBa4", 
        "t_ 7Os", 
        "&7n#?d", 
        "H\u001f1h_Z", 
        "PD-4oH", 
        "F<q/u/", 
        "1.~hBB", 
        "Edw58dgr*", 
        "z^ hXM", 
        "'<:Klo", 
        "A:QoDj", 
        "X87J,@", 
        "TX;SCp", 
        "MKxoIK", 
        "I_PVk{", 
        "Uts(SB", 
        "`;vWtP?", 
        "#5B)xr/", 
        "Is%'VZ", 
        "6;I,(e", 
        "cxx:Af", 
        "_d{q*N", 
        "\u001fpXzKe", 
        "@+]?7Qi", 
        "te08B_", 
        "oKJlW\u001f`", 
        "T$/pJ`\\\u001f", 
        "94GSs\"", 
        "^\u001f?I^9|I", 
        "wT0c,-", 
        "An+i/2", 
        "uu/p:_", 
        "x5\\:@zk3", 
        "ys4%_D", 
        "yDyM}7", 
        "S:{0\\I", 
        "$IG5*>s", 
        "oRfGgz", 
        "}#=t8x", 
        "a0WLEQ", 
        "_jCP,_", 
        "Z(Il{3_", 
        "AH@T:^", 
        "9=WZs,", 
        "_OB/=q< ", 
        "ZgE!a&", 
        ",9<C1T", 
        "dO<C3'", 
        "vPR0GA^", 
        "t$[b>3", 
        "y?Dd}.V^=", 
        "u9v?/v", 
        "bJ./5J", 
        "R&pG<.", 
        "Okba ;", 
        "ey[(8w", 
        "2HBl>f", 
        "iJS;FxL", 
        "z][Ic=", 
        "9\u001fxP's", 
        "X,7h])", 
        "lGy-lMI!a'", 
        "Cz}=(d", 
        "Y:Q3%m", 
        "t3x]\"`s6", 
        "\\$rq[*sy", 
        "cfcfyr", 
        "IP9j68]", 
        ")G{|Whb", 
        "W2RfY'", 
        "H\\.6HH", 
        "F)]`4.", 
        "_)Yh5l", 
        "}| Pku", 
        "wkW&!U", 
        "&R0_S&8", 
        "TOMjYI", 
        "|FPPQ#Fz", 
        "iG\"wy%", 
        "%uW[)o", 
        "h:jjRc", 
        "\"0r`}IT", 
        ";n;Z;[:fu", 
        "mm+I~&", 
        "&fI*59,", 
        "K#\\X~~K", 
        "^t3g^^", 
        ">61E!G9", 
        "x5%Pk>", 
        "eLB6F%", 
        "0oLRg3", 
        "KFJnxM()`", 
        "3CY8[>", 
        "[n7?b?", 
        "eI.JN-", 
        "gT@+&eX", 
        "@H\"kUT", 
        "a,18I;", 
        "=gQy /", 
        "yo0C6r=~T", 
        "=:a8gI", 
        "]>Tqj ", 
        ">SwoQC", 
        "5OXQK^", 
        "j\\ea,`", 
        "$E}SY$y", 
        ";rm?<(}", 
        "?~LnOzE3", 
        "FR@%*b", 
        "gEd3CpD", 
        "<R3\"7di", 
        "JpKw3~323Ab6s", 
        "P}ckc9", 
        "Ne\u001fG<\u001f", 
        "Q=:=J9rw", 
        "@1`;3e", 
        ">_X^%4i", 
        "B+%EJq)", 
        "'c'{'}", 
        "ivCsBz", 
        "E/,[K0mr", 
        "]~3aZEoK", 
        "[)t%z#", 
        "/\"5RwE", 
        "!)8FAu", 
        "Q?w{Jcc", 
        "E8|10F", 
        "59;9IlEN", 
        "N7W7OF", 
        "Mk:\\)P", 
        "/ARh\u001fS", 
        "y#,LQ/(", 
        "]%O\u001f;pc", 
        "dLnrlm", 
        "(`~QB>", 
        "zEiG\"{G", 
        "CZOS4~", 
        "M~K!NM", 
        "!)XJ/g[", 
        "nGda^3", 
        "uOk1u1ef", 
        "I}L*\\#", 
        "6aC6z)Zp3cD3X4", 
        "3sFDww", 
        "$7bL/m", 
        "&YBELq", 
        "TlH5) ", 
        "C}=Z8P", 
        "zj>:\\[", 
        "RI,]'C", 
        "T[%Inu", 
        "UrTqk]{", 
        "!|)jG?8)", 
        "eeEGAa", 
        "e[jag?", 
        "B{fu\"T", 
        "1qg I4{", 
        "b\u001f`Vrj:", 
        "~bGF;;", 
        "W\"4t=jh", 
        "y~i#6v2", 
        "13N5K`^}", 
        "HKE{E;", 
        "ij>'6zcdS", 
        "26\"Z==", 
        "'GG?;9", 
        "E+ue *$T", 
        "}eVo@j", 
        "m)5i&Vt", 
        "xMeE/uD_", 
        "}0Y4e}Ka", 
        "\\m&\u001faC", 
        "=t=\u001f+0", 
        "%$IA|Y@", 
        "p\"I7!|", 
        "1;]%jx", 
        "9MuNg|", 
        "j#=f.{", 
        ":s.g&>", 
        "^?AXFU", 
        "WiH8=M", 
        "uR7wO`", 
        "uwGlCw", 
        "'#F;Ct", 
        "Z1F't9j", 
        "2%!'&$", 
        "bGF,,F?", 
        "b\"VEBRzHF]", 
        "qU:-\" e", 
        ";+;+g)", 
        "QaXHN!!", 
        "$8``]>K", 
        ")('ha+", 
        "+.Me@=", 
        "kBY313", 
        ";L;N2Lc", 
        ":AS)t=", 
        "vrGrlQhZ", 
        "6n/&q^", 
        "9d.Y;u", 
        "anc%o\\X", 
        "FRAgb2z", 
        "s#O\"Gd\"$", 
        "^FzNFx", 
        "md+R1zc-", 
        "Vz !ZV", 
        "v8 ~l<", 
        "dS2vna`", 
        "7r=&Cu", 
        "0GR5A4", 
        "K`Vr{=", 
        "|9G*^C", 
        "h\u001f-BI,", 
        "0u\"1Pz", 
        "2mO #~", 
        "AH2PM]", 
        "FuP#W/", 
        ")UVG#%GL", 
        ")0G *,&?", 
        "D4^LB4", 
        "h$,/(l", 
        ";.JX1|pp", 
        "*m_8CPz[)", 
        "Z8>Hz2ED-", 
        "XY)~-`", 
        "^J{kH0Qw", 
        "\\x1bo!", 
        "ZD.56#NE", 
        ">jb v-(", 
        "XoK_g)", 
        "jZy=($", 
        "6j\\2}h|", 
        "fs\"_D{qm", 
        "j]X=<j", 
        "Z|IOq5)", 
        "5jZO=<j", 
        " A @Bi", 
        "X<:-/kA", 
        "\u001fTT&JGL", 
        "4ny)Bc", 
        "5$aLmX", 
        "dx~xD\u001f", 
        "$N7w>#", 
        "J{|gG4w", 
        "HVC'JWR", 
        "m6;[Mcb", 
        "vb&Sdi", 
        "$9x3!M", 
        "` C]%Q", 
        "<J`N76", 
        "exl&\\`", 
        "KbmFaE", 
        "#p=Gx|*&y8", 
        "22Cg\"&", 
        "qEROXN", 
        "S8{SD?", 
        "\"=@Yv^", 
        "J;K;L;", 
        "DxF{VXL", 
        "&DV(u\\", 
        "[aW3{ga", 
        "Z+j9)d=", 
        "O<TE{{<<?", 
        "]p%K;s", 
        "Li&)Co", 
        "iM*Z`6", 
        "ayk6e Z", 
        "T$U0wC?", 
        "e;-J),P", 
        "s*lYm)", 
        "{+TH9~", 
        ".`02K!\"}", 
        "/XLY7H", 
        "hKW*3Z", 
        "nT9Ph%m", 
        "s^gb(o", 
        "oGF6MLB$", 
        "vzQ^>t", 
        "AJ&Hl`", 
        "Liiyvy.N", 
        "CDD3JpU", 
        ">UZ-=S]", 
        "M-C:+pl", 
        "2<d5dz", 
        "35sK&0", 
        ">)}b9U", 
        "zBqW\"&E", 
        "bg$.Hf", 
        "}@}`9+eY", 
        "@M`Twf", 
        "FjVYc'", 
        "{Nn]KW@Y", 
        "hJRjiu", 
        "xN)xEW", 
        "3V.lTC", 
        "Pz%rY%", 
        "_l_4*:", 
        "_L_T_X\\e>*", 
        "1viy\u001fh8lj", 
        "qc`@5Q^", 
        "' @baw_", 
        ";fZpWL. ", 
        ",\\lME)", 
        "DigiCert Inc1", 
        "www.digicert.com1$0\"", 
        "DigiCert Assured ID Root CA0", 
        "061110000000Z", 
        "311110000000Z0e1", 
        "DigiCert Inc1", 
        "www.digicert.com1$0\"", 
        "DigiCert Assured ID Root CA0", 
        "DigiCert Inc1", 
        "www.digicert.com1$0\"", 
        "DigiCert Assured ID Root CA0", 
        "131022120000Z", 
        "281022120000Z0r1", 
        "DigiCert Inc1", 
        "www.digicert.com110/", 
        "(DigiCert SHA2 Assured ID Code Signing CA0", 
        "p1f3q>", 
        "http://ocsp.digicert.com0C", 
        "7http://cacerts.digicert.com/DigiCertAssuredIDRootCA.crt0", 
        "4http://crl4.digicert.com/DigiCertAssuredIDRootCA.crl0:", 
        "4http://crl3.digicert.com/DigiCertAssuredIDRootCA.crl0O", 
        "https://www.digicert.com/CPS0", 
        "DigiCert Inc1", 
        "www.digicert.com110/", 
        "(DigiCert SHA2 Assured ID Code Signing CA0", 
        "190531000000Z", 
        "200604120000Z0", 
        "California1", 
        "Mountain View1", 
        "Mozilla Corporation1", 
        "Release Engineering1", 
        "Mozilla Corporation1/0-", 
        " release+certificates@mozilla.com0", 
        "f:>]uZ=", 
        "/http://crl3.digicert.com/sha2-assured-cs-g1.crl05", 
        "/http://crl4.digicert.com/sha2-assured-cs-g1.crl0L", 
        "https://www.digicert.com/CPS0", 
        "http://ocsp.digicert.com0N", 
        "Bhttp://cacerts.digicert.com/DigiCertSHA2AssuredIDCodeSigningCA.crt0", 
        "CCS>'\u001f", 
        "Symantec Corporation100.", 
        "'Symantec Time Stamping Services CA - G20", 
        "121018000000Z", 
        "201229235959Z0b1", 
        "Symantec Corporation1402", 
        "+Symantec Time Stamping Services Signer - G40", 
        "http://ts-ocsp.ws.symantec.com07", 
        "+http://ts-aia.ws.symantec.com/tss-ca-g2.cer0<", 
        "+http://ts-crl.ws.symantec.com/tss-ca-g2.crl0(", 
        "TimeStamp-2048-20", 
        "Western Cape1", 
        "Durbanville1", 
        "Thawte1", 
        "Thawte Certification1\u001f0", 
        "Thawte Timestamping CA0", 
        "121221000000Z", 
        "201230235959Z0^1", 
        "Symantec Corporation100.", 
        "'Symantec Time Stamping Services CA - G20", 
        "http://ocsp.thawte.com0", 
        ".http://crl.thawte.com/ThawteTimestampingCA.crl0", 
        "TimeStamp-2048-10", 
        "DigiCert Inc1", 
        "www.digicert.com110/", 
        "(DigiCert SHA2 Assured ID Code Signing CA", 
        "190717234755Z0", 
        "https://www.mozilla.com0", 
        "Symantec Corporation100.", 
        "'Symantec Time Stamping Services CA - G2", 
        "190717234805Z0#", 
        "Installation Database", 
        "Allows for automated browser switching based on policy configuration.", 
        "Mozilla", 
        "Installer", 
        "This installer database contains the logic and data required to install Mozilla Legacy Browser Support.", 
        "Intel;1033", 
        "{FD548390-9CC5-4C6E-AAC2-D75F49F4BC41}", 
        "Windows Installer XML Toolset (3.11.1.2318)", 
        "ExE(;2D", 
        "@H??wElDj;", 
        "@H??wElDj>", 
        ";;B&F7B", 
        "B4FhD&B", 
        "?dA/B6H", 
        "DrDhD7H", 
        ";;B&F7B", 
        "B4FhD&B", 
        "E(?(E8B", 
        "ArD>DrG", 
        "\"\"\")))***++++++11199999IINNNNNNNN]]bbbbbbbbppuuuvvvwwwwww", 
        "#%'#%'#%'+-03%61EG#", 
        "<?BIKNPR", 
        "UW03^`b`ehjl3'", 
        "r#%'#%'xz|~", 
        "\")*+19IN]bpuvw", 
        "\"\"\")))***++++++11199999IINNNNNNNN]]bbbbbbbbppuuuvvvwwwwww", 
        "#%'#%'#%'%+-0361EG", 
        "#<?BIK", 
        "03NPRUW^`'3`behjl", 
        "r#%'#%'<xz|~", 
        "l.\u001f\u001f@Y", 
        "$&($&($&(5,/248DFH;:>ACJMTZ\\OQSVX_aondcgikmqt$&($&(", 
        "Root Entry", 
        "SummaryInformation", 
        "DigitalSignature"
    ], 
    "metadata": {
        "output": {
            "pcap": {
                "basename": "dump.pcap", 
                "sha256": "a4d64fcd6b6869d96df8317c4eaa0d7927ce83820ebcd96945a567655329f45e", 
                "dirname": ""
            }
        }
    }
}