{"started_on": {"$dt": "2023-07-17T10:11:12.824344"}, "duration": 43, "sample_id": 45, "owner": null, "id": 69, "category": "file", "priority": 2, "guest": {"status": "stopped", "name": "cuckoo1", "label": "cuckoo1", "manager": "VirtualBox", "started_on": "2023-07-17 10:11:12", "shutdown_on": "2023-07-17 10:11:56"}, "clock": {"$dt": "2023-07-17T10:11:12.750723"}, "custom": null, "machine": null, "platform": "windows", "memory": false, "status": "completed", "tags": [], "processing": null, "enforce_timeout": false, "completed_on": {"$dt": "2023-07-17T10:11:56.185141"}, "target": "/tmp/cuckoo-tmp-root/tmpm_aWpT/SteamSetup.exe", "package": "exe", "route": "none", "timeout": 120, "submit_id": 71, "options": {"procmemdump": "yes", "route": "none"}, "added_on": {"$dt": "2023-07-17T10:11:12.750732"}}