{"started_on": {"$dt": "2023-07-14T15:54:51.166292"}, "duration": 22, "sample_id": 9, "owner": null, "id": 26, "category": "file", "priority": 2, "guest": {"status": "stopped", "name": "cuckoo1", "label": "cuckoo1", "manager": "VirtualBox", "started_on": "2023-07-14 15:54:51", "shutdown_on": "2023-07-14 15:55:13"}, "clock": {"$dt": "2023-07-14T15:54:50.213077"}, "custom": null, "machine": null, "platform": "windows", "memory": false, "status": "completed", "tags": [], "processing": null, "enforce_timeout": false, "completed_on": {"$dt": "2023-07-14T15:55:13.255493"}, "target": "/tmp/cuckoo-tmp-root/tmpgsLzFt/cryptowall.bin", "package": "exe", "route": "none", "timeout": 120, "submit_id": 28, "options": {"network-routing": "none", "procmemdump": "yes", "route": "none"}, "added_on": {"$dt": "2023-07-14T15:54:50.213088"}}