{"path": "shots/0001.jpg", "pids": [], "filepath": null}
{"path": "shots/0002.jpg", "pids": [], "filepath": null}
{"path": "shots/0003.jpg", "pids": [], "filepath": null}
{"path": "shots/0004.jpg", "pids": [], "filepath": null}
{"path": "shots/0005.jpg", "pids": [], "filepath": null}
{"path": "shots/0006.jpg", "pids": [], "filepath": null}
{"path": "shots/0007.jpg", "pids": [], "filepath": null}
{"path": "shots/0008.jpg", "pids": [], "filepath": null}
{"path": "shots/0009.jpg", "pids": [], "filepath": null}
{"path": "shots/0010.jpg", "pids": [], "filepath": null}
{"path": "shots/0011.jpg", "pids": [], "filepath": null}
