{"started_on": {"$dt": "2023-07-14T15:38:04.752921"}, "duration": 187, "sample_id": 8, "owner": null, "id": 22, "category": "file", "priority": 2, "guest": {"status": "stopped", "name": "cuckoo1", "label": "cuckoo1", "manager": "VirtualBox", "started_on": "2023-07-14 15:38:04", "shutdown_on": "2023-07-14 15:41:12"}, "clock": {"$dt": "2023-07-14T15:38:04.315125"}, "custom": null, "machine": null, "platform": "windows", "memory": false, "status": "completed", "tags": [], "processing": null, "enforce_timeout": false, "completed_on": {"$dt": "2023-07-14T15:41:12.076877"}, "target": "/tmp/cuckoo-tmp-root/tmpnrqNcR/cerber.exe", "package": "exe", "route": "none", "timeout": 120, "submit_id": 24, "options": {"procmemdump": "yes", "route": "none"}, "added_on": {"$dt": "2023-07-14T15:38:04.315134"}}