{"started_on": {"$dt": "2023-07-14T16:11:52.406149"}, "duration": 188, "sample_id": 14, "owner": null, "id": 32, "category": "file", "priority": 2, "guest": {"status": "stopped", "name": "cuckoo1", "label": "cuckoo1", "manager": "VirtualBox", "started_on": "2023-07-14 16:11:52", "shutdown_on": "2023-07-14 16:15:00"}, "clock": {"$dt": "2023-07-14T16:11:51.429538"}, "custom": null, "machine": null, "platform": "windows", "memory": false, "status": "completed", "tags": [], "processing": null, "enforce_timeout": false, "completed_on": {"$dt": "2023-07-14T16:15:00.445945"}, "target": "/tmp/cuckoo-tmp-root/tmpmH5cO1/Locky", "package": "exe", "route": "none", "timeout": 120, "submit_id": 34, "options": {"procmemdump": "yes", "route": "none"}, "added_on": {"$dt": "2023-07-14T16:11:51.429547"}}