{"started_on": {"$dt": "2023-07-18T13:37:29.001523"}, "duration": 51, "sample_id": 73, "owner": null, "id": 134, "category": "file", "priority": 2, "guest": {"status": "stopped", "name": "cuckoo1", "label": "cuckoo1", "manager": "VirtualBox", "started_on": "2023-07-18 13:37:29", "shutdown_on": "2023-07-18 13:38:20"}, "clock": {"$dt": "2023-07-18T13:37:28.468493"}, "custom": null, "machine": null, "platform": "windows", "memory": false, "status": "completed", "tags": [], "processing": null, "enforce_timeout": false, "completed_on": {"$dt": "2023-07-18T13:38:20.438842"}, "target": "/tmp/cuckoo-tmp-root/tmp1Z1tzk/Trojan.Ransom.Chimera", "package": "exe", "route": "none", "timeout": 120, "submit_id": 137, "options": {"procmemdump": "yes", "route": "none"}, "added_on": {"$dt": "2023-07-18T13:37:28.468504"}}