{
    "info": {
        "added": 1689351929.737728, 
        "started": 1689351930.24444, 
        "duration": 188, 
        "ended": 1689352119.243346, 
        "owner": null, 
        "score": 0.8, 
        "id": 38, 
        "category": "file", 
        "git": {
            "head": "13cbe0d9e457be3673304533043e992ead1ea9b2", 
            "fetch_head": "13cbe0d9e457be3673304533043e992ead1ea9b2"
        }, 
        "monitor": "2deb9ccd75d5a7a3fe05b2625b03a8639d6ee36b", 
        "package": "exe", 
        "route": "none", 
        "custom": null, 
        "machine": {
            "status": "stopped", 
            "name": "cuckoo1", 
            "label": "cuckoo1", 
            "manager": "VirtualBox", 
            "started_on": "2023-07-14 16:25:30", 
            "shutdown_on": "2023-07-14 16:28:39"
        }, 
        "platform": "windows", 
        "version": "2.0.7", 
        "options": "procmemdump=yes,route=none"
    }, 
    "signatures": [
        {
            "families": [], 
            "description": "The binary likely contains encrypted or compressed data indicative of a packer", 
            "severity": 2, 
            "ttp": {
                "T1045": {
                    "short": "Software Packing", 
                    "long": "Software packing is a method of compressing or encrypting an executable. Packing an executable changes the file signature in an attempt to avoid signature-based detection. Most decompression techniques decompress the executable code in memory."
                }
            }, 
            "markcount": 3, 
            "references": [
                "http://www.forensickb.com/2013/03/file-entropy-explained.html", 
                "http://virii.es/U/Using%20Entropy%20Analysis%20to%20Find%20Encrypted%20and%20Packed%20Malware.pdf"
            ], 
            "marks": [
                {
                    "entropy": 7.936398179841906, 
                    "section": {
                        "size_of_data": "0x00055e00", 
                        "virtual_address": "0x0015d000", 
                        "entropy": 7.936398179841906, 
                        "name": "UPX1", 
                        "virtual_size": "0x00056000"
                    }, 
                    "type": "generic", 
                    "description": "A section with a high entropy has been found"
                }, 
                {
                    "entropy": 7.9837282959678095, 
                    "section": {
                        "size_of_data": "0x000da400", 
                        "virtual_address": "0x001b3000", 
                        "entropy": 7.9837282959678095, 
                        "name": ".rsrc", 
                        "virtual_size": "0x000db000"
                    }, 
                    "type": "generic", 
                    "description": "A section with a high entropy has been found"
                }, 
                {
                    "entropy": 1.0, 
                    "type": "generic", 
                    "description": "Overall entropy of this PE file is high"
                }
            ], 
            "name": "packer_entropy"
        }, 
        {
            "families": [], 
            "description": "The executable is compressed using UPX", 
            "severity": 2, 
            "ttp": {
                "T1045": {
                    "short": "Software Packing", 
                    "long": "Software packing is a method of compressing or encrypting an executable. Packing an executable changes the file signature in an attempt to avoid signature-based detection. Most decompression techniques decompress the executable code in memory."
                }
            }, 
            "markcount": 2, 
            "references": [], 
            "marks": [
                {
                    "section": "UPX0", 
                    "type": "generic", 
                    "description": "Section name indicates UPX"
                }, 
                {
                    "section": "UPX1", 
                    "type": "generic", 
                    "description": "Section name indicates UPX"
                }
            ], 
            "name": "packer_upx"
        }
    ], 
    "target": {
        "category": "file", 
        "file": {
            "yara": [], 
            "sha1": "d47f6f7e553c4bc44a2fe88c2054de901390b2d7", 
            "name": "1001a8c7f33185217e6e1bdbb8dba9780d475da944684fb4bf1fc04809525887", 
            "type": "PE32 executable (GUI) Intel 80386, for MS Windows, UPX compressed", 
            "sha256": "1001a8c7f33185217e6e1bdbb8dba9780d475da944684fb4bf1fc04809525887", 
            "urls": [], 
            "crc32": "5200F1DC", 
            "path": "/root/.cuckoo/storage/binaries/1001a8c7f33185217e6e1bdbb8dba9780d475da944684fb4bf1fc04809525887", 
            "ssdeep": null, 
            "size": 1246725, 
            "sha512": "cac10c675d81630eefca49b2ac4cc83f3eb29115ee28a560db4d6c33f70bf24980e48bb48ce20375349736e3e6b23a1ca504b9367917328853fffc5539626bbc", 
            "md5": "e0340f456f76993fc047bc715dfdae6a"
        }
    }, 
    "network": {
        "tls": [], 
        "udp": [
            {
                "src": "192.168.56.101", 
                "dst": "192.168.56.255", 
                "offset": 8086, 
                "time": 7.672903060913086, 
                "dport": 137, 
                "sport": 137
            }, 
            {
                "src": "192.168.56.101", 
                "dst": "224.0.0.252", 
                "offset": 21730, 
                "time": 18.316510915756226, 
                "dport": 5355, 
                "sport": 50322
            }, 
            {
                "src": "192.168.56.101", 
                "dst": "224.0.0.252", 
                "offset": 22058, 
                "time": 7.857110977172852, 
                "dport": 5355, 
                "sport": 52573
            }, 
            {
                "src": "192.168.56.101", 
                "dst": "224.0.0.252", 
                "offset": 22386, 
                "time": 10.433611869812012, 
                "dport": 5355, 
                "sport": 54060
            }, 
            {
                "src": "192.168.56.101", 
                "dst": "224.0.0.252", 
                "offset": 22714, 
                "time": 20.943383932113647, 
                "dport": 5355, 
                "sport": 55998
            }, 
            {
                "src": "192.168.56.101", 
                "dst": "224.0.0.252", 
                "offset": 23042, 
                "time": 4.775861024856567, 
                "dport": 5355, 
                "sport": 57689
            }, 
            {
                "src": "192.168.56.101", 
                "dst": "224.0.0.252", 
                "offset": 23370, 
                "time": 13.045106887817383, 
                "dport": 5355, 
                "sport": 60020
            }, 
            {
                "src": "192.168.56.101", 
                "dst": "224.0.0.252", 
                "offset": 23730, 
                "time": 4.522892951965332, 
                "dport": 5355, 
                "sport": 60637
            }, 
            {
                "src": "192.168.56.101", 
                "dst": "224.0.0.252", 
                "offset": 24090, 
                "time": 27.23740005493164, 
                "dport": 5355, 
                "sport": 61309
            }, 
            {
                "src": "192.168.56.101", 
                "dst": "224.0.0.252", 
                "offset": 24418, 
                "time": 15.685267925262451, 
                "dport": 5355, 
                "sport": 61672
            }, 
            {
                "src": "192.168.56.101", 
                "dst": "224.0.0.252", 
                "offset": 24746, 
                "time": 9.754305839538574, 
                "dport": 5355, 
                "sport": 62669
            }, 
            {
                "src": "192.168.56.101", 
                "dst": "224.0.0.252", 
                "offset": 25106, 
                "time": 5.549980878829956, 
                "dport": 5355, 
                "sport": 63033
            }, 
            {
                "src": "192.168.56.101", 
                "dst": "224.0.0.252", 
                "offset": 25466, 
                "time": 7.950455904006958, 
                "dport": 5355, 
                "sport": 63210
            }, 
            {
                "src": "192.168.56.101", 
                "dst": "224.0.0.252", 
                "offset": 25826, 
                "time": 13.091739892959595, 
                "dport": 5355, 
                "sport": 63635
            }, 
            {
                "src": "192.168.56.101", 
                "dst": "224.0.0.252", 
                "offset": 26154, 
                "time": 7.623749017715454, 
                "dport": 5355, 
                "sport": 63880
            }, 
            {
                "src": "192.168.56.101", 
                "dst": "255.255.255.255", 
                "offset": 26514, 
                "time": 9.110159873962402, 
                "dport": 67, 
                "sport": 68
            }
        ], 
        "dns_servers": [], 
        "http": [], 
        "icmp": [], 
        "smtp": [], 
        "tcp": [], 
        "smtp_ex": [], 
        "mitm": [], 
        "hosts": [], 
        "pcap_sha256": "6d354cb18a56fc98a46292c125f8c1422650e625e370cc7b15cbead78dbcded7", 
        "dns": [], 
        "http_ex": [], 
        "domains": [], 
        "dead_hosts": [], 
        "sorted_pcap_sha256": "384b7da9466d8be065952b5b296137cb8648c4502d1b710ce8af2e769e2113e6", 
        "irc": [], 
        "https_ex": []
    }, 
    "static": {
        "pdb_path": null, 
        "pe_imports": [
            {
                "imports": [
                    {
                        "name": "LoadLibraryA", 
                        "address": "0x68d13c"
                    }, 
                    {
                        "name": "GetProcAddress", 
                        "address": "0x68d140"
                    }, 
                    {
                        "name": "VirtualProtect", 
                        "address": "0x68d144"
                    }, 
                    {
                        "name": "VirtualAlloc", 
                        "address": "0x68d148"
                    }, 
                    {
                        "name": "VirtualFree", 
                        "address": "0x68d14c"
                    }, 
                    {
                        "name": "ExitProcess", 
                        "address": "0x68d150"
                    }
                ], 
                "dll": "KERNEL32.DLL"
            }, 
            {
                "imports": [
                    {
                        "name": "GetAce", 
                        "address": "0x68d158"
                    }
                ], 
                "dll": "ADVAPI32.dll"
            }, 
            {
                "imports": [
                    {
                        "name": "ImageList_Remove", 
                        "address": "0x68d160"
                    }
                ], 
                "dll": "COMCTL32.dll"
            }, 
            {
                "imports": [
                    {
                        "name": "GetOpenFileNameW", 
                        "address": "0x68d168"
                    }
                ], 
                "dll": "COMDLG32.dll"
            }, 
            {
                "imports": [
                    {
                        "name": "LineTo", 
                        "address": "0x68d170"
                    }
                ], 
                "dll": "GDI32.dll"
            }, 
            {
                "imports": [
                    {
                        "name": "IcmpSendEcho", 
                        "address": "0x68d178"
                    }
                ], 
                "dll": "IPHLPAPI.DLL"
            }, 
            {
                "imports": [
                    {
                        "name": "WNetUseConnectionW", 
                        "address": "0x68d180"
                    }
                ], 
                "dll": "MPR.dll"
            }, 
            {
                "imports": [
                    {
                        "name": "CoGetObject", 
                        "address": "0x68d188"
                    }
                ], 
                "dll": "ole32.dll"
            }, 
            {
                "imports": [
                    {
                        "name": "VariantInit", 
                        "address": "0x68d190"
                    }
                ], 
                "dll": "OLEAUT32.dll"
            }, 
            {
                "imports": [
                    {
                        "name": "GetProcessMemoryInfo", 
                        "address": "0x68d198"
                    }
                ], 
                "dll": "PSAPI.DLL"
            }, 
            {
                "imports": [
                    {
                        "name": "DragFinish", 
                        "address": "0x68d1a0"
                    }
                ], 
                "dll": "SHELL32.dll"
            }, 
            {
                "imports": [
                    {
                        "name": "GetDC", 
                        "address": "0x68d1a8"
                    }
                ], 
                "dll": "USER32.dll"
            }, 
            {
                "imports": [
                    {
                        "name": "LoadUserProfileW", 
                        "address": "0x68d1b0"
                    }
                ], 
                "dll": "USERENV.dll"
            }, 
            {
                "imports": [
                    {
                        "name": "IsThemeActive", 
                        "address": "0x68d1b8"
                    }
                ], 
                "dll": "UxTheme.dll"
            }, 
            {
                "imports": [
                    {
                        "name": "VerQueryValueW", 
                        "address": "0x68d1c0"
                    }
                ], 
                "dll": "VERSION.dll"
            }, 
            {
                "imports": [
                    {
                        "name": "FtpOpenFileW", 
                        "address": "0x68d1c8"
                    }
                ], 
                "dll": "WININET.dll"
            }, 
            {
                "imports": [
                    {
                        "name": "timeGetTime", 
                        "address": "0x68d1d0"
                    }
                ], 
                "dll": "WINMM.dll"
            }, 
            {
                "imports": [
                    {
                        "name": "connect", 
                        "address": "0x68d1d8"
                    }
                ], 
                "dll": "WSOCK32.dll"
            }
        ], 
        "peid_signatures": null, 
        "keys": [], 
        "signature": [], 
        "pe_timestamp": "2017-09-17 00:13:14", 
        "pe_exports": [], 
        "imported_dll_count": 18, 
        "pe_imphash": "fc6683d30d9f25244a50fd5357825e79", 
        "pe_resources": [
            {
                "name": "RT_ICON", 
                "language": "LANG_ENGLISH", 
                "filetype": "Device independent bitmap graphic, 16 x 32 x 32, image size 0", 
                "sublanguage": "SUBLANG_ENGLISH_UK", 
                "offset": "0x001b8d04", 
                "size": "0x00000468"
            }, 
            {
                "name": "RT_ICON", 
                "language": "LANG_ENGLISH", 
                "filetype": "Device independent bitmap graphic, 16 x 32 x 32, image size 0", 
                "sublanguage": "SUBLANG_ENGLISH_UK", 
                "offset": "0x001b8d04", 
                "size": "0x00000468"
            }, 
            {
                "name": "RT_ICON", 
                "language": "LANG_ENGLISH", 
                "filetype": "Device independent bitmap graphic, 16 x 32 x 32, image size 0", 
                "sublanguage": "SUBLANG_ENGLISH_UK", 
                "offset": "0x001b8d04", 
                "size": "0x00000468"
            }, 
            {
                "name": "RT_ICON", 
                "language": "LANG_ENGLISH", 
                "filetype": "Device independent bitmap graphic, 16 x 32 x 32, image size 0", 
                "sublanguage": "SUBLANG_ENGLISH_UK", 
                "offset": "0x001b8d04", 
                "size": "0x00000468"
            }, 
            {
                "name": "RT_ICON", 
                "language": "LANG_ENGLISH", 
                "filetype": "Device independent bitmap graphic, 16 x 32 x 32, image size 0", 
                "sublanguage": "SUBLANG_ENGLISH_UK", 
                "offset": "0x001b8d04", 
                "size": "0x00000468"
            }, 
            {
                "name": "RT_ICON", 
                "language": "LANG_ENGLISH", 
                "filetype": "Device independent bitmap graphic, 16 x 32 x 32, image size 0", 
                "sublanguage": "SUBLANG_ENGLISH_UK", 
                "offset": "0x001b8d04", 
                "size": "0x00000468"
            }, 
            {
                "name": "RT_ICON", 
                "language": "LANG_ENGLISH", 
                "filetype": "Device independent bitmap graphic, 16 x 32 x 32, image size 0", 
                "sublanguage": "SUBLANG_ENGLISH_UK", 
                "offset": "0x001b8d04", 
                "size": "0x00000468"
            }, 
            {
                "name": "RT_ICON", 
                "language": "LANG_ENGLISH", 
                "filetype": "Device independent bitmap graphic, 16 x 32 x 32, image size 0", 
                "sublanguage": "SUBLANG_ENGLISH_UK", 
                "offset": "0x001b8d04", 
                "size": "0x00000468"
            }, 
            {
                "name": "RT_ICON", 
                "language": "LANG_ENGLISH", 
                "filetype": "Device independent bitmap graphic, 16 x 32 x 32, image size 0", 
                "sublanguage": "SUBLANG_ENGLISH_UK", 
                "offset": "0x001b8d04", 
                "size": "0x00000468"
            }, 
            {
                "name": "RT_STRING", 
                "language": "LANG_ENGLISH", 
                "filetype": "empty", 
                "sublanguage": "SUBLANG_ENGLISH_UK", 
                "offset": "0x000cf2b8", 
                "size": "0x00000158"
            }, 
            {
                "name": "RT_STRING", 
                "language": "LANG_ENGLISH", 
                "filetype": "empty", 
                "sublanguage": "SUBLANG_ENGLISH_UK", 
                "offset": "0x000cf2b8", 
                "size": "0x00000158"
            }, 
            {
                "name": "RT_STRING", 
                "language": "LANG_ENGLISH", 
                "filetype": "empty", 
                "sublanguage": "SUBLANG_ENGLISH_UK", 
                "offset": "0x000cf2b8", 
                "size": "0x00000158"
            }, 
            {
                "name": "RT_STRING", 
                "language": "LANG_ENGLISH", 
                "filetype": "empty", 
                "sublanguage": "SUBLANG_ENGLISH_UK", 
                "offset": "0x000cf2b8", 
                "size": "0x00000158"
            }, 
            {
                "name": "RT_STRING", 
                "language": "LANG_ENGLISH", 
                "filetype": "empty", 
                "sublanguage": "SUBLANG_ENGLISH_UK", 
                "offset": "0x000cf2b8", 
                "size": "0x00000158"
            }, 
            {
                "name": "RT_STRING", 
                "language": "LANG_ENGLISH", 
                "filetype": "empty", 
                "sublanguage": "SUBLANG_ENGLISH_UK", 
                "offset": "0x000cf2b8", 
                "size": "0x00000158"
            }, 
            {
                "name": "RT_STRING", 
                "language": "LANG_ENGLISH", 
                "filetype": "empty", 
                "sublanguage": "SUBLANG_ENGLISH_UK", 
                "offset": "0x000cf2b8", 
                "size": "0x00000158"
            }, 
            {
                "name": "RT_RCDATA", 
                "language": "LANG_NEUTRAL", 
                "filetype": "data", 
                "sublanguage": "SUBLANG_NEUTRAL", 
                "offset": "0x001b9170", 
                "size": "0x000d37ec"
            }, 
            {
                "name": "RT_GROUP_ICON", 
                "language": "LANG_ENGLISH", 
                "filetype": "data", 
                "sublanguage": "SUBLANG_ENGLISH_UK", 
                "offset": "0x0028c9dc", 
                "size": "0x00000014"
            }, 
            {
                "name": "RT_GROUP_ICON", 
                "language": "LANG_ENGLISH", 
                "filetype": "data", 
                "sublanguage": "SUBLANG_ENGLISH_UK", 
                "offset": "0x0028c9dc", 
                "size": "0x00000014"
            }, 
            {
                "name": "RT_VERSION", 
                "language": "LANG_ENGLISH", 
                "filetype": "data", 
                "sublanguage": "SUBLANG_ENGLISH_US", 
                "offset": "0x0028c9f4", 
                "size": "0x000001cc"
            }, 
            {
                "name": "RT_MANIFEST", 
                "language": "LANG_ENGLISH", 
                "filetype": "ASCII text, with CRLF line terminators", 
                "sublanguage": "SUBLANG_ENGLISH_UK", 
                "offset": "0x0028cbc4", 
                "size": "0x000003fa"
            }
        ], 
        "pe_versioninfo": [
            {
                "name": "LegalCopyright", 
                "value": "None"
            }, 
            {
                "name": "ProductVersion", 
                "value": "3.3.14.2"
            }, 
            {
                "name": "FileVersion", 
                "value": "1.0.0.0"
            }, 
            {
                "name": "Comments", 
                "value": "None"
            }, 
            {
                "name": "FileDescription", 
                "value": "None"
            }, 
            {
                "name": "Translation", 
                "value": "0x0409 0x04b0"
            }
        ], 
        "pe_sections": [
            {
                "size_of_data": "0x00000000", 
                "virtual_address": "0x00001000", 
                "entropy": 0.0, 
                "name": "UPX0", 
                "virtual_size": "0x0015c000"
            }, 
            {
                "size_of_data": "0x00055e00", 
                "virtual_address": "0x0015d000", 
                "entropy": 7.936398179841906, 
                "name": "UPX1", 
                "virtual_size": "0x00056000"
            }, 
            {
                "size_of_data": "0x000da400", 
                "virtual_address": "0x001b3000", 
                "entropy": 7.9837282959678095, 
                "name": ".rsrc", 
                "virtual_size": "0x000db000"
            }
        ]
    }, 
    "debug": {
        "action": [], 
        "dbgview": [], 
        "errors": [], 
        "log": [
            "2023-07-14 16:25:29,046 [analyzer] DEBUG: Starting analyzer from: C:\\tmpbhv_ec\n", 
            "2023-07-14 16:25:29,046 [analyzer] DEBUG: Pipe server name: \\??\\PIPE\\OOmyMvdISmcOYnjOBxoINvmHdrz\n", 
            "2023-07-14 16:25:29,046 [analyzer] DEBUG: Log pipe server name: \\??\\PIPE\\WueRqphQzecnVAaZgMzQlkkKqDvzA\n", 
            "2023-07-14 16:25:29,187 [analyzer] DEBUG: Started auxiliary module DbgView\n", 
            "2023-07-14 16:25:29,640 [analyzer] DEBUG: Started auxiliary module Disguise\n", 
            "2023-07-14 16:25:32,217 [analyzer] DEBUG: Started auxiliary module DumpTLSMasterSecrets\n", 
            "2023-07-14 16:25:32,265 [analyzer] DEBUG: Started auxiliary module Human\n", 
            "2023-07-14 16:25:32,265 [analyzer] DEBUG: Started auxiliary module InstallCertificate\n", 
            "2023-07-14 16:25:32,265 [analyzer] DEBUG: Started auxiliary module Reboot\n", 
            "2023-07-14 16:25:32,328 [analyzer] DEBUG: Started auxiliary module RecentFiles\n", 
            "2023-07-14 16:25:32,437 [analyzer] DEBUG: Started auxiliary module Screenshots\n", 
            "2023-07-14 16:25:32,437 [analyzer] DEBUG: Started auxiliary module LoadZer0m0n\n"
        ], 
        "cuckoo": [
            "2023-07-14 16:25:30,281 [cuckoo.core.scheduler] INFO: Task #38: acquired machine cuckoo1 (label=cuckoo1)\n", 
            "2023-07-14 16:25:30,281 [cuckoo.core.resultserver] DEBUG: Now tracking machine 192.168.56.101 for task #38\n", 
            "2023-07-14 16:25:30,282 [cuckoo.core.plugins] DEBUG: Started auxiliary module: Replay\n", 
            "2023-07-14 16:25:30,286 [cuckoo.auxiliary.sniffer] INFO: Started sniffer with PID 21408 (interface=vboxnet0, host=192.168.56.101)\n", 
            "2023-07-14 16:25:30,286 [cuckoo.core.plugins] DEBUG: Started auxiliary module: Sniffer\n", 
            "2023-07-14 16:25:30,299 [cuckoo.machinery.virtualbox] DEBUG: Starting vm cuckoo1\n", 
            "2023-07-14 16:25:30,351 [cuckoo.machinery.virtualbox] DEBUG: Restoring virtual machine cuckoo1 to its current snapshot\n", 
            "2023-07-14 16:25:31,929 [cuckoo.core.guest] INFO: Starting analysis #38 on guest (id=cuckoo1, ip=192.168.56.101)\n", 
            "2023-07-14 16:25:32,932 [cuckoo.core.guest] DEBUG: cuckoo1: not ready yet\n", 
            "2023-07-14 16:25:33,934 [cuckoo.core.guest] DEBUG: cuckoo1: not ready yet\n", 
            "2023-07-14 16:25:34,938 [cuckoo.core.guest] DEBUG: cuckoo1: not ready yet\n", 
            "2023-07-14 16:25:35,942 [cuckoo.core.guest] DEBUG: cuckoo1: not ready yet\n", 
            "2023-07-14 16:25:35,960 [cuckoo.core.guest] INFO: Guest is running Cuckoo Agent 0.10 (id=cuckoo1, ip=192.168.56.101)\n", 
            "2023-07-14 16:25:35,977 [cuckoo.core.guest] DEBUG: Uploading analyzer to guest (id=cuckoo1, ip=192.168.56.101, monitor=latest, size=3884763)\n", 
            "2023-07-14 16:25:36,187 [cuckoo.core.resultserver] DEBUG: Task #38: live log analysis.log initialized.\n", 
            "2023-07-14 16:25:41,038 [cuckoo.core.resultserver] DEBUG: Task #38: File upload for 'shots/0001.jpg'\n", 
            "2023-07-14 16:25:41,042 [cuckoo.core.resultserver] DEBUG: Task #38 uploaded file length: 100030\n", 
            "2023-07-14 16:25:41,113 [cuckoo.core.guest] DEBUG: cuckoo1: analysis #38 still processing\n", 
            "2023-07-14 16:25:43,121 [cuckoo.core.resultserver] DEBUG: Task #38: File upload for 'shots/0002.jpg'\n", 
            "2023-07-14 16:25:43,129 [cuckoo.core.resultserver] DEBUG: Task #38 uploaded file length: 117979\n", 
            "2023-07-14 16:25:46,137 [cuckoo.core.guest] DEBUG: cuckoo1: analysis #38 still processing\n", 
            "2023-07-14 16:25:50,562 [cuckoo.core.resultserver] DEBUG: Task #38: File upload for 'shots/0003.jpg'\n", 
            "2023-07-14 16:25:50,565 [cuckoo.core.resultserver] DEBUG: Task #38 uploaded file length: 117634\n", 
            "2023-07-14 16:25:51,159 [cuckoo.core.guest] DEBUG: cuckoo1: analysis #38 still processing\n", 
            "2023-07-14 16:25:51,678 [cuckoo.core.resultserver] DEBUG: Task #38: File upload for 'shots/0004.jpg'\n", 
            "2023-07-14 16:25:51,683 [cuckoo.core.resultserver] DEBUG: Task #38 uploaded file length: 117201\n", 
            "2023-07-14 16:25:54,822 [cuckoo.core.resultserver] DEBUG: Task #38 had connection reset for <Context for None>\n", 
            "2023-07-14 16:26:00,182 [cuckoo.core.guest] WARNING: Virtual Machine /status failed. This can indicate the guest losing network connectivity\n", 
            "2023-07-14 16:26:06,190 [cuckoo.core.guest] WARNING: Virtual Machine /status failed. This can indicate the guest losing network connectivity\n", 
            "2023-07-14 16:26:06,192 [cuckoo.core.guest] DEBUG: cuckoo1: analysis #38 still processing\n", 
            "2023-07-14 16:26:12,198 [cuckoo.core.guest] WARNING: Virtual Machine /status failed. This can indicate the guest losing network connectivity\n", 
            "2023-07-14 16:26:18,206 [cuckoo.core.guest] WARNING: Virtual Machine /status failed. This can indicate the guest losing network connectivity\n", 
            "2023-07-14 16:26:24,214 [cuckoo.core.guest] WARNING: Virtual Machine /status failed. This can indicate the guest losing network connectivity\n", 
            "2023-07-14 16:26:30,222 [cuckoo.core.guest] WARNING: Virtual Machine /status failed. This can indicate the guest losing network connectivity\n", 
            "2023-07-14 16:26:36,231 [cuckoo.core.guest] WARNING: Virtual Machine /status failed. This can indicate the guest losing network connectivity\n", 
            "2023-07-14 16:26:36,233 [cuckoo.core.guest] DEBUG: cuckoo1: analysis #38 still processing\n", 
            "2023-07-14 16:26:40,306 [cuckoo.core.guest] WARNING: Virtual Machine /status failed. This can indicate the guest losing network connectivity\n", 
            "2023-07-14 16:26:43,378 [cuckoo.core.guest] WARNING: Virtual Machine /status failed. This can indicate the guest losing network connectivity\n", 
            "2023-07-14 16:26:46,450 [cuckoo.core.guest] WARNING: Virtual Machine /status failed. This can indicate the guest losing network connectivity\n", 
            "2023-07-14 16:26:49,522 [cuckoo.core.guest] WARNING: Virtual Machine /status failed. This can indicate the guest losing network connectivity\n", 
            "2023-07-14 16:26:52,594 [cuckoo.core.guest] WARNING: Virtual Machine /status failed. This can indicate the guest losing network connectivity\n", 
            "2023-07-14 16:26:52,595 [cuckoo.core.guest] DEBUG: cuckoo1: analysis #38 still processing\n", 
            "2023-07-14 16:26:55,666 [cuckoo.core.guest] WARNING: Virtual Machine /status failed. This can indicate the guest losing network connectivity\n", 
            "2023-07-14 16:26:58,738 [cuckoo.core.guest] WARNING: Virtual Machine /status failed. This can indicate the guest losing network connectivity\n", 
            "2023-07-14 16:27:01,810 [cuckoo.core.guest] WARNING: Virtual Machine /status failed. This can indicate the guest losing network connectivity\n", 
            "2023-07-14 16:27:04,882 [cuckoo.core.guest] WARNING: Virtual Machine /status failed. This can indicate the guest losing network connectivity\n", 
            "2023-07-14 16:27:07,954 [cuckoo.core.guest] WARNING: Virtual Machine /status failed. This can indicate the guest losing network connectivity\n", 
            "2023-07-14 16:27:07,956 [cuckoo.core.guest] DEBUG: cuckoo1: analysis #38 still processing\n", 
            "2023-07-14 16:27:11,026 [cuckoo.core.guest] WARNING: Virtual Machine /status failed. This can indicate the guest losing network connectivity\n", 
            "2023-07-14 16:27:14,098 [cuckoo.core.guest] WARNING: Virtual Machine /status failed. This can indicate the guest losing network connectivity\n", 
            "2023-07-14 16:27:17,170 [cuckoo.core.guest] WARNING: Virtual Machine /status failed. This can indicate the guest losing network connectivity\n", 
            "2023-07-14 16:27:20,242 [cuckoo.core.guest] WARNING: Virtual Machine /status failed. This can indicate the guest losing network connectivity\n", 
            "2023-07-14 16:27:23,314 [cuckoo.core.guest] WARNING: Virtual Machine /status failed. This can indicate the guest losing network connectivity\n", 
            "2023-07-14 16:27:23,316 [cuckoo.core.guest] DEBUG: cuckoo1: analysis #38 still processing\n", 
            "2023-07-14 16:27:26,386 [cuckoo.core.guest] WARNING: Virtual Machine /status failed. This can indicate the guest losing network connectivity\n", 
            "2023-07-14 16:27:29,458 [cuckoo.core.guest] WARNING: Virtual Machine /status failed. This can indicate the guest losing network connectivity\n", 
            "2023-07-14 16:27:32,530 [cuckoo.core.guest] WARNING: Virtual Machine /status failed. This can indicate the guest losing network connectivity\n", 
            "2023-07-14 16:27:35,602 [cuckoo.core.guest] WARNING: Virtual Machine /status failed. This can indicate the guest losing network connectivity\n", 
            "2023-07-14 16:27:38,674 [cuckoo.core.guest] WARNING: Virtual Machine /status failed. This can indicate the guest losing network connectivity\n", 
            "2023-07-14 16:27:38,676 [cuckoo.core.guest] DEBUG: cuckoo1: analysis #38 still processing\n", 
            "2023-07-14 16:27:41,746 [cuckoo.core.guest] WARNING: Virtual Machine /status failed. This can indicate the guest losing network connectivity\n", 
            "2023-07-14 16:27:44,818 [cuckoo.core.guest] WARNING: Virtual Machine /status failed. This can indicate the guest losing network connectivity\n", 
            "2023-07-14 16:27:47,890 [cuckoo.core.guest] WARNING: Virtual Machine /status failed. This can indicate the guest losing network connectivity\n", 
            "2023-07-14 16:27:50,962 [cuckoo.core.guest] WARNING: Virtual Machine /status failed. This can indicate the guest losing network connectivity\n", 
            "2023-07-14 16:27:54,034 [cuckoo.core.guest] WARNING: Virtual Machine /status failed. This can indicate the guest losing network connectivity\n", 
            "2023-07-14 16:27:54,035 [cuckoo.core.guest] DEBUG: cuckoo1: analysis #38 still processing\n", 
            "2023-07-14 16:27:57,106 [cuckoo.core.guest] WARNING: Virtual Machine /status failed. This can indicate the guest losing network connectivity\n", 
            "2023-07-14 16:28:00,178 [cuckoo.core.guest] WARNING: Virtual Machine /status failed. This can indicate the guest losing network connectivity\n", 
            "2023-07-14 16:28:03,250 [cuckoo.core.guest] WARNING: Virtual Machine /status failed. This can indicate the guest losing network connectivity\n", 
            "2023-07-14 16:28:06,322 [cuckoo.core.guest] WARNING: Virtual Machine /status failed. This can indicate the guest losing network connectivity\n", 
            "2023-07-14 16:28:09,394 [cuckoo.core.guest] WARNING: Virtual Machine /status failed. This can indicate the guest losing network connectivity\n", 
            "2023-07-14 16:28:09,395 [cuckoo.core.guest] DEBUG: cuckoo1: analysis #38 still processing\n", 
            "2023-07-14 16:28:12,466 [cuckoo.core.guest] WARNING: Virtual Machine /status failed. This can indicate the guest losing network connectivity\n", 
            "2023-07-14 16:28:15,538 [cuckoo.core.guest] WARNING: Virtual Machine /status failed. This can indicate the guest losing network connectivity\n", 
            "2023-07-14 16:28:18,610 [cuckoo.core.guest] WARNING: Virtual Machine /status failed. This can indicate the guest losing network connectivity\n", 
            "2023-07-14 16:28:21,686 [cuckoo.core.guest] WARNING: Virtual Machine /status failed. This can indicate the guest losing network connectivity\n", 
            "2023-07-14 16:28:24,754 [cuckoo.core.guest] WARNING: Virtual Machine /status failed. This can indicate the guest losing network connectivity\n", 
            "2023-07-14 16:28:24,756 [cuckoo.core.guest] DEBUG: cuckoo1: analysis #38 still processing\n", 
            "2023-07-14 16:28:27,826 [cuckoo.core.guest] WARNING: Virtual Machine /status failed. This can indicate the guest losing network connectivity\n", 
            "2023-07-14 16:28:30,898 [cuckoo.core.guest] WARNING: Virtual Machine /status failed. This can indicate the guest losing network connectivity\n", 
            "2023-07-14 16:28:33,970 [cuckoo.core.guest] WARNING: Virtual Machine /status failed. This can indicate the guest losing network connectivity\n", 
            "2023-07-14 16:28:37,042 [cuckoo.core.guest] WARNING: Virtual Machine /status failed. This can indicate the guest losing network connectivity\n", 
            "2023-07-14 16:28:38,045 [cuckoo.core.guest] INFO: cuckoo1: end of analysis reached!\n", 
            "2023-07-14 16:28:38,057 [cuckoo.core.plugins] DEBUG: Stopped auxiliary module: Replay\n", 
            "2023-07-14 16:28:38,094 [cuckoo.core.plugins] DEBUG: Stopped auxiliary module: Sniffer\n", 
            "2023-07-14 16:28:38,094 [cuckoo.machinery.virtualbox] DEBUG: Stopping vm cuckoo1\n", 
            "2023-07-14 16:28:39,235 [cuckoo.core.resultserver] DEBUG: Stopped tracking machine 192.168.56.101 for task #38\n", 
            "2023-07-14 16:28:39,235 [cuckoo.core.resultserver] DEBUG: Cancel <Context for LOG> for task 38\n", 
            "2023-07-14 16:28:39,238 [cuckoo.core.scheduler] DEBUG: Released database task #38\n", 
            "2023-07-14 16:28:39,247 [cuckoo.core.plugins] DEBUG: Executed processing module \"AnalysisInfo\" for task #38\n", 
            "2023-07-14 16:28:39,247 [cuckoo.processing.behavior] WARNING: Analysis results folder does not contain any behavior log files.\n", 
            "2023-07-14 16:28:39,247 [cuckoo.core.plugins] DEBUG: Executed processing module \"BehaviorAnalysis\" for task #38\n", 
            "2023-07-14 16:28:39,248 [cuckoo.core.plugins] DEBUG: Executed processing module \"Dropped\" for task #38\n", 
            "2023-07-14 16:28:39,248 [cuckoo.core.plugins] DEBUG: Executed processing module \"DroppedBuffer\" for task #38\n", 
            "2023-07-14 16:28:39,248 [cuckoo.core.plugins] DEBUG: Executed processing module \"MetaInfo\" for task #38\n", 
            "2023-07-14 16:28:39,248 [cuckoo.core.plugins] DEBUG: Executed processing module \"ProcessMemory\" for task #38\n", 
            "2023-07-14 16:28:39,248 [cuckoo.core.plugins] DEBUG: Executed processing module \"Procmon\" for task #38\n", 
            "2023-07-14 16:28:39,308 [cuckoo.core.plugins] DEBUG: Executed processing module \"Screenshots\" for task #38\n", 
            "2023-07-14 16:28:39,510 [cuckoo.core.plugins] DEBUG: Executed processing module \"Static\" for task #38\n", 
            "2023-07-14 16:28:39,551 [cuckoo.core.plugins] DEBUG: Executed processing module \"Strings\" for task #38\n", 
            "2023-07-14 16:28:39,574 [cuckoo.core.plugins] DEBUG: Executed processing module \"TargetInfo\" for task #38\n", 
            "2023-07-14 16:28:39,588 [cuckoo.core.plugins] DEBUG: Executed processing module \"NetworkAnalysis\" for task #38\n", 
            "2023-07-14 16:28:39,588 [cuckoo.core.plugins] DEBUG: Executed processing module \"Extracted\" for task #38\n", 
            "2023-07-14 16:28:39,588 [cuckoo.core.plugins] DEBUG: Executed processing module \"TLSMasterSecrets\" for task #38\n", 
            "2023-07-14 16:28:39,590 [cuckoo.core.plugins] DEBUG: Executed processing module \"Debug\" for"
        ]
    }, 
    "screenshots": [
        {
            "path": "/root/.cuckoo/storage/analyses/38/shots/0001.jpg", 
            "ocr": ""
        }, 
        {
            "path": "/root/.cuckoo/storage/analyses/38/shots/0002.jpg", 
            "ocr": ""
        }, 
        {
            "path": "/root/.cuckoo/storage/analyses/38/shots/0003.jpg", 
            "ocr": ""
        }, 
        {
            "path": "/root/.cuckoo/storage/analyses/38/shots/0004.jpg", 
            "ocr": ""
        }
    ], 
    "strings": [
        "!This program cannot be run in DOS mode.", 
        "FLPTX\\", 
        "QRA.Sb", 
        "=|]Z39p", 
        "q*Iu-]", 
        "s-& m@", 
        "\\;G?8i", 
        "c6j|Xfb4", 
        "|/.,#0C4q", 
        "5-R6WQ", 
        "{^CXj\\@", 
        "@ BxV3", 
        "QJ-ng;", 
        "/u*~u;", 
        "dh,rPP", 
        "EkNj Y", 
        "@XFn(5", 
        "d$Tsp;q", 
        "2/_W}j", 
        "y{It;$", 
        "Ht SWq", 
        "SPSfA5", 
        "A*hSSe", 
        "8F4ti!", 
        "Xr[ypI", 
        "FIS]PD ?", 
        "|5SCTv", 
        "^Vl0F4", 
        "N-CM0+", 
        "9Bt3UF", 
        "L4dVGHPQ", 
        ",=6v3T", 
        "sW$|M!", 
        "1j?Yj0", 
        "hR#`<&", 
        "x{>@:#", 
        "jG=0H&", 
        "H@q?(R", 
        "&MtfjB", 
        "HtRjCG", 
        "L<S\u001fVz", 
        "0-hrW:", 
        "|$pAU3", 
        "?#tRf9\u001ft", 
        "QCagYP", 
        "pP9_X,VyOP_[", 
        "L_'00W", 
        "t!C&_Hu", 
        ")ie@Ygb$", 
        "`g|1jxH", 
        "l`,N*z", 
        "*zg),]gAe", 
        "N+HuA9", 
        "L*^/[7", 
        "/CYLy.", 
        "tCWjg6m", 
        "4MGBGC", 
        "0t<b|Q", 
        "6@Jt9Q", 
        "&iT$T;", 
        "-qXw\";", 
        "qh;OdK0", 
        "dC\\,s|R,", 
        "Cl06a|", 
        "Zt,v;}", 
        "hF9K\"%", 
        "}MX(9#xu; ", 
        "v<k*l#", 
        "4Gt1Ht(@t", 
        "t%]p2Xbr", 
        "f0f;f>u", 
        "ea\"\u001fW$", 
        "C;!(jt3", 
        "\\i*POaA4C", 
        "Rt'St!Tt", 
        "4hRC\"Uu", 
        "sb\"=8v", 
        "t59PJ\"^y", 
        "p\u001fyHM (v-", 
        "$8PNBB#", 
        "1R%F04;", 
        "rChec]8", 
        "LXjkTu", 
        "\\Xr$M(", 
        "R\\Az#'", 
        "SP1~ 2", 
        "|h&.l{", 
        "3[uvH-", 
        ":\u001fgGS0", 
        "\\$(,dh(G:4|4", 
        "nFT.Hu", 
        "rM9\\!@", 
        "x,?Et\u001f", 
        "K9\\Pcg", 
        "0OS>4,", 
        "z8PokK", 
        "l-<Hp<", 
        "D*;7Ix", 
        "\u001fbiCq`", 
        "8U(8pan", 
        "K\"^(\"K", 
        "9Ub\u001fSt", 
        "|=.4u~M", 
        "#zq3V\\", 
        "D;>`@%]", 
        "\u001f\u001f !\"#$", 
        "&&'()*+", 
        "012R3345566789:;<=", 
        ">?>@ABC", 
        "GDEFGHIJKLMN6", 
        "OfPQfA", 
        "ntR=:tK=", 
        "UP<P00", 
        " ;>RH2", 
        "O|{WH\"x", 
        "&>ygmh", 
        "uLn@t\\", 
        "STUz@G", 
        "dTP]:TP", 
        "=8PGh0", 
        "zEdtec", 
        "PR\"o\\B]&", 
        "lh08r[", 
        "P8zbs/", 
        "Z)hjD<", 
        "SWM6p@", 
        "0)sU,W", 
        "p$C8d=)", 
        "jR_>8X", 
        "~xh|7n%Z", 
        ")SbgxTJ!", 
        "r q|jE", 
        "-w[Su2", 
        "Ax_LB+z", 
        "\\`Eav!a", 
        "yHjj^h", 
        "tkL#te", 
        "Ym-<HLz", 
        "t'xG`+", 
        "-tK,#tJ$tD", 
        "?+t9(*m4", 
        "3htt|xr", 
        "\\XT\\`9", 
        "\\hlpyF", 
        "%\\`dgd", 
        "stCx|d", 
        "iFjlpF", 
        "syFDTP", 
        "r048l.", 
        ";LDHLg", 
        "$<$y@C", 
        "$(<4CO", 
        "$Yq(79", 
        "C.lptyF", 
        "ry`<@D", 
        "Ctx|syF", 
        "xesyF|", 
        "$80>B4", 
        "3rDHLT", 
        "\\X\\`yF", 
        "osx?Wq|", 
        "T$N.(d", 
        "C.LPTyF", 
        "HM\\]/S", 
        "$00Xqx", 
        "9NxH|V", 
        "GUo6V#K", 
        ",VQ/HyXEF", 
        "K-Ow~Kq", 
        "$p1Prts", 
        " SC8JB3", 
        "'KQE&`Q0n", 
        "gd[\u001f\u001f5", 
        "CNS]l@", 
        "`]g.c-", 
        "pvPO  ", 
        "?~A_jZ", 
        "yqwCwo", 
        "82&,1V", 
        "kW~$ u", 
        "= v\\wRMj$}K", 
        "9u(v?VS>P8", 
        "=QY=OI=", 
        "&8q]h|", 
        "Bt6GI8I", 
        "4L:%=S", 
        "HI8(,Vo", 
        "Ig&S8H", 
        "WrBN lU", 
        "`tQ1E\u001fR9", 
        "@T\\~ 0", 
        "b@xX9F", 
        "%Z8HR[", 
        "s2-%\"(", 
        "L^:Vth\\3P", 
        "HtOMt\"", 
        "P{aCSi", 
        "8eu*ZL", 
        "%f2r$d", 
        "\\TL?3P", 
        "u#z\u001f:6,", 
        "$}M<B^", 
        " S,nB9", 
        "P^;tXG", 
        "244<<\\", 
        "y%2\"s}r2", 
        ">*<v5!6oL7", 
        "QJa|w&u", 
        "%VjW=V", 
        "u68N;Yx", 
        ".pjAXT", 
        "w3Zv&j", 
        "It(htHjl", 
        "fnt'jo", 
        "VWHYYBY", 
        ">-j.Fj", 
        "`m (NAX", 
        "HZYs:E", 
        "]*8<v7E@", 
        "rtT=zt", 
        "c*whk\\", 
        "F!bb'`", 
        "i 87 t", 
        "!MD`c)", 
        "Y64 VD", 
        "c`UQoL", 
        "&=fi3_", 
        "4nE/itd", 
        "=!u?9%t7", 
        "E\"W;8e", 
        "rlvj't=", 
        "LRi|B=", 
        "b]uXVw", 
        "Wlra95", 
        "HZ>7@m", 
        "OT=2Ht", 
        "%<`KG+Xs", 
        "7:P$AE", 
        "{_K(sO\"", 
        "(T=%H/", 
        "+D& p.", 
        "'<u\u001f@BX", 
        "oXq+p.", 
        "KG=xsYi", 
        "} kE$,E(", 
        "e`OyN`", 
        "q_[\"F(", 
        "c&V27%", 
        "[8:@$,;", 
        "\\ri!1\"", 
        "$(rrrr,04", 
        "qr8<9@", 
        "\\9999`dhl9999ptx|4", 
        "I<@eDL2", 
        "nk\"]4vR", 
        "hz0SjS", 
        "DJxT'[2", 
        "69Z$n;", 
        "BC>\" +", 
        "<e9Dat", 
        "dEXHse", 
        "u cz&5", 
        "2\\0`Ze", 
        "lVm/Sy", 
        "|+;`}&&", 
        "^1_W%0", 
        "aJ.|iLL", 
        "5&`U%4q", 
        "gJH,o@", 
        "a$1uBy", 
        "cWz9i|RG!tB", 
        "Hc3Lxu", 
        "O8\u001fu^A", 
        "xQJDao", 
        "|DBt G", 
        "!fx$XH", 
        "{((X$?", 
        "z<}\u001f\u001f~u", 
        "<MQ+66", 
        "ttOFhw", 
        "^hF.8x", 
        "<=t |v", 
        "a'FB'5r_", 
        ";iu$X\u001fp", 
        "i@I%;bC", 
        "Z,<$]@6", 
        "A.@@\"d", 
        "Mn{Hx^", 
        "M,HP1]", 
        ")j@Y|]A", 
        "@WK+4[", 
        "+8mV,C", 
        "g<D>w4", 
        "@;YNw[", 
        "Q_Q.gH ", 
        " .8rYV)u", 
        "A9\"D9{dt", 
        "6!UPK3", 
        " *Cvl;", 
        "7oxhAC", 
        "8UuG0\u001f", 
        "vrK{,/", 
        "V?_^Ca", 
        "G(r2 GO", 
        "l$Ej1[!", 
        "GdQ*`235b", 
        "(zd<Av", 
        "VZ1u!7", 
        "S<,tT9", 
        "d|DF\\r%^", 
        "%'B_bi", 
        "c/A_N;u", 
        "5isPr/", 
        "f~\u001ft^'M", 
        "{I3&/t", 
        ",wg8X]", 
        "3-Yh[c", 
        "b%0:!q", 
        "qhaO>%", 
        "\"V{~-7", 
        "30 o~y6", 
        "ZzuAyb", 
        "0FXIEb", 
        "<zmc^]", 
        "P@IyG_", 
        "Gk7I79", 
        "&DlUt)", 
        "cy4,s\"", 
        "v{qZ$*V", 
        "tsyall", 
        "R8,u*};", 
        "@Sj?mtn ~O", 
        "-%l0;4", 
        "t&}adA", 
        "Dst=\"^;", 
        "uJ3-W`", 
        "O#Y;7+", 
        ";F,|@aB\"", 
        "Hr tqTO", 
        "t?3pQ6", 
        "h@BsCf", 
        "*88|{Y", 
        "5_#;-!", 
        "r,{u&su ", 
        "N`HN{P", 
        "~|HQ4j8", 
        "i8.a2S", 
        "@JrSWq", 
        "4wpWpr", 
        "|=C@j`", 
        "t\\6(=}", 
        "?9P>\u001f\u001f", 
        "m5dU$ONv", 
        "@t!`>w", 
        "W.;V|r) ", 
        "r CZ%Jy", 
        "vA.sOt", 
        " {H8T`", 
        ";H03u>", 
        "%'t72)", 
        "-%s7hb", 
        "-m>P\u001f@", 
        "!?KmXam ", 
        "<9gY^Y", 
        "W!^$ I", 
        "vX1; W", 
        "(T|!/X", 
        "u:cK,T'", 
        "k1Xd1p L\"", 
        "d@B%78", 
        "t\"+RQIQC%", 
        " 7?,tK,W", 
        "nJw8IGw", 
        "d_'jJA>", 
        " E0#@:", 
        "|SZZ;j<oS[", 
        "|$F^SO4", 
        "<Zj#@\"", 
        "4;qQ\u001fe", 
        "oXZ*LP", 
        "7:j<85", 
        "E*y_j+", 
        "S6\"!7.", 
        "9A0~];W", 
        "[k>*s(Vt?B", 
        "XX>q S", 
        "d=>\\X$", 
        "j+\\Dzh", 
        ";H?E5CJn", 
        "r(9JBZ", 
        "-*H,B9Bz;", 
        "|XyhRZ", 
        ":hB91A", 
        "W2TPNR", 
        "+}1-(`", 
        "`J.8:)", 
        "\\5t{lP", 
        "'h?j77", 
        "?H?<BQ", 
        "B/J8:<", 
        "5\u001fS%q 4", 
        ")`[3&>", 
        "@At8[W", 
        "lh~GxX", 
        "A@G)%@[<", 
        ";)x2.|", 
        "`1d|g0+UM", 
        "'s5.=}/E`", 
        "!bRVuy4", 
        ">\\}4G;", 
        " vhazV", 
        "i5{},S", 
        "u[BjfV7t}7", 
        "6=4fRm", 
        "-f@hti5-", 
        "@,~a()", 
        "~b\"W%\u001f-", 
        "Z6S_<E", 
        "R1E7S^xVUK", 
        "Pjkm<1 ~", 
        "0jF1+]", 
        "Q!P/8M", 
        "tG<9\\v6w", 
        "a3bK;'p", 
        "e$wB8HdY", 
        "tIo C2", 
        "w,k`24", 
        "VStv(g", 
        "p]gBVSS SB", 
        "@000 ((", 
        "`T4 Qm", 
        "5DO=}j", 
        "F(F,F0N@", 
        "E<fH;'B", 
        "7ZYlWx", 
        "X.tG?rB", 
        "Gj\"c)X", 
        "$XPMz^", 
        "/AV%\u001fT0", 
        "Ej%7)8", 
        "Ha*GYN", 
        "brV^N}Njj", 
        "1t,b,[", 
        "\u001f56!37", 
        "?$J($;L", 
        " `tHtb", 
        "og94Zu", 
        "AF`XC)", 
        "|u(,_&0e4", 
        "AmB@pB", 
        "5X\u001f;o0", 
        "5!,@~V", 
        "}~ru\"rD", 
        "MsRV[F", 
        "00/@5n96H", 
        "W,1<1G", 
        "ndx@t9lm", 
        "B9G #E", 
        "Pssar.fw)Wf%", 
        "\"t|<%tx<'tt", 
        "p<&tl<!th<otd<]t`<", 
        "[t\\<\\tX<", 
        "tP<_tL<", 
        "XI[}8M", 
        "(;)3p`", 
        "<'QSP%", 
        "02Q\\B ", 
        "lft  53", 
        "p5=W>S", 
        "0u7!@&_R", 
        "hEyI}&", 
        "^t}?WTm", 
        "q1HVrWM", 
        "faPK&A", 
        ")XX)(T", 
        "\u001f24&Vh", 
        "`QaR{%&a", 
        "+In(q6", 
        "Ra86\\7Y", 
        "HJO^b_^' ", 
        "qa\" Oe_", 
        "+tv+LVZ", 
        "Fbx87q", 
        "-7lk!/", 
        "yp0+;5", 
        "dd-,,O", 
        "Zdata%l", 
        "NU(?sY}", 
        "CC'\"P/z!", 
        "ursxC<", 
        "XB6x$ '", 
        "7H6\\;y", 
        "}uIg3Q", 
        "*\"DL;GLu\u001f", 
        "ie:Y`~", 
        "T/f)j1t", 
        "7!P;E6", 
        "RQRR4ux#x", 
        "<evPm0", 
        "XPxHnA", 
        "~PHd#p", 
        "VPyB*O", 
        "FVS&@)", 
        "3lEm)oo", 
        "88\"t]\"", 
        ").B}l)_", 
        ";G&.+L+", 
        "],#KD-", 
        "zw(81f", 
        "@Hwu@j", 
        "4`:9sf", 
        "6uIi|2{QW", 
        "#f)44%qF", 
        "rtbAtYE", 
        "atTStKstF", 
        "/ r.koIiu", 
        "<6H@@'", 
        "cHCF|1", 
        "Ff96Z\\", 
        "!Q4@4<V", 
        "(Ke8.Sy(LC", 
        "\\g3:CJ ", 
        "0tr\\iH*O\"", 
        "L_p$^C", 
        "BkWBV\"J", 
        "Kr dG\"8", 
        "r1JqX/", 
        "<S8PHE", 
        "um#s=(U", 
        "tY8<,$", 
        "C0#C#<D", 
        "88<<@G", 
        "=YQ&N2`", 
        "((,,05X`", 
        "R`POou", 
        "q97C0J:", 
        "lbr!@P", 
        "BtF`>F", 
        "+IG[}^r", 
        "/Y*&Rl+", 
        "u4:;Gm", 
        "U<>TjZ", 
        "!tlg`N", 
        "f!3/V ", 
        "u 8>t6PtZg:", 
        "C+%7 4", 
        "vHB?:Q", 
        "ek#BCE", 
        "9$C$Rh", 
        "` :Fs9", 
        "0tv`FL", 
        "n+,O*[", 
        "'b?V+L", 
        "r#EL%&", 
        "W!9+w}", 
        "z=3'BJ", 
        "?C1.ai`m", 
        "1umgab", 
        "(8*IWH", 
        "ngP;0@", 
        "8,@9(-ZX", 
        "eVp,WA", 
        "krWTL<", 
        "} VVVV},}8}H}XVVVV}d}x}", 
        "#0TroQ", 
        "^QW&=Qk", 
        "%(!u<jZ", 
        "jLy::,", 
        "oi8<,M0", 
        "@dD#X;$", 
        "8(>lj0", 
        "iQ\u001fbb9", 
        "3P\\?an", 
        "X`e`Ug", 
        "RHfT@>", 
        "|u|e 2", 
        "Ix!u~0H", 
        "&o/WCxF5/\\", 
        "=UO/4k", 
        ")84C+T", 
        "uMn@)R", 
        "FDZAm`", 
        "_3(0\\x", 
        "Bh!oYX", 
        "p\"!;<n", 
        "Laa$'P", 
        "@8BjGZ", 
        "AA#@_A&", 
        "*RtU\u001f3", 
        "BBOY2S", 
        ";^?jNCYA", 
        "O75J^mW[", 
        "KRGZt:", 
        "+nCJxN", 
        "$Yj@FZ", 
        "kJwZ]_", 
        "p%MVj*", 
        "CPe.@C+", 
        "u1hheE^", 
        "n0\"%nX", 
        "IWYO<p.m", 
        "|S80ZUF", 
        "zf&^Ve", 
        "P709\u001fuf", 
        "(8D8=k", 
        "j(*W^`&h&)<1x", 
        "02}0rR(", 
        "a<\\.H2", 
        "4xS-Uq", 
        "S&3U*ATQG", 
        "8<,$<5", 
        "dddDHL,Oe", 
        "a'tQV)", 
        "e;:\\(\"", 
        "  6Pd}", 
        "nNS~gai\u001f%", 
        "A\u001fAt\"P", 
        "': 3$C", 
        "\"08'0V", 
        "tVtQ+H@Q", 
        "AmQQ|I", 
        "Iu/RfVa", 
        "[a(Wr5OZH", 
        "%W !_<", 
        "QPVGlj", 
        ".A4GK02", 
        "(8E\"hfR", 
        ".TKPZp", 
        "S]q\"qi", 
        "/sAYE7(q-\"", 
        "p]Q]'f", 
        "(n^0P5jY", 
        "=PR%V%", 
        "f@_A}$", 
        "AvM3<(", 
        "ZHw}Qsi", 
        "c&mVg-", 
        "p,PQP'", 
        "u6p[H{", 
        "En8(jn", 
        ",vo]Dbf;", 
        "!1\\5tx", 
        "vH/ R\u001f", 
        "CL[}ZWy", 
        "CB]Bzx", 
        "H|LP[4", 
        "aTR(GT", 
        "s@zB:VxtA", 
        "eS9q4uN=f", 
        "0}E8q(", 
        "=WtN&6", 
        "u4 j Wo", 
        "1,}b9A4", 
        "%eROI1", 
        "tdpo0b", 
        "m|Ws=9", 
        "ReKb%|wcu", 
        "_C7=e9Qf`", 
        "Q.$7j;Q", 
        "n7E;n<}+", 
        "xd]p's", 
        "X}(,#E", 
        " 6>X>+", 
        "NBjOxTu", 
        "o\u001fD|Ka", 
        "19veq[", 
        ")|<4Xu", 
        "Wlbj3&D", 
        "!h84L ", 
        "w,9G0~X", 
        ")t:@[u#", 
        "i~3s7?l~#mu", 
        "zv&~n7X4", 
        "+4]@p\"", 
        "9K)%\\;", 
        "M&uzekw", 
        "3,TrBk", 
        ";E$2t{", 
        "GetNativeSystemInf", 
        "kernel32.dllD", 
        "[:>:]]", 
        "L;LZSO", 
        "R?3Go-", 
        "3'{ga0", 
        "T.MVjR", 
        "Go:V;dSDg\u001f", 
        "E{GO:PO*", 
        "GvpS-?U", 
        "\u001fmY(z'\u001f'K", 
        "#BKm'k", 
        "n\u001fB7*#'", 
        "PwRg^Mf", 
        "cWo7^#", 
        "Ub7Z'[m", 
        "l+?\u001f+\u001f", 
        "S//iK[", 
        "?W[3nr", 
        "Mo/[/H", 
        "OW6sOy", 
        "#SwT+I", 
        "b_SgZB%", 
        "*B\\cGk", 
        "{h2hBL", 
        "bad alloc", 
        "dCorExit", 
        "PrReshRoIn", 
        "soOUS7", 
        ":known ex", 
        "\\6k-C/", 
        "M/dd/y", 
        "(,HH:mm:", 
        "STUVWXYZ[\\]^_`abcdefghijk", 
        "vwxyz{|", 
        "BDValu", 
        "L.dStack", 
        "lTim9^)Wa", 
        "`LiNLWh", 
        "(7omp6", 
        "`?Zgs6id)LCM", 
        "ByH<dl", 
        "#|/\u001fekm", 
        "(null)", 
        "sobQA;", 
        "]vQ<)8h", 
        "74>U\".", 
        "|)P!?Ua0", 
        "y1~?|\"", 
        "?x\u001f+s7", 
        "A@>O=o", 
        ";\u001f:8o7n''", 
        "6\u001f431o0", 
        "N.\u001f-+o*", 
        "vr;)\u001f'&o$", 
        "~~}o||Nn''{z?yy", 
        "NNNxwvov", 
        "utt?s;999rqqpovrrroonm?", 
        "gfed'''", 
        "docbbaNNNn?`__^", 
        "N]o]\\[99", 
        "Z?ZYXrr;9WWoVU", 
        "vrUT?SR", 
        "ON?MM'", 
        "LKJoJIW", 
        "?5O\u001fd%", 
        "?|I7Z#", 
        ">,'1\u001fB", 
        "/pg)([|X", 
        "G~U`K ", 
        "AxuN}*", 
        "r7Yr7]D", 
        "&?~YK|\u001f", 
        "Bfe9?0", 
        "CqTR;?", 
        "<8bunz8", 
        "m1WY$?]", 
        "<@En[vP", 
        "akbg'_", 
        "oVh^\\O", 
        "?Dj0Q:W~", 
        "7>V:e:", 
        "5SmT4^", 
        "ZEM-'^", 
        "@~7Z8>", 
        " fe')lW", 
        "|u?!u$", 
        "rr>?>%'", 
        "L #?>?", 
        "@F??=H", 
        "HF&?=F&", 
        "dd>??db,", 
        "c;/.BJ", 
        "`,$X10W", 
        "8 @!H\"P##G", 
        "X$`%h&pr", 
        " N(O0P9r", 
        "8V@WHZPe;!d", 
        "-(/42@4", 
        "L5X6d79r", 
        "#0K<LHN", 
        "9rTO`PlRxV", 
        "#Gl,x;", 
        ";0k#G^", 
        "(\u001fdjH\u001fG", 
        "9r6;o@", 
        "XwdupU", 
        "\u001fT[9rv", 
        "S/s?drrk", 
        "vp_r/r", 
        "ma\u001fnol", 
        "reE?-rR'", 
        "Ir/h_7", 
        "pPNgR.mi;WFR", 
        "KOdD]N", 
        "El;._{", 
        "Km_Mcg6<", 
        "V\u001fqpwAZ", 
        "/fngPi1L0cP", 
        "gY6'B_\\", 
        "LGA\u001fU7", 
        "f/B_P/Q", 
        "iK.saw", 
        "nwt7eu", 
        "V\u001f\u001fuGupBr", 
        "oxWvAcWindow7:nw\u001fLas'P", 
        " _Obje,@", 
        "('8PWF", 
        "Y:/(A6_", 
        "ri9_/T|", 
        "$gNRE\\", 
        "\\@UQLy5", 
        "8<@DHL<", 
        "<PTX\\`", 
        "__based", 
        "&pcalstd", 
        "tr64nreric", 
        "tunJign", 
        "opera?", 
        "()~^f|h||", 
        "`tyRof}", 
        "$&lo( s$c gv", 
        ">ds coLp", 
        "8xirtu", 
        "abx:/L", 
        " (7Ar ", 
        "+c/ Sm", 
        "&t>BJs", 
        "(s_oRZ.h", 
        "\";'#On\u001f&", 
        "7\u001f7?o?/?", 
        "YYYY?2", 
        "o$O$$?", 
        "Nno//_.", 
        "NNNN33\u001f\u001f;y", 
        "Z?Z/ZO", 
        "v;\\\u001f\\O\\\\", 
        "E?E/EOE?MN", 
        "0o0_0_", 
        "CC_CCNF", 
        "N[/OV?V", 
        "nANF**O", 
        "[?G/G\u001fa`", 
        "m_WW/W''", 
        "MMORRQNNNn\u001fQX", 
        "do__/_", 
        "cOc?c_&GN", 
        "@'#o#$", 
        "$--%\"!' ", 
        "y,4@L\\", 
        ";4@T`h", 
        "\u001fn7H. >O!", 
        "+'G[?]H", 
        "=[27{8", 
        "VG c3:\u001f", 
        "+G[[[!", 
        "abcde(", 
        "S_Jz0\u001f.", 
        "B.123B.", 
        "_LXS*P", 
        "61/2Oz", 
        "l'oGRV", 
        "RgCjkk", 
        "hD0mOU", 
        "K3)w\u001f<-t", 
        "R[L7as", 
        "*6sGM)", 
        "w64Disr", 
        "Qkkbal", 
        "})B{)H", 
        "6er^pp", 
        "alnumsci", 
        "cntrlv", 
        "),jigvgra`n&0", 
        "DOMMIVFAIT", 
        "+qRUN$KI2HENnHPY", 
        "5(|\u001fb~?", 
        "nd of pt", 
        "utoP<in {} quantifiS", 
        "|3K to", 
        "empty ", 
        "zexjc}", 
        "z h*pL", 
        "> 255n", 
        "Lcu *P", 
        "vm 32A", 
        "FINEone", 
        "  ^J^i", 
        ">= 0xd8", 
        "I77lWpF", 
        "lVugi#@", 
        "=;8z&r", 
        "u~NkRNl", 
        "Vietkl", 
        "Telv@qf", 
        "psspucwjZk", 
        "ALWFGRP", 
        ",F&\"bI", 
        "6iFaTVkB/", 
        "v+Re,<", 
        "a~o6`cgB:c", 
        "}8BR{t", 
        "S=?#m[An3", 
        "-hKZJs", 
        "y_xC6s", 
        "t/Z:ia", 
        "rs@kP:", 
        "/wv$Olo0", 
        "wU_'pl", 
        "advapiGul", 
        "Aov:7.S", 
        "UTF16)2", 
        "CPNO_A&", 
        "'START_O", 
        "_MATCH=?7RECU8", 
        "RSION?CRjL", 
        "vSR_\u001fUNICODEFA", 
        "v\":G?;Y#", 
        "5\u001fACPg", 
        "spmV p", 
        "'v)XQNOn", 
        "P\"X#\\$", 
        "#G`%d&l", 
        "-PST0(i", 
        "I\u001fxx@o", 
        "?AV>_`7PB@", 
        "3omi+4_o", 
        "h\"/7\\l", 
        "*IUEeh(", 
        "W[Sk?i", 
        "SCc(Gd", 
        "Wc\"Vm?sw", 
        "bKr:gW", 
        "{{o7#i", 
        ".8CWt;PA", 
        "BGrn*o", 
        ":S?V`p", 
        "UfVC*7", 
        "c/hGDX/*k4", 
        "MultiBy", 
        "oWideChar)Diva", 
        "=)PSAe", 
        "LoadA54d", 
        "\u001fAddrsS", 
        "~4QFi ", 
        "Wyi\"Que", 
        "\\,f%CoW", 
        "\u001foolhelp32S:pho", 
        "ttW!Next", 
        "Lmpm+J3", 
        "v<!)^8\\d\"", 
        "[K{/Wu1E", 
        "ataCPFs@", 
        "@Pc\u001fk8e", 
        ";zlAdjun", 
        "g7L{W0", 
        "1dy!@Jpj", 
        "'=rDArc", 
        "#GU22c", 
        "1T@M0x)", 
        "woxy4L", 
        "t8AgOk", 
        "o<fy)W", 
        "RllZoX", 
        "UBT;u0X", 
        "#5numi", 
        "Ysync ", 
        "BoxOmr", 
        "ZY`?d!Visi", 
        "%deekUnrN", 
        "nl;mGmp(l7", 
        "UWA2',v", 
        ".I?D<4D", 
        "&\u001fO>(\"+", 
        "h6+1j$", 
        "&$4C-_@", 
        ",.//22b", 
        "x9FZGT", 
        "%c=/Kr", 
        "\u001f5iM+7#+5", 
        "##A,&,//,))", 
        "66r[w.,'&+", 
        "eVH${P", 
        "R=oQ1W7", 
        "P(j.&0G~Sw", 
        "-('(-)/)((4", 
        "H%d=j@", 
        "ED9M`C", 
        "3-@-#34", 
        "&#I0.C", 
        "T@_Bu><.", 
        "m$ge<d", 
        ",&Z18:", 
        "49\u001f#|:q-", 
        "!6(\" 'zA9Q+", 
        "BH>\u001f2z", 
        "5P3(8J`$", 
        "$/\"8q\"", 
        "#H\\9C7f", 
        "4H85,\"", 
        "#bj/DG*", 
        "XPTPSW", 
        "wwwwwwwwwwwwwx", 
        "wwwwwwwwwwwwwx", 
        "xwxwxx", 
        "jjjjjjjjjjjjjjjjjjjjjjjjjjjjjjjjjjjjjjjjjj", 
        "jqqqqqqqqqqqqqqqqqqqqqqqqqqqqqqqqqqqqqqqqqqj", 
        "~~~~~z~zzzzzzzzzzzzzzz", 
        "vvvvvvvvvvvvvvzvvvv~zz~zzzzzwzwzvzvz", 
        "knnnnnnnnnnnnnnnnnkv~z~zzzzzzzzxzxxxx", 
        "nGGHHH", 
        "nv~zsssssssszxzzzzx", 
        "nGGGHH", 
        "nv~~~~~~~z~zzzzxzxy", 
        "n..GGHHH", 
        "nv~~ssssssss{zzzyyy", 
        "n...GGHHH", 
        "nv~~~~~~~~~{{zzzzyz", 
        "n+....HGHHHH", 
        "ssssssst~{{zzyy", 
        "n++....G.HHH", 
        "~~~~{~{{{{", 
        "n!!+....HGHHHH", 
        "ssssstts~{~{{{{", 
        "n!!++.....HHHHHH", 
        "~~~~~~{~{{", 
        "n\u001f!!!++....GGHHH", 
        "n\u001f\u001f\u001f!!\"\"....-HHHH", 
        "\u001f\u001f\u001f!!\"\".....HHHHnv", 
        "ssssssss", 
        "\u001f\u001f\u001f\u001f\"\"\"+....G-Hnv", 
        "\u001f\u001f\u001f\u001f\"\"\"\"..-.-Gnv", 
        "ssssssss", 
        "\u001f\u001f\u001f\u001f\"\"\"...-.nv", 
        "\u001f\u001f\u001f\u001f\"\"\"\"..-nv", 
        "ssssssss", 
        "nU_[_[D", 
        "\u001f\u001f\u001f\u001f!\"\"\".+nv", 
        "nOTUTU[[ED'\u001f\u001f\u001f\"\"\"+nv", 
        "ssssssss", 
        "nCODOSSSWWWWXWLWaanv", 
        "n;;>D;DDDEESLWLLLLnv", 
        "ssssssss", 
        ";;:::3***3444nv", 
        "'''*\"31nv", 
        "ssssssss", 
        "  '\u001f*nv", 
        "mnnnnnnnnnnnnnnnnnm", 
        "ssssssss", 
        "jurrrrrrrrrrrrrrrrrrrrrrrrrrrrrrrrrrrrrrrruj", 
        "juuuuuuuuuuuuuuuuuuuuuuuuuuuuuuuuuuuuuuuuuuj", 
        "juuuuuuuuuuuuuuuuuuuuuuuuuuuuuuu", 
        "jjjjjjjjjjjjjjjjjjjjjjjjjjjjjjjjjjjjjjjjjj", 
        "J>>>>>>>>>>>>>>>>ACA>>>>>>>>>G", 
        ">S]]]]]]]]]]]]]]]]]]]]]]]]]]]>", 
        ">S]]a]aaa]]]]]]a```____R_R_U]>", 
        ">_]]QQQQQQRQRQQQ_``__STTRRRR]>", 
        ">\\]FIIIIIIIIIIFQ`LLLLLL_TRRR]>", 
        ">_]I$$$", 
        "IQ```a\\a_`_URR]>", 
        "IQ^LLLLLL___RR]>", 
        "IQ`_``a\\a\\_SRU]>", 
        "IQ````ca\\a__a]]>", 
        "IQ`LLLLLL\\]a_a]>", 
        "$$$IQ````aca_a\\]_]>", 
        "$$IQ`LLLLLL]`", 
        "IQ``_`a\\a`a", 
        "IQ`LLLLLLa\\$", 
        ">_]IE=,", 
        "IQ``````a\\a", 
        ">_]I66;;80-&&7IQ`LLLLLL`\\", 
        ">]]I11255880::IQ`````a\\ac", 
        "C]]I****,+...-IQ`LLLLLLca", 
        "\u001f\u001f\u001f  \"\"IQ````aca\\c", 
        "C]]HIIIIIIIIIIH]aLLLLLLa\\", 
        "C]]]]]]]]]]]]]]]]]]]]]]]]]]]]>", 
        "C_]a`a]]ac]a]a]a]a`a\\a\\a\\ac]]>", 
        "DKLKKKLKKLKKKKLKLKLKLMKKKKLKL>", 
        "APOOOOOOOOOOOOOOOOOOOOO", 
        ">>>>>>>>>>>>>>>>>>>>>>>>>>>>J", 
        "H}AU3!EA06M", 
        "H&]gloR", 
        "bOvm=u6", 
        "w\u001f^>+*", 
        "-_g6cfINdX", 
        "}t?Ad'", 
        "{G^5$>A", 
        ";yH#cl~`H", 
        "%gSF6#8", 
        "V |W4\u001fyh", 
        "ckEK:N", 
        "&0OO$]", 
        "0CO|Zr/", 
        "3\\3@I_", 
        "f3H}6@", 
        "fs`u6e", 
        "RqrxSd", 
        ".cgsvP", 
        "G:z, kG", 
        "k0Ux.A", 
        "pm;mVz", 
        "P1;SvR", 
        ")cl4AN", 
        "Ntj:fh", 
        "7%,|kH*", 
        "by1d\\~", 
        "h (x@U!=.S9v", 
        "i6J`T'", 
        ",N3=%}[]", 
        "C(B8Bu", 
        "f9K1: ?", 
        "Qf;CwO", 
        "jS|C)q", 
        "eS&NN.", 
        "Ty8 d;", 
        "};g\u001fz&^c", 
        "2TjyqXOH", 
        "R~Rp(\u001f", 
        ",/U\\&tC{H", 
        "X\"&7Vy", 
        "K7:8hmq&", 
        "-yyu^Z", 
        "<%st\\8", 
        "uI<8@g", 
        "fb:6RT", 
        "3dKh+^a", 
        "Zz5C0`", 
        "^uz$dv$", 
        "uK+ @Gg", 
        "V[LJ*^d", 
        ":2V N4V;", 
        "%K11=;t", 
        "+X\\{PL2", 
        "n5;:(}p", 
        "\\87jht", 
        "Wew\u001fn\\", 
        "G\u001f{*+,", 
        "a#6iQ6", 
        "3IKD!53", 
        "h=75W'|_", 
        ")NJHdf", 
        "{\\4?qm+]", 
        "Zi2Nz?", 
        "xU,>z0", 
        "ow@OJM", 
        "P5K2f=,%", 
        "UKOX7t", 
        "Y`S!Wh#", 
        "=<gjK\\", 
        "!6Px4%", 
        "N8\u001fDPj8", 
        "yVG^LKl>0P", 
        "bLRluj", 
        ".V)+;z", 
        "/zO]nO-6$", 
        "vXxbe9", 
        "3 ncPm", 
        "rjXEF:", 
        "8a\u001fhsZ", 
        "Y3>(`+`", 
        "[7W( N", 
        "P@u]-*", 
        "sb[CN\\", 
        ":11FT{O\"", 
        "W>^ Zz", 
        "$&DL-_;(", 
        "XTr=~2", 
        "c%}I-,>", 
        "jU^~qt", 
        "<Y\u001fr9n", 
        "B~ngmzj", 
        "Hw EcZ", 
        "gv\\B[Ut", 
        "V_Cu^&z", 
        "azvRcZ", 
        "EFnY/X&}@", 
        "{j\\vFN", 
        "SDr#,\u001f", 
        "\"0~j2B<f", 
        ">DDdw%", 
        "O7`6n\u001f", 
        "p+61&\u001f", 
        "4FQZ*H", 
        "ijWzt ", 
        "\u001finn`E", 
        ",nQV{lD", 
        "~B4~$oO", 
        "Td=KXA6+)", 
        "g\\_Id0", 
        "WsD\"\u001fv", 
        "WX-~)I", 
        "y.&X3L\\", 
        "&Q~5FiZ1WDx", 
        "4okv1K3", 
        ")/-7\\U", 
        "0x^<u8g", 
        "+ePK2%", 
        "9X_'CE", 
        "sYv(fJ", 
        "2[`QY8x", 
        "zw.(rjfe", 
        ";}Dt\"q", 
        "pZfR2#", 
        "<5%Ms[", 
        "b56Zb6", 
        "AGxB^P", 
        "d66Gb[", 
        "xN3,Q5", 
        "-!R-.\u001f", 
        "=r]g.nYO*", 
        "c[v$m6", 
        "K4XyflDIzK", 
        ">S+|n)!G", 
        "02ZEpn", 
        "'} *z<", 
        "=XaNm]", 
        "n;^jIH", 
        "-&XyK>-", 
        "D(AaAJ", 
        " }Pc2/3", 
        "8'Sk)u", 
        "&\u001fK{#\u001fg", 
        "0M\u001fTRc", 
        "cHL}<3", 
        "%fH39k", 
        " L(32/", 
        "h8`M1bC", 
        "]H.XSS", 
        "1\u001fWk${%", 
        "iAzz._", 
        "Nh1Vrm6", 
        "=6#MS\\", 
        "FqB,Be", 
        "<Z~in/", 
        "y5_z9t", 
        "dkPfV<s", 
        "\u001foFSH*P8", 
        "|MG]np", 
        "Ql~lKQ", 
        "\u001f.'6/k}", 
        "3gxihoC", 
        "P,\u001fY3L", 
        "5I QZ!", 
        "<T[S<xe]", 
        "5fN+~0[", 
        "l4(h6x", 
        "~^z2}+", 
        "'eiiKx", 
        "]ZNV&,", 
        "gZ}pUjJ", 
        ">dn9{`", 
        " d\u001f@VJ", 
        ")Z]j$e=", 
        "3Y(!%J", 
        "we]z5*", 
        ";f!aWG[`^!;", 
        "Xwhd>N", 
        "6*.5(}4:", 
        "M*)rL>", 
        ".cthVzy", 
        "vXAm}4", 
        "g&{q|&", 
        "cl3`6%y7", 
        "K48[.D", 
        "5Hi%3q!f", 
        "XvD\"g5", 
        "Kjwd)O=@", 
        "]d{)wz", 
        "IQetb-<", 
        "m1kJPY", 
        "@_N/fe67", 
        "u6mZ?q", 
        "AuHl3E", 
        ">hgp?U", 
        "Obh8:g", 
        "5<-Tt:", 
        "':]k?d", 
        ",k\\c$N\"", 
        "i;9f]>", 
        "Bzf;~=", 
        "]KW\\ <", 
        "}KsMAV", 
        "OG0/U{", 
        "VL~#KY", 
        "3-D;c0", 
        "][|*A9", 
        "z61*14<#", 
        "wQoOu8", 
        "@brC{#", 
        "}-g%~Vc*", 
        "~x0Wqb_X", 
        "9.itri", 
        "j\u001f= c#", 
        "OgZ0\u001f}", 
        "HU@X*#", 
        "#-4Y$3", 
        "fo#x\u001ft-", 
        "U*uqpp", 
        "t)ooC)", 
        "5b Ek+", 
        "oA0>2U@/", 
        "-l.oTBR", 
        "7\\g_7(", 
        "H>T\u001fK^", 
        "bZPR z_", 
        "F;-\":l", 
        "EY|!+ ", 
        ".F+1,E", 
        "4)nJf_q", 
        "!&<bqlY", 
        "pJ{${_", 
        "b\"/`]o", 
        "ZxQ5lJ", 
        "[E-z-o", 
        "Y;*=J:_", 
        "DpSZ84", 
        "r$\u001f2(WB", 
        "'Q;zB5", 
        "'%{,'v", 
        "EXk`XT*", 
        "vg(fqe", 
        "4.5eqM", 
        "K]o+DS", 
        "lmY/-g\u001f", 
        "U\u001f07'Q", 
        "/t}nYX", 
        "lb6}X7", 
        "wXWPO\u001f", 
        "=`{st:", 
        "R*~/+M", 
        ">>&0Uv", 
        "MqmpyY", 
        ":*c>Yq", 
        "gK>\\Q1R", 
        "RAb-!G%'", 
        "VU(o7\\g", 
        "<yx`Uy", 
        "b[d*[7", 
        "<\\,30U7", 
        "u](,'s", 
        "RcIg[JSN", 
        "Y,Hi-aPb", 
        "ygW,__", 
        "wrm,Pv", 
        "gSUWpo", 
        "WfZ$+z$+t", 
        "x%.\\N1", 
        "0- 77,\u001frM", 
        "DZYKsg", 
        "^6Z^p'", 
        "UYl-4D0", 
        "1?%6,rHt", 
        "Sr2imd", 
        "C2sEuZ", 
        "k\\7`8M", 
        "LuRn8<", 
        "TYc.1TE", 
        "wd6r=3", 
        "8R0$%y", 
        "`]qq}u", 
        "77@jwM", 
        "|XIGfy", 
        "^P PsAs0?", 
        "Ql@@nW^q", 
        "Qc\"]io", 
        ":MYLz!", 
        "t\"'(@&", 
        "ez~V!4i", 
        "V!w9Wg", 
        "uv]+|s~", 
        "P?~z\u001fD", 
        "&'asE1", 
        "O^4 7x", 
        "fAWxY}", 
        "$/0Jd2+", 
        "uE/q)f]k", 
        "UDSYMf", 
        "8O.KPjP", 
        "% pBq5", 
        "S-4?v!/", 
        "i|E2G\"", 
        "rl#BEg)2", 
        "F#y'eb", 
        "{u-wj~", 
        "]Sn328", 
        "@.xv[/", 
        "P=$HablYx", 
        "0\u001f.tPr'9", 
        "1'(I99", 
        "3E!Eb1", 
        "ook-6tQ", 
        ".5}s@A", 
        "XA<$9N", 
        "o+ST9'", 
        "_[(1W8", 
        "SuY[T~I", 
        "4ePqeC", 
        "b<p&:0", 
        "+VdK:v", 
        "2es-S/", 
        "h]<~@*", 
        "a2k<q:", 
        "EB\u001f'?&", 
        "UHy~{^e", 
        "s#RI /", 
        "c+>To!k+A", 
        "iJ8iPQk", 
        "Qq80ZUQ", 
        "@H^z\"l", 
        "=6/K9F(", 
        "Qad\"#v", 
        "?2q@8O", 
        "]\"L8Km", 
        "Vr u8e", 
        "\u001f8wyx8", 
        "gI4pj#", 
        "Pep?D0", 
        "^Yuo~>$", 
        "#k\u001fTp(", 
        "A,Qf)=", 
        "U`XY`z", 
        "VTl$jg", 
        "Dn\\A7u", 
        "Lt=t3?", 
        "$]!45dJ 6 ", 
        "!PbIo[", 
        ")LL0_+", 
        "v0R>Q17`", 
        "E(xV\u001fO", 
        "('k?l@", 
        "9h eb_", 
        "|Rk<o/", 
        "/nAf1x", 
        "p,2S#H&k", 
        "'/\\E:N", 
        "99C6HK", 
        "$cu6!RO|", 
        "XyB@w ", 
        "97>^3I", 
        "BGlq#?\\", 
        "n\"W[#4", 
        "u$EN7:", 
        "S$=S(1x", 
        "XI#JYgRo", 
        "j,dqVoibM", 
        "?/C/X7>", 
        "0}M}RVHJry=7", 
        "Y\"O`w7", 
        "GT=vZY", 
        ",a{?0W", 
        "%y~<UmT", 
        "QhJm&}", 
        "CW!td@0", 
        "m\"o?-jN<", 
        "aIp{qz", 
        "@<L(bx", 
        "X6al\\k=", 
        "d^C=jj", 
        "8a.|VX", 
        "`$O{&J", 
        "\u001f@8u4!", 
        "Sngy#I=KbN", 
        "v>$R59", 
        "sut7Rp", 
        "?$q\\D{", 
        "`i}ug/", 
        "JsvS-`", 
        "I{+@i~&", 
        "g.J|YA", 
        "UqH`Ik", 
        "gwpkdai", 
        " ^$8bp", 
        "SDz=me", 
        "OX\\W|0", 
        "@1aPY6", 
        "f*5p.K", 
        "3\u001f=p\"]", 
        "yF\"OrQ", 
        "Fhw9=D>", 
        "my$2iM", 
        "dm@p&o-", 
        "\"lX!:h", 
        "3AS>i[", 
        "'}NF[Y", 
        "}-nUe#", 
        "'$T|q)", 
        "~w2}tq", 
        "XBB>Tb0", 
        "\u001fr.)\\r", 
        "\\o63-F", 
        ";x=7XT", 
        "+zLu^gp", 
        "_]<_y+", 
        "m&k56us", 
        "0XR:f :", 
        "XL%Ya&", 
        "|oGon)", 
        "eNi];Xn", 
        ":aQ8LS\"", 
        "}3eW5#", 
        "g\\?3HF", 
        "g>>zHh", 
        "g:sOZ(", 
        "oje]Wn@", 
        "Fe,7QT'", 
        ":$as%Z", 
        "d`x98/9\u001f2", 
        "lz;N\"YdlY", 
        "fi+X,R", 
        "9\u001f~O3\\", 
        "Y@(#]0", 
        "r;RP~k", 
        "5].)?^", 
        "]vt|n\\}G", 
        "7B::&m70", 
        "]0/<C6Sn", 
        "`nH(-}", 
        "8\u001f0`9j", 
        "].U0Re", 
        "N,^s:_h", 
        "{h;-OOp'0X", 
        "jYIr>v", 
        "z(=.Zg", 
        "(\u001f!~/^6", 
        "0G}.ky", 
        "xj[BZ+", 
        "S%saMUc%", 
        "V!XrC\"@", 
        "s23TDs", 
        "Up9%qm", 
        ",,~v\u001f,", 
        "V ZZje", 
        "mXtP7M", 
        "6\u001f>?G9P", 
        "kd!pkK][OW", 
        "U%m|ah9", 
        "QsA\\\"R+#1", 
        "z03@{K", 
        "~=Sj3\\", 
        "OwQ:'1", 
        "]f2Z_?l", 
        "nI5fRl", 
        " icbnDU", 
        "q] bEd", 
        "0K!J&p", 
        "m.<\\k=D ]o", 
        "}4h#_#e=", 
        "?y9FrO", 
        "|.ik89", 
        "OSz36t", 
        "134,yL?", 
        "89h@lz", 
        "XjSik6", 
        "O^Y8mV", 
        "9tfs>F", 
        "Hn[aOc", 
        "#BlA{;", 
        "RNI8E7K", 
        "VD`,$)N", 
        "8q@_xu", 
        "|`$K);Nq'", 
        "2n1ig3", 
        "LXXE|_B", 
        "6Vdx#V)", 
        "qrg1f)", 
        "\u001fi*a+'BJ})", 
        "d-CF[x", 
        "\u001fY{#v8", 
        ",Y88L4", 
        "R8a\\9T", 
        "zD4TP_", 
        "KE$#H?", 
        "W;Ao4o?", 
        "hE86agx", 
        "z'@Uuc", 
        "U]s-C&", 
        "p)A \u001fU", 
        "=7X+zQ", 
        "n\"v81z:L{", 
        "tFj/?a", 
        "B+qx\"rIK", 
        "nx;%u:", 
        "AZmL&[", 
        "C8,NJS", 
        "6Eo2f-", 
        ">@q^OM", 
        "4(Z1zj", 
        "N :5LT<", 
        "w/3lU6uW", 
        "C+9I\\&LP", 
        "+_W<I2", 
        "{hXx_)]", 
        "OJ3\"UxcEx", 
        "y)j#Nn=", 
        "G> ,v3", 
        "%'Bv5_", 
        "R8VVWJ", 
        "8o#_wo", 
        ",;9>_x", 
        "qyi+^u", 
        "NJ #-h", 
        "@aX/nBl", 
        "R/o7dPd,A", 
        "brUwL0B", 
        "zWD(N$", 
        "DeiS-o", 
        "mG.i~M", 
        "~3hrq9", 
        "Bvd2/'!_1Q", 
        "d9A0zI", 
        "(P&V*B", 
        "Z.EI$E", 
        "|Q*|'R", 
        "c>E@C e", 
        "&CH[!8", 
        "w_;\\o*CK", 
        "[&`ESN", 
        "{$O<#6", 
        "?, i0F", 
        "[u?1Nx21", 
        "z;'ak4LO", 
        "8R:qF]4", 
        "Mj3>A5", 
        "8kDvIt^", 
        "rF*-/&q", 
        "rW\u001f,}$I", 
        "NA~,k>F", 
        "~/E;fT)", 
        "t!rgK4", 
        "K,%O[|", 
        "J4bwY6", 
        "d6TJ2#{IrM", 
        "I@,atQ", 
        "r]&OAt", 
        "8w$As(", 
        "[vB7yta", 
        "3#Mi'C", 
        "<\"~%Fk", 
        "rZzL-P", 
        "wr,)V0H", 
        "t\\t\u001f>6J", 
        ";KSJlp", 
        "$Lv!AD", 
        "-Y)@bb", 
        "K:~2:v", 
        "G^gifro<", 
        "PO'@<68", 
        "Kk!K|}", 
        "'QRIb_", 
        "}N}$*l1v", 
        "gg'V'=B", 
        "]Fm)Q^", 
        "hoX);\\", 
        "}w;@-.i", 
        "\\\\<xSN~\u001f", 
        ")jb!D2", 
        "aieg_J", 
        "wYfw\"D", 
        "GLP/y2", 
        "b.TZh*", 
        "DZ`L!!i", 
        "CceSd.", 
        "P&kNr|", 
        "3>*\\<x", 
        "q$kYAXLR", 
        ";\u001fc[=[", 
        "k/NY$iCq", 
        ".rE_/)", 
        "d^.n&3", 
        "N_OW--e7", 
        ":T{rz;", 
        "EN1t9vu", 
        "5A(LqHy", 
        "%3;v~Z", 
        "Z&bvK>", 
        "nxozKO", 
        "yOV>pg", 
        "BjECpt", 
        "MP\\7yHG", 
        "f:7x]F", 
        "t($IIE", 
        "j%PlC[i", 
        "r@ pX]", 
        "1luR`5", 
        "kb|s79s", 
        "\u001fn_7R&", 
        "/S6\"fx", 
        "?AaIuH", 
        "B$kzlY", 
        "Zt8PUS", 
        "aywc/$", 
        "7T^w'y", 
        ">|TH8=", 
        "\u001fj_qq,", 
        "*#Z]G!=Q*Z", 
        "q-*ne>", 
        "I(=r0b", 
        "-+Lk4x", 
        "#S6-@'", 
        ">%m 8.!", 
        "1wy ,0w", 
        "brbWEmd", 
        ".H?sY]", 
        "gjTr4{", 
        "F#FXs6", 
        "{n[>DZL", 
        "<)%<hN", 
        "pK1~wig.", 
        "LOj?!k", 
        "\"G2j+;", 
        ",7yD+\"R[", 
        "\u001f</MT!5", 
        "bA@o7Dm", 
        "H|%h!@", 
        "cLhSTZ", 
        "F?Tq.,Y", 
        "EFvD$J", 
        "P]U>9h", 
        "EpP1Jf", 
        " @`6DK", 
        "dH_^RA 0d", 
        "xf&l$G", 
        "MB^va8", 
        "T_'?]F", 
        "Y^^@&Y>)}", 
        "Txt\\0)", 
        "okg}-6", 
        "_bSp|o", 
        "6/{FDp", 
        "QY1yM5E", 
        "avC[]c=p", 
        "6AlLBx\\-B-", 
        "dT@}eE", 
        "R|NccTn", 
        "k3ZdyCD|", 
        "Q$j>l[:", 
        "Y\u001f10sK", 
        ",MEQ\"#`<", 
        "-hWl!E", 
        "u{Q+He\u001f_", 
        "3e?Mn`9", 
        ".b\u001f-.@", 
        "=A4Ou|", 
        "j/o{9^", 
        "cxhEP ", 
        "_}xaF\"", 
        "\u001fm}cFvl", 
        "'fP-l\"", 
        "s0?p'mb", 
        "JetY&vU", 
        "W-T.AW", 
        ")82*]i", 
        "{MI.`F;", 
        "5cWB0j[", 
        "omPV.u`", 
        "=V&<Rj6}e", 
        "!3+|5z", 
        "MBV!x$", 
        "ygTyu@S", 
        "ck!(r(ln", 
        "_yH |}", 
        "~AJI|u", 
        ")}TMSx7eY", 
        ":'vUS}", 
        "<@-GgFn", 
        "d++99<", 
        "jSIaJ-", 
        "XVD(u=a", 
        ",Z{w3g2\"", 
        "WtCL~u", 
        "/>I@&W", 
        "6?#:n@x", 
        "nS\u001fcT]", 
        "RVGeqK", 
        "xP=A[|", 
        ";4Z[Qn", 
        "vQkH TJJ", 
        "sGmVBg", 
        "0{sEHF", 
        "5$;x!o", 
        ";jO).z)rj9", 
        "@1F6'Gg", 
        "8<Gfxq L5", 
        "}y6:lwSh", 
        "(Rwf|&", 
        "s9K y?6", 
        "$.%dst(Px", 
        "1g!\".\u001f", 
        "]:p?8TT", 
        "oWj0C`", 
        "G-Sp W", 
        "y{#42u", 
        "+Z;KF#", 
        "4%`ykS", 
        "]Dr\"oz'rY", 
        "e7Ww~mjTi", 
        "6q#WwE", 
        "mGF+Fb", 
        "J5G4UV", 
        "O~w8$6%", 
        "8}mt~5N", 
        "!5sHUz&6t", 
        "U+waLj", 
        "ia,lt_", 
        "F(&1c<", 
        "\u001f'>/EQO", 
        "J1a3-P", 
        "z7dCqk", 
        ">/q=o8", 
        "%JmY?[)", 
        "7b|_\\a", 
        "yXTy@S+W", 
        "p)Bn@0", 
        "H&drUW:", 
        "mz~07`", 
        "9*#b$o", 
        "H+[\\}!", 
        "&Gfrnu0", 
        "TgqEmGq.'", 
        "m]b]sM", 
        "}>\\mPK", 
        "gb6Vb\"", 
        "co6;5N", 
        "E-H$z4t", 
        ".9uGr4", 
        "t^AUmig", 
        "1%/wRkD", 
        "KVEOK&t", 
        "&x?|Q/1X", 
        "@6uduM", 
        "}F122GH", 
        "|dO!l.", 
        "&cq0]r$", 
        "O[l^QUo2", 
        "^%xy 8a", 
        "k\"^f`Y", 
        "(o7wci", 
        "D?ip~Il_U", 
        "6F'0azO", 
        "[=dHwN!", 
        ")uT?eV", 
        "m# I+\u001fj", 
        "tM[(`A~", 
        "xee'Ik", 
        "64xz1~", 
        "c=y:Q;", 
        "Oc,~X,jf", 
        "TXa=E{i\"G/", 
        "F:,9WNr", 
        "`X6I=^", 
        "0q+Fv0S", 
        "`^X5Yc", 
        " XpBNw", 
        "aQ_2~?", 
        "\\s\\[Lc", 
        "(UK=[n", 
        "0|S&&|E", 
        "^<2_5H", 
        "EE|fR5\"", 
        "/U^+){", 
        "@t\u001f \\~", 
        "%?kiAD%)", 
        "T3sE-`e5", 
        "SP+djj", 
        "l~-@8<", 
        "#:Lx]K^", 
        "Es;+.D", 
        "nRrKLu", 
        "A]mgHj", 
        ";|CUlh", 
        "Z&7\"yG", 
        "Ssk\u001fY!", 
        "as9$RI", 
        "L\u001feAnlfc", 
        "Qqpk\"C", 
        "aR!)$~", 
        "AJk={=N", 
        ".Q%+/4", 
        "FmE=[<u", 
        "i;$14-C", 
        "x-}J}7G", 
        "[JJ+*s", 
        "QArdub.", 
        "S\"^O$w", 
        "xG\u001f`b-", 
        "*ItT=q", 
        "B&a'!(T", 
        "y..@2*", 
        ",@%@XoH", 
        "**U>uz", 
        "(?;e!L", 
        "yKU:F3A\\:E", 
        "kWq:m\"P", 
        "\u001f@sbB=", 
        "70$JPB", 
        "PcK\"3l", 
        "zqvc%fn", 
        "B$yZOr", 
        "d Ow~s9CD^", 
        "4A|%t\u001f", 
        "tc:l'c\u001f`j_t\"v", 
        "oR(B9$", 
        "CE&AXj", 
        "u<>nig", 
        "*V? pSY%", 
        "\">~E1j~", 
        "1;YUcvAj", 
        "!9unVz", 
        "HL'.FE", 
        "]5:b@ r", 
        ">lUY)F", 
        "2~!yGR3", 
        "5m#?mj", 
        "s!n hl", 
        "o{&D=i", 
        "5WLSa8+", 
        "V>O5_%", 
        ">~t^fb", 
        "C&Yp9d", 
        "[-^/dp", 
        "O^Z'NJ", 
        "$nO[5G", 
        "fkUKeD}#", 
        "HD]+5y$", 
        "W$X:U|", 
        "A&_x988|", 
        "~]+Poe", 
        "{3F^|s", 
        "t$%*.U&", 
        "gMDq|PI", 
        ">Z6RU5)t", 
        "0T4S[8o", 
        ")m\"* '", 
        "S*|D&}", 
        "a1x294", 
        "\"E Urb x", 
        "fK.N61M", 
        "t`yoYp", 
        "1/A5/ay", 
        "-Adj+o<oG", 
        "nrS~9!", 
        "\u001f}|8o)", 
        "q^)[R:", 
        "2OU7%+", 
        "g-n=dt8", 
        "6R&A^%", 
        "ZrkNN%", 
        "aqxf>N~7CV", 
        "50S_7y^z", 
        "BLcR`V", 
        "W),_`z", 
        "!y$u!}", 
        "cPL?w3", 
        "bVC|L-L", 
        "IU)) hMdj", 
        "qjNQg/ ", 
        "W\u001f;{);", 
        "K\"a):[", 
        "ZpqETD", 
        "DQ ;wC", 
        "Hlhf uF", 
        "eg$rjSM:th", 
        "mzu ?5\"", 
        "@6i4-q", 
        "0j\u001fT)!", 
        "'c6ev.erka", 
        "!Aj\"@i ", 
        "tQ^JNrf", 
        "&I<ARq", 
        "e1x$no{", 
        "P;bxaM", 
        "e'?V+d", 
        "x\\g7V)", 
        ">9G0.+Ww:", 
        "eJqXxW", 
        "3#Q;vCeH", 
        "Z5~B^Lc", 
        "_xIRK<Tc*", 
        "FzJKS,", 
        ".%:fo/", 
        "~*5|Og", 
        "[&UZDLe", 
        "w .c7u", 
        "QI#O1}", 
        "Xk#ZRv@", 
        "0@6jTe'", 
        "L1RvrxB", 
        "QXN*\\>", 
        "KP/laRa", 
        "oCcZ?m@", 
        "fo>l#q", 
        "}<}7\\0", 
        ">8?AFc", 
        "7<3BjCp6", 
        "qKt\\U-", 
        "=Q}S%-", 
        "erqv+|MZ;N", 
        "]DUPACu", 
        "r'#`KQ", 
        "Ku+B!(", 
        "N{D[ d", 
        "Z0}KK(", 
        "@_8n-*", 
        "_s$[:u", 
        "$QSf27", 
        "*7?w=.|", 
        "%&W*`lt", 
        "@(MZ*5_", 
        ">~8fl{s", 
        "]ERGug", 
        "RD~+]*", 
        "T&f?@r", 
        "DKt6\"I", 
        "n70\"&s", 
        "9/jlI.+", 
        "qB\\gzk", 
        "v{uEk'", 
        "m1Fc,*%\u001f", 
        ")*Rf}s8", 
        "72:]>\u001f", 
        "ev6zC5@G", 
        "V2^?<~^h", 
        "\\4EM2m", 
        "&v>'<*", 
        "9T)yhA", 
        ">(MHHT", 
        "OT$sRLB~,", 
        "sgPvS2", 
        ")qK3[c", 
        "rnw3De(*", 
        "Qp={TP", 
        "[J{J~P", 
        "E,XO\"8", 
        "T`])^qN", 
        "+$(Ma8", 
        "TXly\"U", 
        "[YTlH-wv", 
        "x*i*\"f", 
        "H}\\]%EI", 
        "*9~.so", 
        "h`39\"u", 
        " 2^=~>L", 
        "/s/].5XNt", 
        "(g>\\OD|U", 
        ")WOz(@", 
        "yS}%?}", 
        ".+{:J6", 
        "/<LBnO7J", 
        "5F9~~T", 
        "\\.v:d/"
    ], 
    "metadata": {
        "output": {
            "pcap": {
                "basename": "dump.pcap", 
                "sha256": "6d354cb18a56fc98a46292c125f8c1422650e625e370cc7b15cbead78dbcded7", 
                "dirname": ""
            }
        }
    }
}