{"started_on": {"$dt": "2023-07-17T09:58:58.540380"}, "duration": 121, "sample_id": 42, "owner": null, "id": 66, "category": "file", "priority": 2, "guest": {"status": "stopped", "name": "cuckoo1", "label": "cuckoo1", "manager": "VirtualBox", "started_on": "2023-07-17 09:58:58", "shutdown_on": "2023-07-17 10:01:00"}, "clock": {"$dt": "2023-07-17T09:58:57.804470"}, "custom": null, "machine": null, "platform": "windows", "memory": false, "status": "completed", "tags": [], "processing": null, "enforce_timeout": false, "completed_on": {"$dt": "2023-07-17T10:01:00.133757"}, "target": "/tmp/cuckoo-tmp-root/tmpDzB5Gd/setup.msi", "package": "msi", "route": "none", "timeout": 120, "submit_id": 68, "options": {"procmemdump": "yes", "route": "none"}, "added_on": {"$dt": "2023-07-17T09:58:57.804480"}}