{"started_on": {"$dt": "2023-07-14T16:47:50.901530"}, "duration": 187, "sample_id": 32, "owner": null, "id": 50, "category": "file", "priority": 2, "guest": {"status": "stopped", "name": "cuckoo1", "label": "cuckoo1", "manager": "VirtualBox", "started_on": "2023-07-14 16:47:51", "shutdown_on": "2023-07-14 16:50:58"}, "clock": {"$dt": "2023-07-14T16:47:50.421455"}, "custom": null, "machine": null, "platform": "windows", "memory": false, "status": "completed", "tags": [], "processing": null, "enforce_timeout": false, "completed_on": {"$dt": "2023-07-14T16:50:58.901213"}, "target": "/tmp/cuckoo-tmp-root/tmpTU4wUr/0442cfabb3212644c4b894a7e4a7e84c00fd23489cc4f96490f9988e6074b6ab", "package": "exe", "route": "none", "timeout": 120, "submit_id": 52, "options": {"procmemdump": "yes", "route": "none"}, "added_on": {"$dt": "2023-07-14T16:47:50.421464"}}