{"started_on": {"$dt": "2023-07-14T16:55:37.616617"}, "duration": 187, "sample_id": 34, "owner": null, "id": 52, "category": "file", "priority": 2, "guest": {"status": "stopped", "name": "cuckoo1", "label": "cuckoo1", "manager": "VirtualBox", "started_on": "2023-07-14 16:55:37", "shutdown_on": "2023-07-14 16:58:45"}, "clock": {"$dt": "2023-07-14T16:55:36.963213"}, "custom": null, "machine": null, "platform": "windows", "memory": false, "status": "completed", "tags": [], "processing": null, "enforce_timeout": false, "completed_on": {"$dt": "2023-07-14T16:58:45.569413"}, "target": "/tmp/cuckoo-tmp-root/tmpJaej_Z/e49778d20a2f9b1f8b00ddd24b6bcee81af381ed02cfe0a3c9ab3111cda5f573", "package": "exe", "route": "none", "timeout": 120, "submit_id": 54, "options": {"procmemdump": "yes", "route": "none"}, "added_on": {"$dt": "2023-07-14T16:55:36.963223"}}