{
    "info": {
        "added": 1689352436.446385, 
        "started": 1689352437.119888, 
        "duration": 25, 
        "ended": 1689352462.593807, 
        "owner": null, 
        "score": 0.4, 
        "id": 41, 
        "category": "file", 
        "git": {
            "head": "13cbe0d9e457be3673304533043e992ead1ea9b2", 
            "fetch_head": "13cbe0d9e457be3673304533043e992ead1ea9b2"
        }, 
        "monitor": "2deb9ccd75d5a7a3fe05b2625b03a8639d6ee36b", 
        "package": "exe", 
        "route": "none", 
        "custom": null, 
        "machine": {
            "status": "stopped", 
            "name": "cuckoo1", 
            "label": "cuckoo1", 
            "manager": "VirtualBox", 
            "started_on": "2023-07-14 16:33:57", 
            "shutdown_on": "2023-07-14 16:34:22"
        }, 
        "platform": "windows", 
        "version": "2.0.7", 
        "options": "procmemdump=yes,route=none"
    }, 
    "signatures": [
        {
            "families": [], 
            "description": "The binary likely contains encrypted or compressed data indicative of a packer", 
            "severity": 2, 
            "ttp": {
                "T1045": {
                    "short": "Software Packing", 
                    "long": "Software packing is a method of compressing or encrypting an executable. Packing an executable changes the file signature in an attempt to avoid signature-based detection. Most decompression techniques decompress the executable code in memory."
                }
            }, 
            "markcount": 2, 
            "references": [
                "http://www.forensickb.com/2013/03/file-entropy-explained.html", 
                "http://virii.es/U/Using%20Entropy%20Analysis%20to%20Find%20Encrypted%20and%20Packed%20Malware.pdf"
            ], 
            "marks": [
                {
                    "entropy": 6.983458642283511, 
                    "section": {
                        "size_of_data": "0x00002200", 
                        "virtual_address": "0x00007000", 
                        "entropy": 6.983458642283511, 
                        "name": ".data", 
                        "virtual_size": "0x00011a40"
                    }, 
                    "type": "generic", 
                    "description": "A section with a high entropy has been found"
                }, 
                {
                    "entropy": 0.2537313432835821, 
                    "type": "generic", 
                    "description": "Overall entropy of this PE file is high"
                }
            ], 
            "name": "packer_entropy"
        }
    ], 
    "target": {
        "category": "file", 
        "file": {
            "yara": [], 
            "sha1": "8c6b51923ee7da2f4642c7717db95fbb77d96164", 
            "name": "unpacked.mem", 
            "type": "PE32 executable (GUI) Intel 80386, for MS Windows", 
            "sha256": "b38b4c1dcf6d6ecd1bbfc236b43c37c18044c2f42f11e5088384f4bd0751929c", 
            "urls": [], 
            "crc32": "637435AB", 
            "path": "/root/.cuckoo/storage/binaries/b38b4c1dcf6d6ecd1bbfc236b43c37c18044c2f42f11e5088384f4bd0751929c", 
            "ssdeep": null, 
            "size": 73728, 
            "sha512": "d13183e8ba4689475b0cb3f5cc7acbfba34a1ba661eb5988984647c2bd3e561cfa03f6267f60ae9fb2ca0783f26c105cdbcfc89def598c48968febef23c21aaa", 
            "md5": "108756f41d114eb93e136ba2feb838d0"
        }
    }, 
    "network": {
        "tls": [], 
        "udp": [
            {
                "src": "192.168.56.101", 
                "dst": "192.168.56.255", 
                "offset": 1010, 
                "time": 6.111511945724487, 
                "dport": 137, 
                "sport": 137
            }, 
            {
                "src": "192.168.56.101", 
                "dst": "192.168.56.255", 
                "offset": 12134, 
                "time": 20.394317865371704, 
                "dport": 138, 
                "sport": 138
            }, 
            {
                "src": "192.168.56.101", 
                "dst": "224.0.0.252", 
                "offset": 15118, 
                "time": 8.17110300064087, 
                "dport": 5355, 
                "sport": 50100
            }, 
            {
                "src": "192.168.56.101", 
                "dst": "224.0.0.252", 
                "offset": 15478, 
                "time": 16.873442888259888, 
                "dport": 5355, 
                "sport": 50322
            }, 
            {
                "src": "192.168.56.101", 
                "dst": "224.0.0.252", 
                "offset": 15806, 
                "time": 6.295201063156128, 
                "dport": 5355, 
                "sport": 52573
            }, 
            {
                "src": "192.168.56.101", 
                "dst": "224.0.0.252", 
                "offset": 16134, 
                "time": 9.016065835952759, 
                "dport": 5355, 
                "sport": 54060
            }, 
            {
                "src": "192.168.56.101", 
                "dst": "224.0.0.252", 
                "offset": 16462, 
                "time": 19.503623008728027, 
                "dport": 5355, 
                "sport": 55998
            }, 
            {
                "src": "192.168.56.101", 
                "dst": "224.0.0.252", 
                "offset": 16790, 
                "time": 3.21684193611145, 
                "dport": 5355, 
                "sport": 57689
            }, 
            {
                "src": "192.168.56.101", 
                "dst": "224.0.0.252", 
                "offset": 17118, 
                "time": 11.514757871627808, 
                "dport": 5355, 
                "sport": 60020
            }, 
            {
                "src": "192.168.56.101", 
                "dst": "224.0.0.252", 
                "offset": 17478, 
                "time": 2.9599809646606445, 
                "dport": 5355, 
                "sport": 60637
            }, 
            {
                "src": "192.168.56.101", 
                "dst": "224.0.0.252", 
                "offset": 17838, 
                "time": 14.245105028152466, 
                "dport": 5355, 
                "sport": 61672
            }, 
            {
                "src": "192.168.56.101", 
                "dst": "224.0.0.252", 
                "offset": 18166, 
                "time": 8.482666015625, 
                "dport": 5355, 
                "sport": 62669
            }, 
            {
                "src": "192.168.56.101", 
                "dst": "224.0.0.252", 
                "offset": 18526, 
                "time": 3.9583640098571777, 
                "dport": 5355, 
                "sport": 63033
            }, 
            {
                "src": "192.168.56.101", 
                "dst": "224.0.0.252", 
                "offset": 18886, 
                "time": 6.389592885971069, 
                "dport": 5355, 
                "sport": 63210
            }, 
            {
                "src": "192.168.56.101", 
                "dst": "224.0.0.252", 
                "offset": 19246, 
                "time": 11.608409881591797, 
                "dport": 5355, 
                "sport": 63635
            }, 
            {
                "src": "192.168.56.101", 
                "dst": "224.0.0.252", 
                "offset": 19574, 
                "time": 6.01554799079895, 
                "dport": 5355, 
                "sport": 63880
            }, 
            {
                "src": "192.168.56.101", 
                "dst": "255.255.255.255", 
                "offset": 19934, 
                "time": 7.701689958572388, 
                "dport": 67, 
                "sport": 68
            }
        ], 
        "dns_servers": [], 
        "http": [], 
        "icmp": [], 
        "smtp": [], 
        "tcp": [], 
        "smtp_ex": [], 
        "mitm": [], 
        "hosts": [], 
        "pcap_sha256": "52f9be05518cf4a16e26ba16a4175db1cd01d97ca5ad677444672acaff21291c", 
        "dns": [], 
        "http_ex": [], 
        "domains": [], 
        "dead_hosts": [], 
        "sorted_pcap_sha256": "0d6fa9efaece99ffe151bf8bb6782515277fd09137b926341ea4f83cabfc8cd7", 
        "irc": [], 
        "https_ex": []
    }, 
    "static": {
        "pdb_path": null, 
        "pe_imports": [
            {
                "imports": [
                    {
                        "name": "RtlGetNtVersionNumbers", 
                        "address": "0x40119c"
                    }, 
                    {
                        "name": "strrchr", 
                        "address": "0x4011a0"
                    }, 
                    {
                        "name": "wcsncmp", 
                        "address": "0x4011a4"
                    }, 
                    {
                        "name": "wcstombs", 
                        "address": "0x4011a8"
                    }, 
                    {
                        "name": "_vsnwprintf", 
                        "address": "0x4011ac"
                    }, 
                    {
                        "name": "wcsstr", 
                        "address": "0x4011b0"
                    }, 
                    {
                        "name": "wcsrchr", 
                        "address": "0x4011b4"
                    }, 
                    {
                        "name": "NtQueryInformationProcess", 
                        "address": "0x4011b8"
                    }, 
                    {
                        "name": "RtlGetCurrentPeb", 
                        "address": "0x4011bc"
                    }, 
                    {
                        "name": "NtYieldExecution", 
                        "address": "0x4011c0"
                    }, 
                    {
                        "name": "vsprintf", 
                        "address": "0x4011c4"
                    }, 
                    {
                        "name": "mbstowcs", 
                        "address": "0x4011c8"
                    }, 
                    {
                        "name": "sprintf", 
                        "address": "0x4011cc"
                    }, 
                    {
                        "name": "_stricmp", 
                        "address": "0x4011d0"
                    }, 
                    {
                        "name": "_chkstk", 
                        "address": "0x4011d4"
                    }, 
                    {
                        "name": "memset", 
                        "address": "0x4011d8"
                    }, 
                    {
                        "name": "memcpy", 
                        "address": "0x4011dc"
                    }, 
                    {
                        "name": "_allrem", 
                        "address": "0x4011e0"
                    }, 
                    {
                        "name": "RtlUnwind", 
                        "address": "0x4011e4"
                    }
                ], 
                "dll": "ntdll.dll"
            }, 
            {
                "imports": [
                    {
                        "name": "??3@YAXPAX@Z", 
                        "address": "0x401154"
                    }, 
                    {
                        "name": "free", 
                        "address": "0x401158"
                    }, 
                    {
                        "name": "??2@YAPAXI@Z", 
                        "address": "0x40115c"
                    }, 
                    {
                        "name": "malloc", 
                        "address": "0x401160"
                    }
                ], 
                "dll": "MSVCRT.dll"
            }, 
            {
                "imports": [
                    {
                        "name": "GetTempPathW", 
                        "address": "0x401024"
                    }, 
                    {
                        "name": "SwitchToThread", 
                        "address": "0x401028"
                    }, 
                    {
                        "name": "ExpandEnvironmentStringsW", 
                        "address": "0x40102c"
                    }, 
                    {
                        "name": "CreateThread", 
                        "address": "0x401030"
                    }, 
                    {
                        "name": "DeleteFileA", 
                        "address": "0x401034"
                    }, 
                    {
                        "name": "SetFileAttributesW", 
                        "address": "0x401038"
                    }, 
                    {
                        "name": "ResumeThread", 
                        "address": "0x40103c"
                    }, 
                    {
                        "name": "WriteProcessMemory", 
                        "address": "0x401040"
                    }, 
                    {
                        "name": "LocalFree", 
                        "address": "0x401044"
                    }, 
                    {
                        "name": "DeleteFileW", 
                        "address": "0x401048"
                    }, 
                    {
                        "name": "GetWindowsDirectoryW", 
                        "address": "0x40104c"
                    }, 
                    {
                        "name": "CloseHandle", 
                        "address": "0x401050"
                    }, 
                    {
                        "name": "GetFullPathNameW", 
                        "address": "0x401054"
                    }, 
                    {
                        "name": "ExitProcess", 
                        "address": "0x401058"
                    }, 
                    {
                        "name": "GetCommandLineW", 
                        "address": "0x40105c"
                    }, 
                    {
                        "name": "GetComputerNameA", 
                        "address": "0x401060"
                    }, 
                    {
                        "name": "CreateFileA", 
                        "address": "0x401064"
                    }, 
                    {
                        "name": "GetFileSize", 
                        "address": "0x401068"
                    }, 
                    {
                        "name": "SetPriorityClass", 
                        "address": "0x40106c"
                    }, 
                    {
                        "name": "FindFirstFileW", 
                        "address": "0x401070"
                    }, 
                    {
                        "name": "SetFilePointer", 
                        "address": "0x401074"
                    }, 
                    {
                        "name": "GetLocaleInfoA", 
                        "address": "0x401078"
                    }, 
                    {
                        "name": "MapViewOfFile", 
                        "address": "0x40107c"
                    }, 
                    {
                        "name": "UnmapViewOfFile", 
                        "address": "0x401080"
                    }, 
                    {
                        "name": "GetDriveTypeW", 
                        "address": "0x401084"
                    }, 
                    {
                        "name": "FreeLibrary", 
                        "address": "0x401088"
                    }, 
                    {
                        "name": "HeapAlloc", 
                        "address": "0x40108c"
                    }, 
                    {
                        "name": "SetUnhandledExceptionFilter", 
                        "address": "0x401090"
                    }, 
                    {
                        "name": "InterlockedIncrement", 
                        "address": "0x401094"
                    }, 
                    {
                        "name": "MoveFileExW", 
                        "address": "0x401098"
                    }, 
                    {
                        "name": "InterlockedDecrement", 
                        "address": "0x40109c"
                    }, 
                    {
                        "name": "GetCurrentProcess", 
                        "address": "0x4010a0"
                    }, 
                    {
                        "name": "GetLogicalDriveStringsW", 
                        "address": "0x4010a4"
                    }, 
                    {
                        "name": "HeapFree", 
                        "address": "0x4010a8"
                    }, 
                    {
                        "name": "WaitForSingleObject", 
                        "address": "0x4010ac"
                    }, 
                    {
                        "name": "GetSystemDefaultLCID", 
                        "address": "0x4010b0"
                    }, 
                    {
                        "name": "OutputDebugStringW", 
                        "address": "0x4010b4"
                    }, 
                    {
                        "name": "GetTickCount", 
                        "address": "0x4010b8"
                    }, 
                    {
                        "name": "GetProcessHeap", 
                        "address": "0x4010bc"
                    }, 
                    {
                        "name": "FormatMessageA", 
                        "address": "0x4010c0"
                    }, 
                    {
                        "name": "WriteFile", 
                        "address": "0x4010c4"
                    }, 
                    {
                        "name": "InitializeCriticalSection", 
                        "address": "0x4010c8"
                    }, 
                    {
                        "name": "GetSystemDirectoryW", 
                        "address": "0x4010cc"
                    }, 
                    {
                        "name": "Sleep", 
                        "address": "0x4010d0"
                    }, 
                    {
                        "name": "CopyFileW", 
                        "address": "0x4010d4"
                    }, 
                    {
                        "name": "LeaveCriticalSection", 
                        "address": "0x4010d8"
                    }, 
                    {
                        "name": "HeapCreate", 
                        "address": "0x4010dc"
                    }, 
                    {
                        "name": "CreateProcessA", 
                        "address": "0x4010e0"
                    }, 
                    {
                        "name": "ReadFile", 
                        "address": "0x4010e4"
                    }, 
                    {
                        "name": "CreateFileW", 
                        "address": "0x4010e8"
                    }, 
                    {
                        "name": "SetThreadPriority", 
                        "address": "0x4010ec"
                    }, 
                    {
                        "name": "FlushFileBuffers", 
                        "address": "0x4010f0"
                    }, 
                    {
                        "name": "OutputDebugStringA", 
                        "address": "0x4010f4"
                    }, 
                    {
                        "name": "GetFileSizeEx", 
                        "address": "0x4010f8"
                    }, 
                    {
                        "name": "GetLastError", 
                        "address": "0x4010fc"
                    }, 
                    {
                        "name": "GetProcAddress", 
                        "address": "0x401100"
                    }, 
                    {
                        "name": "QueueUserAPC", 
                        "address": "0x401104"
                    }, 
                    {
                        "name": "MoveFileW", 
                        "address": "0x401108"
                    }, 
                    {
                        "name": "EnterCriticalSection", 
                        "address": "0x40110c"
                    }, 
                    {
                        "name": "VirtualAllocEx", 
                        "address": "0x401110"
                    }, 
                    {
                        "name": "FindClose", 
                        "address": "0x401114"
                    }, 
                    {
                        "name": "GetLocalTime", 
                        "address": "0x401118"
                    }, 
                    {
                        "name": "LoadLibraryA", 
                        "address": "0x40111c"
                    }, 
                    {
                        "name": "CreateFileMappingA", 
                        "address": "0x401120"
                    }, 
                    {
                        "name": "LocalAlloc", 
                        "address": "0x401124"
                    }, 
                    {
                        "name": "DeviceIoControl", 
                        "address": "0x401128"
                    }, 
                    {
                        "name": "WaitForMultipleObjects", 
                        "address": "0x40112c"
                    }, 
                    {
                        "name": "GetModuleFileNameA", 
                        "address": "0x401130"
                    }, 
                    {
                        "name": "GetModuleHandleA", 
                        "address": "0x401134"
                    }, 
                    {
                        "name": "FindNextFileW", 
                        "address": "0x401138"
                    }, 
                    {
                        "name": "GetShortPathNameW", 
                        "address": "0x40113c"
                    }
                ], 
                "dll": "KERNEL32.dll"
            }, 
            {
                "imports": [
                    {
                        "name": "WNetOpenEnumW", 
                        "address": "0x401144"
                    }, 
                    {
                        "name": "WNetEnumResourceW", 
                        "address": "0x401148"
                    }, 
                    {
                        "name": "WNetCloseEnum", 
                        "address": "0x40114c"
                    }
                ], 
                "dll": "MPR.dll"
            }, 
            {
                "imports": [
                    {
                        "name": "WSAStartup", 
                        "address": "0x40117c"
                    }, 
                    {
                        "name": "connect", 
                        "address": "0x401180"
                    }, 
                    {
                        "name": "send", 
                        "address": "0x401184"
                    }, 
                    {
                        "name": "gethostbyname", 
                        "address": "0x401188"
                    }, 
                    {
                        "name": "closesocket", 
                        "address": "0x40118c"
                    }, 
                    {
                        "name": "socket", 
                        "address": "0x401190"
                    }, 
                    {
                        "name": "htons", 
                        "address": "0x401194"
                    }
                ], 
                "dll": "WS2_32.dll"
            }, 
            {
                "imports": [
                    {
                        "name": "MessageBoxA", 
                        "address": "0x401170"
                    }, 
                    {
                        "name": "wsprintfW", 
                        "address": "0x401174"
                    }
                ], 
                "dll": "USER32.dll"
            }, 
            {
                "imports": [
                    {
                        "name": "GetUserNameA", 
                        "address": "0x401000"
                    }, 
                    {
                        "name": "RegSetValueExW", 
                        "address": "0x401004"
                    }, 
                    {
                        "name": "RegCloseKey", 
                        "address": "0x401008"
                    }, 
                    {
                        "name": "GetCurrentHwProfileW", 
                        "address": "0x40100c"
                    }, 
                    {
                        "name": "RegSetValueExA", 
                        "address": "0x401010"
                    }, 
                    {
                        "name": "RegOpenKeyExA", 
                        "address": "0x401014"
                    }, 
                    {
                        "name": "RegCreateKeyExA", 
                        "address": "0x401018"
                    }, 
                    {
                        "name": "RegQueryValueExA", 
                        "address": "0x40101c"
                    }
                ], 
                "dll": "ADVAPI32.dll"
            }, 
            {
                "imports": [
                    {
                        "name": "CommandLineToArgvW", 
                        "address": "0x401168"
                    }
                ], 
                "dll": "SHELL32.dll"
            }
        ], 
        "peid_signatures": null, 
        "keys": [], 
        "signature": [], 
        "pe_timestamp": "2016-06-25 05:56:46", 
        "pe_exports": [], 
        "imported_dll_count": 8, 
        "pe_imphash": "d99e35e9d4559cb6df0e1eb507b928cc", 
        "pe_resources": [], 
        "pe_versioninfo": [], 
        "pe_sections": [
            {
                "size_of_data": "0x00005800", 
                "virtual_address": "0x00001000", 
                "entropy": 6.500483864555488, 
                "name": ".text", 
                "virtual_size": "0x00005746"
            }, 
            {
                "size_of_data": "0x00002200", 
                "virtual_address": "0x00007000", 
                "entropy": 6.983458642283511, 
                "name": ".data", 
                "virtual_size": "0x00011a40"
            }, 
            {
                "size_of_data": "0x00000200", 
                "virtual_address": "0x00019000", 
                "entropy": 0.0, 
                "name": ".tls", 
                "virtual_size": "0x0000000c"
            }, 
            {
                "size_of_data": "0x00000a00", 
                "virtual_address": "0x0001a000", 
                "entropy": 5.486861952699766, 
                "name": ".reloc", 
                "virtual_size": "0x00000930"
            }
        ]
    }, 
    "debug": {
        "action": [], 
        "dbgview": [], 
        "errors": [], 
        "log": [
            "2023-07-14 16:33:56,078 [analyzer] DEBUG: Starting analyzer from: C:\\tmpbhv_ec\n", 
            "2023-07-14 16:33:56,125 [analyzer] DEBUG: Pipe server name: \\??\\PIPE\\KFaguhnSKHfbUwbQmjpErHJI\n", 
            "2023-07-14 16:33:56,125 [analyzer] DEBUG: Log pipe server name: \\??\\PIPE\\NundXNZSSTTNkGJB\n", 
            "2023-07-14 16:33:56,265 [analyzer] DEBUG: Started auxiliary module DbgView\n", 
            "2023-07-14 16:33:56,796 [analyzer] DEBUG: Started auxiliary module Disguise\n"
        ], 
        "cuckoo": [
            "2023-07-14 16:33:57,150 [cuckoo.core.scheduler] INFO: Task #41: acquired machine cuckoo1 (label=cuckoo1)\n", 
            "2023-07-14 16:33:57,150 [cuckoo.core.resultserver] DEBUG: Now tracking machine 192.168.56.101 for task #41\n", 
            "2023-07-14 16:33:57,150 [cuckoo.core.plugins] DEBUG: Started auxiliary module: Replay\n", 
            "2023-07-14 16:33:57,155 [cuckoo.auxiliary.sniffer] INFO: Started sniffer with PID 23192 (interface=vboxnet0, host=192.168.56.101)\n", 
            "2023-07-14 16:33:57,155 [cuckoo.core.plugins] DEBUG: Started auxiliary module: Sniffer\n", 
            "2023-07-14 16:33:57,174 [cuckoo.machinery.virtualbox] DEBUG: Starting vm cuckoo1\n", 
            "2023-07-14 16:33:57,224 [cuckoo.machinery.virtualbox] DEBUG: Restoring virtual machine cuckoo1 to its current snapshot\n", 
            "2023-07-14 16:33:58,800 [cuckoo.core.guest] INFO: Starting analysis #41 on guest (id=cuckoo1, ip=192.168.56.101)\n", 
            "2023-07-14 16:33:59,803 [cuckoo.core.guest] DEBUG: cuckoo1: not ready yet\n", 
            "2023-07-14 16:34:00,806 [cuckoo.core.guest] DEBUG: cuckoo1: not ready yet\n", 
            "2023-07-14 16:34:01,810 [cuckoo.core.guest] DEBUG: cuckoo1: not ready yet\n", 
            "2023-07-14 16:34:01,874 [cuckoo.core.guest] DEBUG: cuckoo1: not ready yet\n", 
            "2023-07-14 16:34:02,887 [cuckoo.core.guest] INFO: Guest is running Cuckoo Agent 0.10 (id=cuckoo1, ip=192.168.56.101)\n", 
            "2023-07-14 16:34:02,904 [cuckoo.core.guest] DEBUG: Uploading analyzer to guest (id=cuckoo1, ip=192.168.56.101, monitor=latest, size=3884763)\n", 
            "2023-07-14 16:34:03,318 [cuckoo.core.resultserver] DEBUG: Task #41: live log analysis.log initialized.\n", 
            "2023-07-14 16:34:06,114 [cuckoo.core.resultserver] DEBUG: Task #41 had connection reset for <Context for None>\n", 
            "2023-07-14 16:34:08,028 [cuckoo.core.guest] DEBUG: cuckoo1: analysis #41 still processing\n", 
            "2023-07-14 16:34:11,720 [cuckoo.core.resultserver] DEBUG: Task #41: File upload for 'shots/0001.jpg'\n", 
            "2023-07-14 16:34:11,725 [cuckoo.core.resultserver] DEBUG: Task #41 uploaded file length: 124945\n", 
            "2023-07-14 16:34:12,822 [cuckoo.core.resultserver] DEBUG: Task #41: File upload for 'shots/0002.jpg'\n", 
            "2023-07-14 16:34:12,826 [cuckoo.core.resultserver] DEBUG: Task #41 uploaded file length: 124445\n", 
            "2023-07-14 16:34:13,048 [cuckoo.core.guest] DEBUG: cuckoo1: analysis #41 still processing\n", 
            "2023-07-14 16:34:18,069 [cuckoo.core.guest] DEBUG: cuckoo1: analysis #41 still processing\n", 
            "2023-07-14 16:34:20,381 [cuckoo.core.resultserver] DEBUG: Task #41: File upload for 'shots/0003.jpg'\n", 
            "2023-07-14 16:34:20,385 [cuckoo.core.resultserver] DEBUG: Task #41 uploaded file length: 125908\n", 
            "2023-07-14 16:34:21,351 [cuckoo.core.guest] INFO: cuckoo1: analysis completed successfully\n", 
            "2023-07-14 16:34:21,367 [cuckoo.core.plugins] DEBUG: Stopped auxiliary module: Replay\n", 
            "2023-07-14 16:34:21,415 [cuckoo.core.resultserver] DEBUG: Task #41: File upload for 'shots/0004.jpg'\n", 
            "2023-07-14 16:34:21,419 [cuckoo.core.resultserver] DEBUG: Task #41 uploaded file length: 124504\n", 
            "2023-07-14 16:34:21,434 [cuckoo.core.plugins] DEBUG: Stopped auxiliary module: Sniffer\n", 
            "2023-07-14 16:34:21,434 [cuckoo.machinery.virtualbox] DEBUG: Stopping vm cuckoo1\n", 
            "2023-07-14 16:34:22,586 [cuckoo.core.resultserver] DEBUG: Stopped tracking machine 192.168.56.101 for task #41\n", 
            "2023-07-14 16:34:22,586 [cuckoo.core.resultserver] DEBUG: Cancel <Context for LOG> for task 41\n", 
            "2023-07-14 16:34:22,589 [cuckoo.core.scheduler] DEBUG: Released database task #41\n", 
            "2023-07-14 16:34:22,597 [cuckoo.core.plugins] DEBUG: Executed processing module \"AnalysisInfo\" for task #41\n", 
            "2023-07-14 16:34:22,597 [cuckoo.processing.behavior] WARNING: Analysis results folder does not contain any behavior log files.\n", 
            "2023-07-14 16:34:22,598 [cuckoo.core.plugins] DEBUG: Executed processing module \"BehaviorAnalysis\" for task #41\n", 
            "2023-07-14 16:34:22,598 [cuckoo.core.plugins] DEBUG: Executed processing module \"Dropped\" for task #41\n", 
            "2023-07-14 16:34:22,598 [cuckoo.core.plugins] DEBUG: Executed processing module \"DroppedBuffer\" for task #41\n", 
            "2023-07-14 16:34:22,598 [cuckoo.core.plugins] DEBUG: Executed processing module \"MetaInfo\" for task #41\n", 
            "2023-07-14 16:34:22,598 [cuckoo.core.plugins] DEBUG: Executed processing module \"ProcessMemory\" for task #41\n", 
            "2023-07-14 16:34:22,598 [cuckoo.core."
        ]
    }, 
    "screenshots": [
        {
            "path": "/root/.cuckoo/storage/analyses/41/shots/0001.jpg", 
            "ocr": ""
        }, 
        {
            "path": "/root/.cuckoo/storage/analyses/41/shots/0002.jpg", 
            "ocr": ""
        }, 
        {
            "path": "/root/.cuckoo/storage/analyses/41/shots/0003.jpg", 
            "ocr": ""
        }, 
        {
            "path": "/root/.cuckoo/storage/analyses/41/shots/0004.jpg", 
            "ocr": ""
        }
    ], 
    "strings": [
        "!This program cannot be run in DOS mode.", 
        "`.data", 
        ".reloc", 
        "/add.php", 
        "%s: #0x%X %s", 
        "DeCompressor", 
        "%s: Error API", 
        "Try Decrypt: uc_size = %d, c_size = %d", 
        "%s: Error DecB: 0x%X", 
        "%s: Ok: %d", 
        "0123456789ABCDEF", 
        "advapi32", 
        "MD5Init", 
        "MD5Update", 
        "MD5Final", 
        "%s: Error load lib 0x%X", 
        "rundll32.exe", 
        "Size: 0x%X key:0x%X", 
        "HeapAlloc sz = %d", 
        "Extractor", 
        "%s: Error Heap", 
        "MBRsz = %d", 
        "Try Extract Font", 
        "dwSzFont = %d", 
        "dwSzLending = %d", 
        "dwSzBTC = %d", 
        "dwSzMail = %d", 
        "dwMailSelector = %d  dwBtcSelector = %d", 
        "Save Leading to %s done", 
        "Engine: Try to open drive %s", 
        "Engine: %s opened", 
        "%s: No MBR sector", 
        "Total sectors:%d", 
        "SectorSize: %d", 
        "ZeroSecNum:%d", 
        "FirstZero:%d", 
        "LastZero:%d", 
        "Font (%d [byte]) written to Disk: %d", 
        "XOR key=0x%X", 
        "Message len: %d", 
        "Message written to Disk", 
        "Try write MBR to Disk: %d", 
        "Random sector written", 
        "DAY: %d", 
        "MBR written to Disk# %d", 
        "Error write MBR to Disk", 
        "No NEW MBR!", 
        "Free %d sectors not found", 
        "Try HeapFree #1", 
        "Engine: Error SecNum<63!", 
        "Engine: Error Read First Sector!", 
        "Try HeapFree #2", 
        "Engine: Error BytesPerSector!", 
        "Engine: Error DeviceIoControl!", 
        "Try HeapFree #3", 
        "POST %s HTTP/1.0", 
        "Host: %s", 
        "Content-type: application/x-www-form-urlencoded", 
        "Content-length: %d", 
        "DnsFlushResolverCache", 
        "dnsapi.dll", 
        "error socket", 
        "error gethostbyname", 
        "error DnsFlushResolverCache", 
        "Error: DNS not resolved!", 
        "gethostbyname - OK", 
        "Error connect", 
        "Connected", 
        "error WSAStartup", 
        "ERROR CREATE HEAP!!!", 
        "IsWow64Process", 
        "kernel32", 
        "hHeap = 0x%X nSize = %d", 
        "Locale: %s", 
        "id=%d&code=%d&sdata=%d.%d.%d %d %d %s %s %d&name=%s&md5=%s&dlen=%s", 
        "Error Get File Size: 0x%X", 
        "Encoder", 
        "%s: EXCEPT!!", 
        "FindFirstFile->", 
        "<-FindFirstFile", 
        "EnumLocalRes", 
        "%s--->", 
        "Find All", 
        "WNetOpenEnumW", 
        "=======EEEEEEEEEEEEEE=========", 
        "EnumNetRes", 
        "%s: Error HeapAlloc", 
        "!SATANA!", 
        "!Except: 0x%X", 
        "%s%s%s%s", 
        "PHWID: %s", 
        "E-mail", 
        "E-mail found: %s", 
        "%X%X%X%X%X%X%X%X", 
        "wcWinDir: %s dwWinDirLen = %d", 
        "###########################################First Phase Done", 
        "###########################################Two Phase Done counter = %d", 
        "###########################################Three Phase Done counter = %d, Start WatchDog", 
        "###########################################All Phase Done", 
        "HWID: %s", 
        "2 -th start", 
        "%I64d:%d", 
        "Time: %d", 
        "VOLUME:File: %s", 
        "THE END.", 
        "Error set privilege", 
        "1 -th start", 
        "Error in tAF", 
        "QWRVPj", 
        "QRWPhL", 
        "D$Dj.P", 
        "L$DQRh", 
        "j0hp?A", 
        "VC20XC00U", 
        "t ;t$$t", 
        "_stricmp", 
        "sprintf", 
        "mbstowcs", 
        "vsprintf", 
        "NtYieldExecution", 
        "RtlGetCurrentPeb", 
        "NtQueryInformationProcess", 
        "wcsrchr", 
        "wcsstr", 
        "_vsnwprintf", 
        "RtlGetNtVersionNumbers", 
        "strrchr", 
        "wcsncmp", 
        "wcstombs", 
        "ntdll.dll", 
        "malloc", 
        "??3@YAXPAX@Z", 
        "??2@YAPAXI@Z", 
        "MSVCRT.dll", 
        "GetFullPathNameW", 
        "ExitProcess", 
        "GetCommandLineW", 
        "GetComputerNameA", 
        "CreateFileA", 
        "GetFileSize", 
        "SetPriorityClass", 
        "FindFirstFileW", 
        "SetFilePointer", 
        "GetLocaleInfoA", 
        "MapViewOfFile", 
        "UnmapViewOfFile", 
        "GetDriveTypeW", 
        "FreeLibrary", 
        "HeapAlloc", 
        "SetUnhandledExceptionFilter", 
        "InterlockedIncrement", 
        "MoveFileExW", 
        "InterlockedDecrement", 
        "GetCurrentProcess", 
        "GetLogicalDriveStringsW", 
        "HeapFree", 
        "WaitForSingleObject", 
        "GetSystemDefaultLCID", 
        "OutputDebugStringW", 
        "GetTickCount", 
        "GetProcessHeap", 
        "FormatMessageA", 
        "WriteFile", 
        "InitializeCriticalSection", 
        "GetSystemDirectoryW", 
        "CopyFileW", 
        "LeaveCriticalSection", 
        "HeapCreate", 
        "CreateProcessA", 
        "ReadFile", 
        "CreateFileW", 
        "SetThreadPriority", 
        "FlushFileBuffers", 
        "GetTempPathW", 
        "GetFileSizeEx", 
        "GetLastError", 
        "GetProcAddress", 
        "QueueUserAPC", 
        "MoveFileW", 
        "EnterCriticalSection", 
        "VirtualAllocEx", 
        "FindClose", 
        "GetLocalTime", 
        "LoadLibraryA", 
        "CreateFileMappingA", 
        "LocalAlloc", 
        "DeviceIoControl", 
        "WaitForMultipleObjects", 
        "GetModuleFileNameA", 
        "GetModuleHandleA", 
        "FindNextFileW", 
        "GetShortPathNameW", 
        "OutputDebugStringA", 
        "CloseHandle", 
        "GetWindowsDirectoryW", 
        "DeleteFileW", 
        "LocalFree", 
        "WriteProcessMemory", 
        "ResumeThread", 
        "SetFileAttributesW", 
        "DeleteFileA", 
        "CreateThread", 
        "ExpandEnvironmentStringsW", 
        "SwitchToThread", 
        "KERNEL32.dll", 
        "WNetCloseEnum", 
        "WNetOpenEnumW", 
        "WNetEnumResourceW", 
        "MPR.dll", 
        "WS2_32.dll", 
        "MessageBoxA", 
        "wsprintfW", 
        "USER32.dll", 
        "RegSetValueExA", 
        "RegQueryValueExA", 
        "RegCreateKeyExA", 
        "RegOpenKeyExA", 
        "GetUserNameA", 
        "GetCurrentHwProfileW", 
        "RegCloseKey", 
        "RegSetValueExW", 
        "ADVAPI32.dll", 
        "CommandLineToArgvW", 
        "SHELL32.dll", 
        "_chkstk", 
        "memset", 
        "memcpy", 
        "_allrem", 
        "RtlUnwind", 
        "tgwyugwq", 
        "JuXwjxHlvsy", 
        "]^1`UN`[RMLXQ`XfV7w", 
        "swqhqr::7o", 
        "-Uwewz", 
        "Sexy~w{nE,", 
        "tjhpq99", 
        "TjhpqK", 
        "SvoHjivuy|p", 
        "bfyeuo::", 
        "vuhv88", 
        "Swvwngu", 
        "544.=44", 
        "244F044", 
        "744y644", 
        "5444 444$44S244#244(644", 
        "4V=4244", 
        "54-R76-4", 
        "DF[SFUY4", 
        "WUZZ[@", 
        "!63 03&63f]W2\\5", 
        "574haZc1'", 
        "164414", 
        "7U4f6|", 
        "! t7$d", 
        "$!Z8U;\\+t60", 
        ")@6=20", 
        ">TYT6\\", 
        "+4+4+4+4+4+4+4+4", 
        "+4+4+4+444N", 
        "7D414g4[4R44@4C4U4F4", 
        "Q4h4u4_", 
        "4@$4Qd654c6", 
        "A4Z4PF6a", 
        "@d5hN5", 
        "$5!54W", 
        "\"64-5qL]4@dF[WQGG44", 
        "4wFQU@2Q", 
        "4rF6Q4?", 
        "7{A@D4A@pQVASg", 
        "6D:%5g@4UF@AD}ZR4[c4f4wX[4GQ|UZPXQ 4)", 
        "]F[ZYQZ", 
        "qfzqx4", 
        "PXX444Z6fQSeAQ4FMbUXAQq>L", 
        "2454upbudZ}", 
        "94:4>;", 
        "'4 44!4\"4#4,44-4.4/4(4", 
        "4<auw0", 
        "z@d[CQF", 
        "4FYU@][Z44w[ZG@FAW0@d", 
        "]UXyG<SbcP", 
        "aF]4$wAFFt", 
        "pQB{V^", 
        "4<]WQE0x]G@", 
        "5$qZAY", 
        "5@QF(RU", 
        "S04p8XXD", 
        "0QFgQ4FBQF4sQZPQFD<uWu8d", 
        "A4Q4zQ@uD]", 
        "vARRQF6", 
        "%K6g0]N65fQY[@", 
        "Qw[YDvd5AD", 
        "5UDp]D", 
        "6z|UYQT", 
        "[YU]Zi5sFL[ADy5g3", 
        "\\UFz5aZW", 
        "-wUZD[Z]Wt5", 
        "FU$\"G 5U7K6f5+", 
        "gW\\QYt5F]fB$1w[v", 
        "[DYV]Z", 
        "g6x40c]ZP[C", 
        "/4vXUW_V[U0FP", 
        "5P}@QY5e", 
        "4PGwFQU@Q4vXUW_V[U4FP4cPGpQ", 
        "G@F[M?", 
        "AYr]FG@3l$}@QY1", 
        "rFQQpU@&U5\"sQ<tbUX0AQ5", 
        "}Z]@]$UX]N79Gp]4USZ[G@]W4y[PQqZUV0XQ6KgQ@uG4GQF@rXUS6G0%ADx[Sy", 
        "QGGUSQc5't`QFY]Z4", 
        "2*J4L3*!7p,7&", 
        "34T546 ", 
        "RvvR77", 
        "0+*2:.L", 
        "7;KWKW44S<", 
        "3642:*", 
        "262k,,,J1l*45", 
        "8O/5463H", 
        "3541{64", 
        ">64,80", 
        "0<84}w2<q6(62", 
        "/RV\\TL\\TVR", 
        "E9]44<L8H", 
        "kXhPTV", 
        "r\\J28q^", 
        "5U7U0,D", 
        "84;}84%p/4a", 
        "h^ZE64", 
        "t22**22", 
        "551V@W9>", 
        "u=4L7C49>", 
        "9>w{pq", 
        "K]@W[]Z9", 
        "2vw05s", 
        "`4\\QFQ", 
        "WFMD@]Z4S", 
        "R]4XQG", 
        "V[[@4_]@", 
        "B]FA$G9>", 
        "DF]BU@Q", 
        "W[PQ5\"", 
        "v]@W[4", 
        "@[@U6X50V@W9>u$R@QF", 
        "<PAF5J", 
        "PUM4!\\Q", 
        "G[R@CU", 
        "V4<QZ@4", 
        "-ZQWQGG<UFM", 
        "G@FA4W@][ZG", 
        "$\\UFP6", 
        "R]SAFU", 
        "u0ZW[YDA", 
        "UVG[>X", 
        "YD[G4G]VXQ", 
        "9fQW[B", 
        "{C\\]W\\", 
        "DF[SFUY9r5", 
        "0?}G]SZ<U@A4vRF[Y54", 
        "DAVX]W", 
        "4WQF@]R]W%", 
        "/R]tWt", 
        "@4QL@9>P[W8AY", 
        "50'ZUYtyv", 
        "DDFQW]", 
        "4MG@QY", 
        "RAXt[Ov", 
        "tDUtcGQQ", 
        "@[A0t~m", 
        "Ap75HV", 
        "-AZX<[W_V&", 
        "qz`q(f", 
        "$tU4c]ZA", 
        "5\\QXD+", 
        "4lW_fsFR_4]", 
        "\\QAG_A4rUBB\\", 
        "C4Yf]UuAWF4dZ9>l@AY4Dmenq", 
        "4Ar`[WuVat", 
        "pwPCe4rS4W~D@Pm", 
        "D4gb@wswuB4rvUB|", 
        "]ugBg54rVB", 
        "4b[CDvxCq4", 
        "Wz0rC4", 
        "r4yAm_gb\\g4C^v", 
        "CBS|4zZ`p\\`UG$xE@L4", 
        "cu_sncW4SQL", 
        "qV5sS4cY", 
        "RW4FP`dpCq", 
        "pQRp`L]4", 
        "yE4fdQU", 
        "s4~qBumQb_4DBr", 
        "\\_4e~vAV", 
        "`~uzl4@elswUWz0as", 
        "_qLD4vq", 
        "NlbPVR$AL", 
        "%QD`4WRrNM", 
        "4xDMffeME4vN", 
        "^GNCftbV[", 
        "4Nc_GDnuY4wcSWr", 
        "QD4yU\\\\nc`f5", 
        "%G|YAA]c4WyS^]@Es4ULPUURZv4swZd", 
        "MG4scZ~", 
        "CBQ4nfdfg", 
        "YL|f4[", 
        "4rPzAYxau4fEGcBq`|4sws", 
        "4YU@AG]_", 
        "t@QW\\QY4U]X", 
        "W[Y94>gQG]XX]6X9hy[Z]_UT", 
        "7xU,PUY52<", 
        "sF]tWU_[BU:J]tGGSUZN<bgtUFU\\ks<%_4\\[DQF]U", 
        "[F^4d0^U<&FMUZE>C4", 
        "S3'VUZQ", 
        "@ZU@]=", 
        "YQ4SFQXU", 
        "_]FF=+4XUZUW\\_U<", 
        "\\UD4F[Bk]S[F5<?", 
        "2:8268>6;@9=ED", 
        "TQIX\\GYMeWto", 
        "Lw}qnthLjxtqyo@IGHS", 
        "HgwWmkst`syp|", 
        "TgwJtxlo{y", 
        "zqex~u", 
        "Egoiyk'[qko{", 
        ">6>;>^>d>", 
        "?#?:?A?Q?t?~?", 
        "0*0j0s0|0", 
        "1N1\\1j1x1", 
        "1!2/2=2K2", 
        "3\u001f3-3;3I3]3k3y3", 
        "4+4?4M4[4i4}4", 
        "5(5S5c5{5", 
        "60676?6", 
        "7 7%7A7K7i7q7", 
        "8#8(8?8E8J8S8`8", 
        ":]:c:p:", 
        "<J<Q<9=>=D=k=", 
        "=(>5>G>N>[>b>x>", 
        "?3?9?@?F?M?S?Z?`?g?m?t?z?", 
        "0*080E0J0S0X0p0u0", 
        "1!1+161;1I1V1b1m1r1", 
        "2?2P2}2", 
        "3\"3(3.3J3S3Z3g3", 
        "474@4b4g4p4z4", 
        "5c6q6}6", 
        "7(7<7S7c7l7z7", 
        "8$8+8\\8f8z8", 
        "879B9W9o9z9", 
        ":\u001f:,:;:B:O:Z:i:v:}:", 
        ";-;2;A;K;W;\\;b;i;n;", 
        "<&<<<L<", 
        "=#=*=:=O=`=f=", 
        ">n>u>}>", 
        "?\"?K?j?", 
        "0B1f1p1y1", 
        "2>2J2W2k2u2}2", 
        "4%4/4J4X4b4", 
        "4+5R5l5v5~5", 
        "6$60676=6D6M6d6k6p6~6", 
        "7+7D7I7T7d7n7", 
        "8&8,828N8v8{8", 
        "909G9a9", 
        ":(:/:<:C:c:j:p:z:", 
        ";1;J;Q;", 
        "< <&<+<0<A<I<`<k<q<{<", 
        "=+=6=>=C=`=k=q=z=", 
        ">#>K>x>", 
        "?$?1?:?G?a?l?s?z?", 
        "\u001f0+0E0S0", 
        "1A1J1e1k1u1{1", 
        "2 2%2*2D2V2m2r2", 
        "303G3Z3m3v3", 
        "4U4^4f4", 
        "5(505:5?5J5e5l5r5w5", 
        "61666B6S6Z6g6", 
        "7+7<7I7Y7j7", 
        "868k8s8", 
        ":(:-:8:?:R:\\:e:m:", 
        ";!;:;P;V;\\;4<D<", 
        "d!satana!.txt", 
        "<<<<<<<<#%d End Encode %s", 
        "Error CreateFileMapping: 0x%X, size: %d, %s", 
        "%s%s___%s", 
        "!satana!", 
        "Microsoft\\Windows", 
        "\\!satana!.txt", 
        "----%s", 
        "EnumNetRes", 
        "%s: NET RES FOUND: %s", 
        "%PROCESSOR_ARCHITECTURE%", 
        "%PROCESSOR_IDENTIFIER%", 
        "%PROCESSOR_LEVEL%", 
        "%PROCESSOR_REVISION%", 
        "%s\\VSSADMIN.EXE", 
        "Copied to %s", 
        " %s \"%s\"", 
        "threadAdminFlood: %s %s %s "
    ], 
    "metadata": {
        "output": {
            "pcap": {
                "basename": "dump.pcap", 
                "sha256": "52f9be05518cf4a16e26ba16a4175db1cd01d97ca5ad677444672acaff21291c", 
                "dirname": ""
            }
        }
    }
}