{
    "info": {
        "added": 1689351111.429547, 
        "started": 1689351112.406149, 
        "duration": 188, 
        "ended": 1689351300.445945, 
        "owner": null, 
        "score": 0.8, 
        "id": 32, 
        "category": "file", 
        "git": {
            "head": "13cbe0d9e457be3673304533043e992ead1ea9b2", 
            "fetch_head": "13cbe0d9e457be3673304533043e992ead1ea9b2"
        }, 
        "monitor": "2deb9ccd75d5a7a3fe05b2625b03a8639d6ee36b", 
        "package": "exe", 
        "route": "none", 
        "custom": null, 
        "machine": {
            "status": "stopped", 
            "name": "cuckoo1", 
            "label": "cuckoo1", 
            "manager": "VirtualBox", 
            "started_on": "2023-07-14 16:11:52", 
            "shutdown_on": "2023-07-14 16:15:00"
        }, 
        "platform": "windows", 
        "version": "2.0.7", 
        "options": "procmemdump=yes,route=none"
    }, 
    "signatures": [
        {
            "families": [], 
            "description": "The executable uses a known packer", 
            "severity": 1, 
            "ttp": {
                "T1045": {
                    "short": "Software Packing", 
                    "long": "Software packing is a method of compressing or encrypting an executable. Packing an executable changes the file signature in an attempt to avoid signature-based detection. Most decompression techniques decompress the executable code in memory."
                }
            }, 
            "markcount": 1, 
            "references": [], 
            "marks": [
                {
                    "category": "packer", 
                    "ioc": "Armadillo v1.71", 
                    "type": "ioc", 
                    "description": null
                }
            ], 
            "name": "peid_packer"
        }, 
        {
            "families": [], 
            "description": "The file contains an unknown PE resource name possibly indicative of a packer", 
            "severity": 1, 
            "ttp": {
                "T1045": {
                    "short": "Software Packing", 
                    "long": "Software packing is a method of compressing or encrypting an executable. Packing an executable changes the file signature in an attempt to avoid signature-based detection. Most decompression techniques decompress the executable code in memory."
                }
            }, 
            "markcount": 1, 
            "references": [], 
            "marks": [
                {
                    "category": "resource name", 
                    "ioc": "None", 
                    "type": "ioc", 
                    "description": null
                }
            ], 
            "name": "pe_unknown_resource_name"
        }, 
        {
            "families": [], 
            "description": "The binary likely contains encrypted or compressed data indicative of a packer", 
            "severity": 2, 
            "ttp": {
                "T1045": {
                    "short": "Software Packing", 
                    "long": "Software packing is a method of compressing or encrypting an executable. Packing an executable changes the file signature in an attempt to avoid signature-based detection. Most decompression techniques decompress the executable code in memory."
                }
            }, 
            "markcount": 2, 
            "references": [
                "http://www.forensickb.com/2013/03/file-entropy-explained.html", 
                "http://virii.es/U/Using%20Entropy%20Analysis%20to%20Find%20Encrypted%20and%20Packed%20Malware.pdf"
            ], 
            "marks": [
                {
                    "entropy": 7.044304561989255, 
                    "section": {
                        "size_of_data": "0x0001a000", 
                        "virtual_address": "0x003b7000", 
                        "entropy": 7.044304561989255, 
                        "name": ".rsrc", 
                        "virtual_size": "0x000190c8"
                    }, 
                    "type": "generic", 
                    "description": "A section with a high entropy has been found"
                }, 
                {
                    "entropy": 0.5909090909090909, 
                    "type": "generic", 
                    "description": "Overall entropy of this PE file is high"
                }
            ], 
            "name": "packer_entropy"
        }
    ], 
    "target": {
        "category": "file", 
        "file": {
            "yara": [], 
            "sha1": "b606aaa402bfe4a15ef80165e964d384f25564e4", 
            "name": "Locky", 
            "type": "PE32 executable (GUI) Intel 80386, for MS Windows", 
            "sha256": "bc98c8b22461a2c2631b2feec399208fdc4ecd1cd2229066c2f385caa958daa3", 
            "urls": [], 
            "crc32": "AB35FD91", 
            "path": "/root/.cuckoo/storage/binaries/bc98c8b22461a2c2631b2feec399208fdc4ecd1cd2229066c2f385caa958daa3", 
            "ssdeep": null, 
            "size": 184320, 
            "sha512": "8e54aca4feb51611142c1f2bf303200113604013c2603eea22d72d00297cb1cb40a2ef11f5129989cd14f90e495db79bffd15bd6282ff564c4af7975b1610c1c", 
            "md5": "b06d9dd17c69ed2ae75d9e40b2631b42"
        }
    }, 
    "network": {
        "tls": [], 
        "udp": [
            {
                "src": "192.168.56.101", 
                "dst": "192.168.56.255", 
                "offset": 1126, 
                "time": 7.016417980194092, 
                "dport": 137, 
                "sport": 137
            }, 
            {
                "src": "192.168.56.101", 
                "dst": "224.0.0.252", 
                "offset": 37806, 
                "time": 9.155317068099976, 
                "dport": 5355, 
                "sport": 50100
            }, 
            {
                "src": "192.168.56.101", 
                "dst": "224.0.0.252", 
                "offset": 38166, 
                "time": 17.951102018356323, 
                "dport": 5355, 
                "sport": 50322
            }, 
            {
                "src": "192.168.56.101", 
                "dst": "224.0.0.252", 
                "offset": 38494, 
                "time": 7.201296091079712, 
                "dport": 5355, 
                "sport": 52573
            }, 
            {
                "src": "192.168.56.101", 
                "dst": "224.0.0.252", 
                "offset": 38822, 
                "time": 9.93610405921936, 
                "dport": 5355, 
                "sport": 54060
            }, 
            {
                "src": "192.168.56.101", 
                "dst": "224.0.0.252", 
                "offset": 39150, 
                "time": 20.638473987579346, 
                "dport": 5355, 
                "sport": 55998
            }, 
            {
                "src": "192.168.56.101", 
                "dst": "224.0.0.252", 
                "offset": 39478, 
                "time": 4.104000091552734, 
                "dport": 5355, 
                "sport": 57689
            }, 
            {
                "src": "192.168.56.101", 
                "dst": "224.0.0.252", 
                "offset": 39806, 
                "time": 12.6403489112854, 
                "dport": 5355, 
                "sport": 60020
            }, 
            {
                "src": "192.168.56.101", 
                "dst": "224.0.0.252", 
                "offset": 40134, 
                "time": 3.8529601097106934, 
                "dport": 5355, 
                "sport": 60637
            }, 
            {
                "src": "192.168.56.101", 
                "dst": "224.0.0.252", 
                "offset": 40494, 
                "time": 163.24883103370667, 
                "dport": 5355, 
                "sport": 61309
            }, 
            {
                "src": "192.168.56.101", 
                "dst": "224.0.0.252", 
                "offset": 40814, 
                "time": 15.264508962631226, 
                "dport": 5355, 
                "sport": 61672
            }, 
            {
                "src": "192.168.56.101", 
                "dst": "224.0.0.252", 
                "offset": 41142, 
                "time": 9.466838121414185, 
                "dport": 5355, 
                "sport": 62669
            }, 
            {
                "src": "192.168.56.101", 
                "dst": "224.0.0.252", 
                "offset": 41502, 
                "time": 4.860474109649658, 
                "dport": 5355, 
                "sport": 63033
            }, 
            {
                "src": "192.168.56.101", 
                "dst": "224.0.0.252", 
                "offset": 41862, 
                "time": 7.24821400642395, 
                "dport": 5355, 
                "sport": 63210
            }, 
            {
                "src": "192.168.56.101", 
                "dst": "224.0.0.252", 
                "offset": 42222, 
                "time": 12.920844078063965, 
                "dport": 5355, 
                "sport": 63635
            }, 
            {
                "src": "192.168.56.101", 
                "dst": "224.0.0.252", 
                "offset": 42582, 
                "time": 6.920969009399414, 
                "dport": 5355, 
                "sport": 63880
            }, 
            {
                "src": "192.168.56.101", 
                "dst": "255.255.255.255", 
                "offset": 42942, 
                "time": 8.592660903930664, 
                "dport": 67, 
                "sport": 68
            }
        ], 
        "dns_servers": [], 
        "http": [], 
        "icmp": [], 
        "smtp": [], 
        "tcp": [], 
        "smtp_ex": [], 
        "mitm": [], 
        "hosts": [], 
        "pcap_sha256": "b86b0f03fcb904ef74e7a999c4606b6e3939cf7185287975b51d78b8856af7b2", 
        "dns": [], 
        "http_ex": [], 
        "domains": [], 
        "dead_hosts": [], 
        "sorted_pcap_sha256": "5534c68bbc825f56c72c6ab2b0ed5d826ade1560009b4039f33422a0929ee9e0", 
        "irc": [], 
        "https_ex": []
    }, 
    "static": {
        "pdb_path": null, 
        "pe_imports": [
            {
                "imports": [
                    {
                        "name": "GetSecurityDescriptorDacl", 
                        "address": "0x40d000"
                    }, 
                    {
                        "name": "RegisterEventSourceA", 
                        "address": "0x40d004"
                    }, 
                    {
                        "name": "RegQueryInfoKeyA", 
                        "address": "0x40d008"
                    }, 
                    {
                        "name": "GetSidSubAuthorityCount", 
                        "address": "0x40d00c"
                    }, 
                    {
                        "name": "RegSetValueExA", 
                        "address": "0x40d010"
                    }, 
                    {
                        "name": "RegDeleteKeyA", 
                        "address": "0x40d014"
                    }, 
                    {
                        "name": "GetKernelObjectSecurity", 
                        "address": "0x40d018"
                    }, 
                    {
                        "name": "RegCloseKey", 
                        "address": "0x40d01c"
                    }, 
                    {
                        "name": "RegQueryValueA", 
                        "address": "0x40d020"
                    }, 
                    {
                        "name": "RegLoadKeyA", 
                        "address": "0x40d024"
                    }, 
                    {
                        "name": "GetSidSubAuthority", 
                        "address": "0x40d028"
                    }, 
                    {
                        "name": "RegConnectRegistryA", 
                        "address": "0x40d02c"
                    }, 
                    {
                        "name": "LookupPrivilegeValueA", 
                        "address": "0x40d030"
                    }, 
                    {
                        "name": "InitiateSystemShutdownA", 
                        "address": "0x40d034"
                    }, 
                    {
                        "name": "CreateProcessAsUserA", 
                        "address": "0x40d038"
                    }, 
                    {
                        "name": "GetSidIdentifierAuthority", 
                        "address": "0x40d03c"
                    }, 
                    {
                        "name": "OpenThreadToken", 
                        "address": "0x40d040"
                    }, 
                    {
                        "name": "LsaQueryInformationPolicy", 
                        "address": "0x40d044"
                    }, 
                    {
                        "name": "RegQueryValueW", 
                        "address": "0x40d048"
                    }, 
                    {
                        "name": "EncryptFileW", 
                        "address": "0x40d04c"
                    }, 
                    {
                        "name": "RegSetValueW", 
                        "address": "0x40d050"
                    }, 
                    {
                        "name": "MakeAbsoluteSD", 
                        "address": "0x40d054"
                    }, 
                    {
                        "name": "RegOpenKeyExA", 
                        "address": "0x40d058"
                    }, 
                    {
                        "name": "RegCreateKeyExW", 
                        "address": "0x40d05c"
                    }, 
                    {
                        "name": "AddAce", 
                        "address": "0x40d060"
                    }, 
                    {
                        "name": "SetNamedSecurityInfoW", 
                        "address": "0x40d064"
                    }, 
                    {
                        "name": "OpenEventLogW", 
                        "address": "0x40d068"
                    }, 
                    {
                        "name": "GetUserNameW", 
                        "address": "0x40d06c"
                    }, 
                    {
                        "name": "SetSecurityDescriptorSacl", 
                        "address": "0x40d070"
                    }, 
                    {
                        "name": "MakeSelfRelativeSD", 
                        "address": "0x40d074"
                    }, 
                    {
                        "name": "RegFlushKey", 
                        "address": "0x40d078"
                    }, 
                    {
                        "name": "InitializeSecurityDescriptor", 
                        "address": "0x40d07c"
                    }, 
                    {
                        "name": "InitializeAcl", 
                        "address": "0x40d080"
                    }, 
                    {
                        "name": "SetEntriesInAclA", 
                        "address": "0x40d084"
                    }, 
                    {
                        "name": "GetSidLengthRequired", 
                        "address": "0x40d088"
                    }, 
                    {
                        "name": "RegSetValueA", 
                        "address": "0x40d08c"
                    }, 
                    {
                        "name": "SetEntriesInAclW", 
                        "address": "0x40d090"
                    }, 
                    {
                        "name": "GetAclInformation", 
                        "address": "0x40d094"
                    }
                ], 
                "dll": "ADVAPI32.dll"
            }, 
            {
                "imports": [
                    {
                        "name": "DrawIconEx", 
                        "address": "0x40d12c"
                    }, 
                    {
                        "name": "IsDialogMessageA", 
                        "address": "0x40d130"
                    }, 
                    {
                        "name": "OffsetRect", 
                        "address": "0x40d134"
                    }, 
                    {
                        "name": "PostThreadMessageW", 
                        "address": "0x40d138"
                    }, 
                    {
                        "name": "DialogBoxParamA", 
                        "address": "0x40d13c"
                    }, 
                    {
                        "name": "GetLastActivePopup", 
                        "address": "0x40d140"
                    }, 
                    {
                        "name": "GetGUIThreadInfo", 
                        "address": "0x40d144"
                    }, 
                    {
                        "name": "DrawStateA", 
                        "address": "0x40d148"
                    }, 
                    {
                        "name": "IsWindow", 
                        "address": "0x40d14c"
                    }, 
                    {
                        "name": "OpenClipboard", 
                        "address": "0x40d150"
                    }, 
                    {
                        "name": "InSendMessage", 
                        "address": "0x40d154"
                    }, 
                    {
                        "name": "FindWindowW", 
                        "address": "0x40d158"
                    }, 
                    {
                        "name": "IsMenu", 
                        "address": "0x40d15c"
                    }, 
                    {
                        "name": "EnumDisplaySettingsA", 
                        "address": "0x40d160"
                    }, 
                    {
                        "name": "DrawAnimatedRects", 
                        "address": "0x40d164"
                    }, 
                    {
                        "name": "FrameRect", 
                        "address": "0x40d168"
                    }, 
                    {
                        "name": "SetMenuDefaultItem", 
                        "address": "0x40d16c"
                    }, 
                    {
                        "name": "GrayStringW", 
                        "address": "0x40d170"
                    }, 
                    {
                        "name": "CreateDialogIndirectParamW", 
                        "address": "0x40d174"
                    }, 
                    {
                        "name": "ClientToScreen", 
                        "address": "0x40d178"
                    }, 
                    {
                        "name": "GetParent", 
                        "address": "0x40d17c"
                    }, 
                    {
                        "name": "TranslateMDISysAccel", 
                        "address": "0x40d180"
                    }, 
                    {
                        "name": "CreateDesktopW", 
                        "address": "0x40d184"
                    }, 
                    {
                        "name": "ShowCaret", 
                        "address": "0x40d188"
                    }, 
                    {
                        "name": "GetProcessWindowStation", 
                        "address": "0x40d18c"
                    }, 
                    {
                        "name": "TrackPopupMenu", 
                        "address": "0x40d190"
                    }, 
                    {
                        "name": "IntersectRect", 
                        "address": "0x40d194"
                    }, 
                    {
                        "name": "DialogBoxIndirectParamA", 
                        "address": "0x40d198"
                    }, 
                    {
                        "name": "DefWindowProcA", 
                        "address": "0x40d19c"
                    }, 
                    {
                        "name": "ReuseDDElParam", 
                        "address": "0x40d1a0"
                    }, 
                    {
                        "name": "NotifyWinEvent", 
                        "address": "0x40d1a4"
                    }, 
                    {
                        "name": "SetClipboardData", 
                        "address": "0x40d1a8"
                    }, 
                    {
                        "name": "CloseClipboard", 
                        "address": "0x40d1ac"
                    }, 
                    {
                        "name": "DdeDisconnect", 
                        "address": "0x40d1b0"
                    }, 
                    {
                        "name": "GetClassNameA", 
                        "address": "0x40d1b4"
                    }, 
                    {
                        "name": "GetCaretPos", 
                        "address": "0x40d1b8"
                    }, 
                    {
                        "name": "CharLowerW", 
                        "address": "0x40d1bc"
                    }, 
                    {
                        "name": "GetWindowModuleFileNameA", 
                        "address": "0x40d1c0"
                    }, 
                    {
                        "name": "IsWindowVisible", 
                        "address": "0x40d1c4"
                    }, 
                    {
                        "name": "wvsprintfA", 
                        "address": "0x40d1c8"
                    }, 
                    {
                        "name": "ModifyMenuA", 
                        "address": "0x40d1cc"
                    }, 
                    {
                        "name": "SendDlgItemMessageW", 
                        "address": "0x40d1d0"
                    }, 
                    {
                        "name": "SetCaretBlinkTime", 
                        "address": "0x40d1d4"
                    }, 
                    {
                        "name": "LoadMenuW", 
                        "address": "0x40d1d8"
                    }, 
                    {
                        "name": "GetMenuState", 
                        "address": "0x40d1dc"
                    }, 
                    {
                        "name": "DrawTextExA", 
                        "address": "0x40d1e0"
                    }, 
                    {
                        "name": "ChangeDisplaySettingsW", 
                        "address": "0x40d1e4"
                    }, 
                    {
                        "name": "CreateWindowExW", 
                        "address": "0x40d1e8"
                    }, 
                    {
                        "name": "GetCapture", 
                        "address": "0x40d1ec"
                    }, 
                    {
                        "name": "CreatePopupMenu", 
                        "address": "0x40d1f0"
                    }, 
                    {
                        "name": "SetMenu", 
                        "address": "0x40d1f4"
                    }, 
                    {
                        "name": "CharUpperBuffW", 
                        "address": "0x40d1f8"
                    }, 
                    {
                        "name": "DrawStateW", 
                        "address": "0x40d1fc"
                    }, 
                    {
                        "name": "LoadImageA", 
                        "address": "0x40d200"
                    }, 
                    {
                        "name": "GetScrollPos", 
                        "address": "0x40d204"
                    }, 
                    {
                        "name": "GetDlgItem", 
                        "address": "0x40d208"
                    }, 
                    {
                        "name": "GetClipboardFormatNameW", 
                        "address": "0x40d20c"
                    }, 
                    {
                        "name": "ValidateRgn", 
                        "address": "0x40d210"
                    }, 
                    {
                        "name": "GetWindowThreadProcessId", 
                        "address": "0x40d214"
                    }, 
                    {
                        "name": "GetClassInfoExW", 
                        "address": "0x40d218"
                    }, 
                    {
                        "name": "DdeAccessData", 
                        "address": "0x40d21c"
                    }, 
                    {
                        "name": "ShowWindow", 
                        "address": "0x40d220"
                    }, 
                    {
                        "name": "GetKeyboardLayout", 
                        "address": "0x40d224"
                    }, 
                    {
                        "name": "GetClassInfoW", 
                        "address": "0x40d228"
                    }, 
                    {
                        "name": "SetCaretPos", 
                        "address": "0x40d22c"
                    }, 
                    {
                        "name": "LoadCursorA", 
                        "address": "0x40d230"
                    }, 
                    {
                        "name": "FillRect", 
                        "address": "0x40d234"
                    }, 
                    {
                        "name": "LoadMenuA", 
                        "address": "0x40d238"
                    }, 
                    {
                        "name": "mouse_event", 
                        "address": "0x40d23c"
                    }, 
                    {
                        "name": "ModifyMenuW", 
                        "address": "0x40d240"
                    }, 
                    {
                        "name": "InvalidateRgn", 
                        "address": "0x40d244"
                    }, 
                    {
                        "name": "GetMenuItemID", 
                        "address": "0x40d248"
                    }, 
                    {
                        "name": "IsIconic", 
                        "address": "0x40d24c"
                    }, 
                    {
                        "name": "OemToCharA", 
                        "address": "0x40d250"
                    }, 
                    {
                        "name": "LoadCursorFromFileW", 
                        "address": "0x40d254"
                    }, 
                    {
                        "name": "RegisterWindowMessageA", 
                        "address": "0x40d258"
                    }, 
                    {
                        "name": "DispatchMessageW", 
                        "address": "0x40d25c"
                    }, 
                    {
                        "name": "GetCursorPos", 
                        "address": "0x40d260"
                    }, 
                    {
                        "name": "CharPrevA", 
                        "address": "0x40d264"
                    }, 
                    {
                        "name": "GetWindowWord", 
                        "address": "0x40d268"
                    }
                ], 
                "dll": "USER32.dll"
            }, 
            {
                "imports": [
                    {
                        "name": "ImmGetProperty", 
                        "address": "0x40d09c"
                    }, 
                    {
                        "name": "ImmGetCandidateListCountA", 
                        "address": "0x40d0a0"
                    }, 
                    {
                        "name": "ImmGetCompositionStringA", 
                        "address": "0x40d0a4"
                    }, 
                    {
                        "name": "ImmSetConversionStatus", 
                        "address": "0x40d0a8"
                    }, 
                    {
                        "name": "ImmSetOpenStatus", 
                        "address": "0x40d0ac"
                    }, 
                    {
                        "name": "ImmCreateContext", 
                        "address": "0x40d0b0"
                    }, 
                    {
                        "name": "ImmGetOpenStatus", 
                        "address": "0x40d0b4"
                    }, 
                    {
                        "name": "ImmNotifyIME", 
                        "address": "0x40d0b8"
                    }, 
                    {
                        "name": "ImmInstallIMEA", 
                        "address": "0x40d0bc"
                    }, 
                    {
                        "name": "ImmGetContext", 
                        "address": "0x40d0c0"
                    }, 
                    {
                        "name": "ImmDestroyContext", 
                        "address": "0x40d0c4"
                    }, 
                    {
                        "name": "ImmSimulateHotKey", 
                        "address": "0x40d0c8"
                    }, 
                    {
                        "name": "ImmConfigureIMEA", 
                        "address": "0x40d0cc"
                    }, 
                    {
                        "name": "ImmAssociateContext", 
                        "address": "0x40d0d0"
                    }
                ], 
                "dll": "IMM32.dll"
            }, 
            {
                "imports": [
                    {
                        "name": "RasDialA", 
                        "address": "0x40d120"
                    }, 
                    {
                        "name": "RasGetProjectionInfoA", 
                        "address": "0x40d124"
                    }
                ], 
                "dll": "RASAPI32.dll"
            }, 
            {
                "imports": [
                    {
                        "name": "WriteFileGather", 
                        "address": "0x40d0d8"
                    }, 
                    {
                        "name": "PulseEvent", 
                        "address": "0x40d0dc"
                    }, 
                    {
                        "name": "GetLongPathNameA", 
                        "address": "0x40d0e0"
                    }
                ], 
                "dll": "KERNEL32.dll"
            }
        ], 
        "peid_signatures": [
            "Armadillo v1.71"
        ], 
        "keys": [], 
        "signature": [], 
        "pe_timestamp": "2005-06-19 22:55:03", 
        "pe_exports": [], 
        "imported_dll_count": 5, 
        "pe_imphash": "0fcea3af550ad0a893e93808dccf17f4", 
        "pe_resources": [
            {
                "name": "RT_ICON", 
                "language": "LANG_NEUTRAL", 
                "filetype": "Device independent bitmap graphic, 32 x 64 x 8, image size 0", 
                "sublanguage": "SUBLANG_NEUTRAL", 
                "offset": "0x003ba6b0", 
                "size": "0x0000094c"
            }, 
            {
                "name": "RT_ICON", 
                "language": "LANG_NEUTRAL", 
                "filetype": "Device independent bitmap graphic, 32 x 64 x 8, image size 0", 
                "sublanguage": "SUBLANG_NEUTRAL", 
                "offset": "0x003ba6b0", 
                "size": "0x0000094c"
            }, 
            {
                "name": "RT_ICON", 
                "language": "LANG_NEUTRAL", 
                "filetype": "Device independent bitmap graphic, 32 x 64 x 8, image size 0", 
                "sublanguage": "SUBLANG_NEUTRAL", 
                "offset": "0x003ba6b0", 
                "size": "0x0000094c"
            }, 
            {
                "name": "RT_ICON", 
                "language": "LANG_NEUTRAL", 
                "filetype": "Device independent bitmap graphic, 32 x 64 x 8, image size 0", 
                "sublanguage": "SUBLANG_NEUTRAL", 
                "offset": "0x003ba6b0", 
                "size": "0x0000094c"
            }, 
            {
                "name": "RT_MENU", 
                "language": "LANG_NEUTRAL", 
                "filetype": "data", 
                "sublanguage": "SUBLANG_NEUTRAL", 
                "offset": "0x003b7b78", 
                "size": "0x0000021e"
            }, 
            {
                "name": "RT_MENU", 
                "language": "LANG_NEUTRAL", 
                "filetype": "data", 
                "sublanguage": "SUBLANG_NEUTRAL", 
                "offset": "0x003b7b78", 
                "size": "0x0000021e"
            }, 
            {
                "name": "RT_DIALOG", 
                "language": "LANG_NEUTRAL", 
                "filetype": "data", 
                "sublanguage": "SUBLANG_NEUTRAL", 
                "offset": "0x003b8c98", 
                "size": "0x00000152"
            }, 
            {
                "name": "RT_DIALOG", 
                "language": "LANG_NEUTRAL", 
                "filetype": "data", 
                "sublanguage": "SUBLANG_NEUTRAL", 
                "offset": "0x003b8c98", 
                "size": "0x00000152"
            }, 
            {
                "name": "RT_DIALOG", 
                "language": "LANG_NEUTRAL", 
                "filetype": "data", 
                "sublanguage": "SUBLANG_NEUTRAL", 
                "offset": "0x003b8c98", 
                "size": "0x00000152"
            }, 
            {
                "name": "RT_DIALOG", 
                "language": "LANG_NEUTRAL", 
                "filetype": "data", 
                "sublanguage": "SUBLANG_NEUTRAL", 
                "offset": "0x003b8c98", 
                "size": "0x00000152"
            }, 
            {
                "name": "RT_DIALOG", 
                "language": "LANG_NEUTRAL", 
                "filetype": "data", 
                "sublanguage": "SUBLANG_NEUTRAL", 
                "offset": "0x003b8c98", 
                "size": "0x00000152"
            }, 
            {
                "name": "RT_DIALOG", 
                "language": "LANG_NEUTRAL", 
                "filetype": "data", 
                "sublanguage": "SUBLANG_NEUTRAL", 
                "offset": "0x003b8c98", 
                "size": "0x00000152"
            }, 
            {
                "name": "RT_DIALOG", 
                "language": "LANG_NEUTRAL", 
                "filetype": "data", 
                "sublanguage": "SUBLANG_NEUTRAL", 
                "offset": "0x003b8c98", 
                "size": "0x00000152"
            }, 
            {
                "name": "RT_DIALOG", 
                "language": "LANG_NEUTRAL", 
                "filetype": "data", 
                "sublanguage": "SUBLANG_NEUTRAL", 
                "offset": "0x003b8c98", 
                "size": "0x00000152"
            }, 
            {
                "name": "RT_DIALOG", 
                "language": "LANG_NEUTRAL", 
                "filetype": "data", 
                "sublanguage": "SUBLANG_NEUTRAL", 
                "offset": "0x003b8c98", 
                "size": "0x00000152"
            }, 
            {
                "name": "RT_DIALOG", 
                "language": "LANG_NEUTRAL", 
                "filetype": "data", 
                "sublanguage": "SUBLANG_NEUTRAL", 
                "offset": "0x003b8c98", 
                "size": "0x00000152"
            }, 
            {
                "name": "RT_DIALOG", 
                "language": "LANG_NEUTRAL", 
                "filetype": "data", 
                "sublanguage": "SUBLANG_NEUTRAL", 
                "offset": "0x003b8c98", 
                "size": "0x00000152"
            }, 
            {
                "name": "RT_DIALOG", 
                "language": "LANG_NEUTRAL", 
                "filetype": "data", 
                "sublanguage": "SUBLANG_NEUTRAL", 
                "offset": "0x003b8c98", 
                "size": "0x00000152"
            }, 
            {
                "name": "RT_DIALOG", 
                "language": "LANG_NEUTRAL", 
                "filetype": "data", 
                "sublanguage": "SUBLANG_NEUTRAL", 
                "offset": "0x003b8c98", 
                "size": "0x00000152"
            }, 
            {
                "name": "RT_DIALOG", 
                "language": "LANG_NEUTRAL", 
                "filetype": "data", 
                "sublanguage": "SUBLANG_NEUTRAL", 
                "offset": "0x003b8c98", 
                "size": "0x00000152"
            }, 
            {
                "name": "RT_ACCELERATOR", 
                "language": "LANG_NEUTRAL", 
                "filetype": "data", 
                "sublanguage": "SUBLANG_NEUTRAL", 
                "offset": "0x003bb130", 
                "size": "0x00000028"
            }, 
            {
                "name": "RT_ACCELERATOR", 
                "language": "LANG_NEUTRAL", 
                "filetype": "data", 
                "sublanguage": "SUBLANG_NEUTRAL", 
                "offset": "0x003bb130", 
                "size": "0x00000028"
            }, 
            {
                "name": "RT_ACCELERATOR", 
                "language": "LANG_NEUTRAL", 
                "filetype": "data", 
                "sublanguage": "SUBLANG_NEUTRAL", 
                "offset": "0x003bb130", 
                "size": "0x00000028"
            }, 
            {
                "name": "RT_ACCELERATOR", 
                "language": "LANG_NEUTRAL", 
                "filetype": "data", 
                "sublanguage": "SUBLANG_NEUTRAL", 
                "offset": "0x003bb130", 
                "size": "0x00000028"
            }, 
            {
                "name": "RT_ACCELERATOR", 
                "language": "LANG_NEUTRAL", 
                "filetype": "data", 
                "sublanguage": "SUBLANG_NEUTRAL", 
                "offset": "0x003bb130", 
                "size": "0x00000028"
            }, 
            {
                "name": "RT_ACCELERATOR", 
                "language": "LANG_NEUTRAL", 
                "filetype": "data", 
                "sublanguage": "SUBLANG_NEUTRAL", 
                "offset": "0x003bb130", 
                "size": "0x00000028"
            }, 
            {
                "name": "RT_ACCELERATOR", 
                "language": "LANG_NEUTRAL", 
                "filetype": "data", 
                "sublanguage": "SUBLANG_NEUTRAL", 
                "offset": "0x003bb130", 
                "size": "0x00000028"
            }, 
            {
                "name": "RT_ACCELERATOR", 
                "language": "LANG_NEUTRAL", 
                "filetype": "data", 
                "sublanguage": "SUBLANG_NEUTRAL", 
                "offset": "0x003bb130", 
                "size": "0x00000028"
            }, 
            {
                "name": "RT_ACCELERATOR", 
                "language": "LANG_NEUTRAL", 
                "filetype": "data", 
                "sublanguage": "SUBLANG_NEUTRAL", 
                "offset": "0x003bb130", 
                "size": "0x00000028"
            }, 
            {
                "name": "RT_ACCELERATOR", 
                "language": "LANG_NEUTRAL", 
                "filetype": "data", 
                "sublanguage": "SUBLANG_NEUTRAL", 
                "offset": "0x003bb130", 
                "size": "0x00000028"
            }, 
            {
                "name": "None", 
                "language": "LANG_NEUTRAL", 
                "filetype": "data", 
                "sublanguage": "SUBLANG_NEUTRAL", 
                "offset": "0x003baef8", 
                "size": "0x00000012"
            }, 
            {
                "name": "None", 
                "language": "LANG_NEUTRAL", 
                "filetype": "data", 
                "sublanguage": "SUBLANG_NEUTRAL", 
                "offset": "0x003baef8", 
                "size": "0x00000012"
            }, 
            {
                "name": "None", 
                "language": "LANG_NEUTRAL", 
                "filetype": "data", 
                "sublanguage": "SUBLANG_NEUTRAL", 
                "offset": "0x003baef8", 
                "size": "0x00000012"
            }, 
            {
                "name": "None", 
                "language": "LANG_NEUTRAL", 
                "filetype": "data", 
                "sublanguage": "SUBLANG_NEUTRAL", 
                "offset": "0x003baef8", 
                "size": "0x00000012"
            }, 
            {
                "name": "None", 
                "language": "LANG_NEUTRAL", 
                "filetype": "data", 
                "sublanguage": "SUBLANG_NEUTRAL", 
                "offset": "0x003baef8", 
                "size": "0x00000012"
            }, 
            {
                "name": "RT_GROUP_ICON", 
                "language": "LANG_NEUTRAL", 
                "filetype": "data", 
                "sublanguage": "SUBLANG_NEUTRAL", 
                "offset": "0x003baed8", 
                "size": "0x00000014"
            }, 
            {
                "name": "RT_GROUP_ICON", 
                "language": "LANG_NEUTRAL", 
                "filetype": "data", 
                "sublanguage": "SUBLANG_NEUTRAL", 
                "offset": "0x003baed8", 
                "size": "0x00000014"
            }, 
            {
                "name": "RT_GROUP_ICON", 
                "language": "LANG_NEUTRAL", 
                "filetype": "data", 
                "sublanguage": "SUBLANG_NEUTRAL", 
                "offset": "0x003baed8", 
                "size": "0x00000014"
            }, 
            {
                "name": "RT_GROUP_ICON", 
                "language": "LANG_NEUTRAL", 
                "filetype": "data", 
                "sublanguage": "SUBLANG_NEUTRAL", 
                "offset": "0x003baed8", 
                "size": "0x00000014"
            }, 
            {
                "name": "RT_VERSION", 
                "language": "LANG_NEUTRAL", 
                "filetype": "data", 
                "sublanguage": "SUBLANG_NEUTRAL", 
                "offset": "0x003b7840", 
                "size": "0x000002e8"
            }
        ], 
        "pe_versioninfo": [
            {
                "name": "LegalCopyright", 
                "value": "Intend (C) 2013"
            }, 
            {
                "name": "InternalName", 
                "value": ""
            }, 
            {
                "name": "FileVersion", 
                "value": "0.37.213.27"
            }, 
            {
                "name": "CompanyName", 
                "value": "FileSee.com"
            }, 
            {
                "name": "PrivateBuild", 
                "value": ""
            }, 
            {
                "name": "LegalTrademarks", 
                "value": ""
            }, 
            {
                "name": "Comments", 
                "value": ""
            }, 
            {
                "name": "ProductName", 
                "value": "Lipreading Fenced"
            }, 
            {
                "name": "SpecialBuild", 
                "value": ""
            }, 
            {
                "name": "ProductVersion", 
                "value": "0.144.212.113"
            }, 
            {
                "name": "FileDescription", 
                "value": ""
            }, 
            {
                "name": "OriginalFilename", 
                "value": ""
            }
        ], 
        "pe_sections": [
            {
                "size_of_data": "0x0000c000", 
                "virtual_address": "0x00001000", 
                "entropy": 6.536941884106324, 
                "name": ".text", 
                "virtual_size": "0x0000b2cc"
            }, 
            {
                "size_of_data": "0x00002000", 
                "virtual_address": "0x0000d000", 
                "entropy": 3.3412568531950986, 
                "name": ".rdata", 
                "virtual_size": "0x000010c2"
            }, 
            {
                "size_of_data": "0x00004000", 
                "virtual_address": "0x0000f000", 
                "entropy": 4.143341973031433, 
                "name": ".data", 
                "virtual_size": "0x003a77f4"
            }, 
            {
                "size_of_data": "0x0001a000", 
                "virtual_address": "0x003b7000", 
                "entropy": 7.044304561989255, 
                "name": ".rsrc", 
                "virtual_size": "0x000190c8"
            }
        ]
    }, 
    "debug": {
        "action": [], 
        "dbgview": [], 
        "errors": [], 
        "log": [
            "2023-07-14 16:11:51,092 [analyzer] DEBUG: Starting analyzer from: C:\\tmpbhv_ec\n", 
            "2023-07-14 16:11:51,092 [analyzer] DEBUG: Pipe server name: \\??\\PIPE\\IwrKbZauvTfspKeaChmxLoCdvCKOKu\n", 
            "2023-07-14 16:11:51,092 [analyzer] DEBUG: Log pipe server name: \\??\\PIPE\\BYjUQBdDYGntPRRBxxwJlVgZJIYiz\n", 
            "2023-07-14 16:11:51,250 [analyzer] DEBUG: Started auxiliary module DbgView\n", 
            "2023-07-14 16:11:51,703 [analyzer] DEBUG: Started auxiliary module Disguise\n"
        ], 
        "cuckoo": [
            "2023-07-14 16:11:52,433 [cuckoo.core.scheduler] INFO: Task #32: acquired machine cuckoo1 (label=cuckoo1)\n", 
            "2023-07-14 16:11:52,433 [cuckoo.core.resultserver] DEBUG: Now tracking machine 192.168.56.101 for task #32\n", 
            "2023-07-14 16:11:52,433 [cuckoo.core.plugins] DEBUG: Started auxiliary module: Replay\n", 
            "2023-07-14 16:11:52,438 [cuckoo.auxiliary.sniffer] INFO: Started sniffer with PID 18138 (interface=vboxnet0, host=192.168.56.101)\n", 
            "2023-07-14 16:11:52,438 [cuckoo.core.plugins] DEBUG: Started auxiliary module: Sniffer\n", 
            "2023-07-14 16:11:52,458 [cuckoo.machinery.virtualbox] DEBUG: Starting vm cuckoo1\n", 
            "2023-07-14 16:11:52,512 [cuckoo.machinery.virtualbox] DEBUG: Restoring virtual machine cuckoo1 to its current snapshot\n", 
            "2023-07-14 16:11:54,107 [cuckoo.core.guest] INFO: Starting analysis #32 on guest (id=cuckoo1, ip=192.168.56.101)\n", 
            "2023-07-14 16:11:54,226 [cuckoo.core.guest] DEBUG: cuckoo1: not ready yet\n", 
            "2023-07-14 16:11:56,232 [cuckoo.core.guest] DEBUG: cuckoo1: not ready yet\n", 
            "2023-07-14 16:11:57,234 [cuckoo.core.guest] DEBUG: cuckoo1: not ready yet\n", 
            "2023-07-14 16:11:58,240 [cuckoo.core.guest] DEBUG: cuckoo1: not ready yet\n", 
            "2023-07-14 16:11:58,251 [cuckoo.core.guest] INFO: Guest is running Cuckoo Agent 0.10 (id=cuckoo1, ip=192.168.56.101)\n", 
            "2023-07-14 16:11:58,266 [cuckoo.core.guest] DEBUG: Uploading analyzer to guest (id=cuckoo1, ip=192.168.56.101, monitor=latest, size=3884763)\n", 
            "2023-07-14 16:11:58,686 [cuckoo.core.resultserver] DEBUG: Task #32: live log analysis.log initialized.\n", 
            "2023-07-14 16:12:01,498 [cuckoo.core.resultserver] DEBUG: Task #32 had connection reset for <Context for None>\n", 
            "2023-07-14 16:12:03,402 [cuckoo.core.guest] DEBUG: cuckoo1: analysis #32 still processing\n", 
            "2023-07-14 16:12:06,672 [cuckoo.core.resultserver] DEBUG: Task #32: File upload for 'shots/0001.jpg'\n", 
            "2023-07-14 16:12:06,678 [cuckoo.core.resultserver] DEBUG: Task #32 uploaded file length: 124959\n", 
            "2023-07-14 16:12:08,440 [cuckoo.core.guest] DEBUG: cuckoo1: analysis #32 still processing\n", 
            "2023-07-14 16:12:08,857 [cuckoo.core.resultserver] DEBUG: Task #32: File upload for 'shots/0002.jpg'\n", 
            "2023-07-14 16:12:08,861 [cuckoo.core.resultserver] DEBUG: Task #32 uploaded file length: 124260\n", 
            "2023-07-14 16:12:13,460 [cuckoo.core.guest] DEBUG: cuckoo1: analysis #32 still processing\n", 
            "2023-07-14 16:12:18,481 [cuckoo.core.guest] DEBUG: cuckoo1: analysis #32 still processing\n", 
            "2023-07-14 16:12:23,500 [cuckoo.core.guest] DEBUG: cuckoo1: analysis #32 still processing\n", 
            "2023-07-14 16:12:28,522 [cuckoo.core.guest] DEBUG: cuckoo1: analysis #32 still processing\n", 
            "2023-07-14 16:12:33,542 [cuckoo.core.guest] DEBUG: cuckoo1: analysis #32 still processing\n", 
            "2023-07-14 16:12:38,576 [cuckoo.core.guest] DEBUG: cuckoo1: analysis #32 still processing\n", 
            "2023-07-14 16:12:43,598 [cuckoo.core.guest] DEBUG: cuckoo1: analysis #32 still processing\n", 
            "2023-07-14 16:12:48,614 [cuckoo.core.guest] DEBUG: cuckoo1: analysis #32 still processing\n", 
            "2023-07-14 16:12:53,639 [cuckoo.core.guest] DEBUG: cuckoo1: analysis #32 still processing\n", 
            "2023-07-14 16:12:58,659 [cuckoo.core.guest] DEBUG: cuckoo1: analysis #32 still processing\n", 
            "2023-07-14 16:13:03,679 [cuckoo.core.guest] DEBUG: cuckoo1: analysis #32 still processing\n", 
            "2023-07-14 16:13:08,699 [cuckoo.core.guest] DEBUG: cuckoo1: analysis #32 still processing\n", 
            "2023-07-14 16:13:13,733 [cuckoo.core.guest] DEBUG: cuckoo1: analysis #32 still processing\n", 
            "2023-07-14 16:13:18,759 [cuckoo.core.guest] DEBUG: cuckoo1: analysis #32 still processing\n", 
            "2023-07-14 16:13:23,785 [cuckoo.core.guest] DEBUG: cuckoo1: analysis #32 still processing\n", 
            "2023-07-14 16:13:28,834 [cuckoo.core.guest] DEBUG: cuckoo1: analysis #32 still processing\n", 
            "2023-07-14 16:13:33,854 [cuckoo.core.guest] DEBUG: cuckoo1: analysis #32 still processing\n", 
            "2023-07-14 16:13:38,873 [cuckoo.core.guest] DEBUG: cuckoo1: analysis #32 still processing\n", 
            "2023-07-14 16:13:43,891 [cuckoo.core.guest] DEBUG: cuckoo1: analysis #32 still processing\n", 
            "2023-07-14 16:13:48,908 [cuckoo.core.guest] DEBUG: cuckoo1: analysis #32 still processing\n", 
            "2023-07-14 16:13:53,935 [cuckoo.core.guest] DEBUG: cuckoo1: analysis #32 still processing\n", 
            "2023-07-14 16:13:58,954 [cuckoo.core"
        ]
    }, 
    "screenshots": [
        {
            "path": "/root/.cuckoo/storage/analyses/32/shots/0001.jpg", 
            "ocr": ""
        }, 
        {
            "path": "/root/.cuckoo/storage/analyses/32/shots/0002.jpg", 
            "ocr": ""
        }, 
        {
            "path": "/root/.cuckoo/storage/analyses/32/shots/0003.jpg", 
            "ocr": ""
        }
    ], 
    "strings": [
        "!This program cannot be run in DOS mode.", 
        "`.rdata", 
        "@.data", 
        "AhtDMoP", 
        "H3D$eA", 
        "jJjHjH", 
        "ASh^[]", 
        " h@H hP", 
        "jT|x}6", 
        "w}j jz", 
        "qEjF{D", 
        "jTu`xr", 
        "jgj|sM", 
        "jejxjU", 
        "jMj5j}", 
        "jtj1jf", 
        "j3jmj[", 
        "jxsnj\\", 
        "q(t(wW", 
        "v|xg}]", 
        "jIjsja", 
        "j[jNj ", 
        "j_~uji", 
        "8WT9wj", 
        "S{[JWV", 
        "sJdr4{", 
        "~If8>ie", 
        "v+Gq>Z", 
        "WSBfbN", 
        "D8m4es", 
        "\\-=CfNx", 
        "=5?zH.", 
        "z.LQ@<", 
        "{K_'k@b", 
        "C<e_^a", 
        "r'vJV.", 
        "7`ds]PJ*", 
        "_0C#]m", 
        "b X{QX", 
        "r iSLi", 
        "oonM@i", 
        "enses@ ", 
        "lLI$nMAsn", 
        "SuH$lS", 
        "@aoLieMALA", 
        "$@$h$E", 
        "@3DLha", 
        "AeioPrD", 
        "3Lr lh", 
        "AMLMPAMArle", 
        " $r3LM ", 
        "usrlnhL", 
        "3uLrDt", 
        "nrIIDAh", 
        "j@j=j>j ", 
        "j2j7j*j.", 
        "j2j j1j)", 
        "j*j j.j;", 
        "GetSecurityDescriptorDacl", 
        "RegisterEventSourceA", 
        "RegQueryInfoKeyA", 
        "GetSidSubAuthorityCount", 
        "RegSetValueExA", 
        "RegDeleteKeyA", 
        "GetKernelObjectSecurity", 
        "RegCloseKey", 
        "RegQueryValueA", 
        "RegLoadKeyA", 
        "GetSidSubAuthority", 
        "RegConnectRegistryA", 
        "LookupPrivilegeValueA", 
        "InitiateSystemShutdownA", 
        "CreateProcessAsUserA", 
        "GetSidIdentifierAuthority", 
        "OpenThreadToken", 
        "LsaQueryInformationPolicy", 
        "RegQueryValueW", 
        "EncryptFileW", 
        "RegSetValueW", 
        "MakeAbsoluteSD", 
        "RegOpenKeyExA", 
        "RegCreateKeyExW", 
        "AddAce", 
        "SetNamedSecurityInfoW", 
        "OpenEventLogW", 
        "GetUserNameW", 
        "SetSecurityDescriptorSacl", 
        "MakeSelfRelativeSD", 
        "RegFlushKey", 
        "InitializeSecurityDescriptor", 
        "InitializeAcl", 
        "SetEntriesInAclA", 
        "GetSidLengthRequired", 
        "RegSetValueA", 
        "SetEntriesInAclW", 
        "GetAclInformation", 
        "ADVAPI32.dll", 
        "CharPrevA", 
        "GetCursorPos", 
        "DispatchMessageW", 
        "IsIconic", 
        "GetMenuItemID", 
        "InvalidateRgn", 
        "ModifyMenuW", 
        "mouse_event", 
        "LoadMenuA", 
        "FillRect", 
        "LoadCursorA", 
        "SetCaretPos", 
        "GetClassInfoW", 
        "GetKeyboardLayout", 
        "ShowWindow", 
        "DdeAccessData", 
        "GetClassInfoExW", 
        "GetWindowThreadProcessId", 
        "OffsetRect", 
        "RegisterWindowMessageA", 
        "OemToCharA", 
        "ValidateRgn", 
        "GetClipboardFormatNameW", 
        "GetDlgItem", 
        "GetScrollPos", 
        "LoadImageA", 
        "DrawStateW", 
        "CharUpperBuffW", 
        "SetMenu", 
        "CreatePopupMenu", 
        "GetCapture", 
        "CreateWindowExW", 
        "ChangeDisplaySettingsW", 
        "DrawTextExA", 
        "GetMenuState", 
        "LoadMenuW", 
        "SetCaretBlinkTime", 
        "DefWindowProcA", 
        "DrawIconEx", 
        "IsDialogMessageA", 
        "GetWindowWord", 
        "PostThreadMessageW", 
        "DialogBoxParamA", 
        "GetLastActivePopup", 
        "GetGUIThreadInfo", 
        "DrawStateA", 
        "IsWindow", 
        "OpenClipboard", 
        "InSendMessage", 
        "FindWindowW", 
        "IsMenu", 
        "EnumDisplaySettingsA", 
        "DrawAnimatedRects", 
        "FrameRect", 
        "SetMenuDefaultItem", 
        "GrayStringW", 
        "CreateDialogIndirectParamW", 
        "ClientToScreen", 
        "GetParent", 
        "TranslateMDISysAccel", 
        "CreateDesktopW", 
        "ShowCaret", 
        "GetProcessWindowStation", 
        "TrackPopupMenu", 
        "IntersectRect", 
        "DialogBoxIndirectParamA", 
        "LoadCursorFromFileW", 
        "ReuseDDElParam", 
        "NotifyWinEvent", 
        "SetClipboardData", 
        "CloseClipboard", 
        "DdeDisconnect", 
        "GetClassNameA", 
        "GetCaretPos", 
        "CharLowerW", 
        "GetWindowModuleFileNameA", 
        "IsWindowVisible", 
        "wvsprintfA", 
        "ModifyMenuA", 
        "SendDlgItemMessageW", 
        "USER32.dll", 
        "_wremove", 
        "_getws", 
        "_initterm", 
        "__setusermatherr", 
        "_umask", 
        "__p__commode", 
        "_mbslen", 
        "__set_app_type", 
        "perror", 
        "MSVCRT.dll", 
        "_strdate", 
        "ImmInstallIMEA", 
        "ImmGetCandidateListCountA", 
        "ImmGetCompositionStringA", 
        "ImmAssociateContext", 
        "ImmConfigureIMEA", 
        "ImmSimulateHotKey", 
        "ImmDestroyContext", 
        "ImmGetContext", 
        "ImmGetProperty", 
        "ImmNotifyIME", 
        "ImmGetOpenStatus", 
        "ImmCreateContext", 
        "ImmSetOpenStatus", 
        "ImmSetConversionStatus", 
        "IMM32.dll", 
        "RasDialA", 
        "RasGetProjectionInfoA", 
        "RASAPI32.dll", 
        "GetLongPathNameA", 
        "WriteFileGather", 
        "PulseEvent", 
        "KERNEL32.dll", 
        "#0#0#0#0#0#0#0#0#0#0#0#0#0#0#0#0#0#0#0#0#0#0#0#0#0#0#0#0#0#0#0#0#0#0#0#0#0#0#0#0#0#0#0#0#0#0#0#0#0#0#0#0#0#0#0#0#0#0#0#0#0#0#0#0#0#0#0#0#0#0#0#0#0#0#0#0#0#0#0#0#0#0#0#0#0#0#0#0#0#0#0#0#0#0#0#0#0#0#0#0#0#0#0#0#0#0#0#0#0#0#0#0#0#0#0#0#0#0#0#0#0#0#0#0#0#0#0#0#0#0#0#0#0#0#0#0#0#0#0#0#0#0#0#0#0#0#0#0#0#0#0#0#0#0#0#0#0#0#0#0#0#0#0#0#0#0#0#0#0#0#0#0#0#0#0#0#0#0#0#0#0#0#0#0#0#0#0#0#0#0#0#0#0#0#0#0#0#0#0#0#0#0#0#0#0#0#0#0#0#0#0#0#0#0#0#0#0#0#0#0#0#0#0#0#0#0#0#0#0#0#0#0#0#0#0#0#0#0#0#0#0#0#0#0#0#0#0#0#0#0#0#0#0#0#0#0#0#0#0#0#0#0#0#0#0#0#0#0#0#0#0#0#0#0#0#0#0#0#0#0#0#0#0#0#0#0#0#0#0#0#0#0#0#0#0#0#0#0#0#0#0#0#0#0#0#0#0#0#0#0#0#0#0#0#0#0#0#0#0#0#0#0#0#0#0#0#0#0#0#0#0#0#0#0#0#0#0#0#0#0#0#0#0#0#0#0#0#0#0#0#0#0#0#0#0#0#0#0#0#0#0#0#0#0#0#0#0#0#0#0#0#0#0#0#0#0#0#0#0#0#0#0#0#0#0#0#0#0#0#0#0#0#0#0#0#0#0#0#0#0#0#0#0#0#0#0#0#0#0#0#0#0#0#0#0#0#0#0#0#0#0#0#0#0#0#0#0#0#0#0#0#0#0#0#0#0#0#0#0#0#0#0#0#0#0#0#0#0#0#0#0#0#0#0#0#0#0#0#0#0#0#0#0#0#0#0#0#0#0#0#0#0#0#0#0#0#0#0#0#0#0#0#0#0#0#0#0#0#0#0#0#0#0#0#0#0#0#0#0#0#0#0#0#0#0#0#0#0#0#0#0#0", 
        "HubLenin", 
        "HydrantsLakeside", 
        "GrimeOcean", 
        "LightensLynx", 
        "LuckyMulticultural", 
        "LysineGenetic", 
        "OverlandFounts", 
        "MacroscopicMagnetisation", 
        "MotorsNeonate", 
        "FoundationsMountains", 
        "HandmaidenFillip", 
        "KindleLather", 
        "InstitutedHeighten", 
        "HolidaysMultiprocessors", 
        "LocativeInterlocks", 
        "InnermostMicrophones", 
        "OffsetJacket", 
        "InterrogatesFind", 
        "MadridGantries", 
        "GravitatedLice", 
        "FivesMeld", 
        "LibeledHangar", 
        "LeaguesFinality", 
        "IntersectionsOvereat", 
        "HastedGreasing", 
        "LiquidiserForearms", 
        "LatitudesFocal", 
        "OnsetGanger", 
        "HanoverGreasiest", 
        "HeadiestImpedance", 
        "KillersHobbling", 
        "MaligningHypnotise", 
        "HookingMagnetron", 
        "LoiterersGovernesses", 
        "FunctionariesIslamic", 
        "MonographicHistamine", 
        "FilletModernisation", 
        "InjectableLogistics", 
        "NovelsLate", 
        "HarriersMasseuse", 
        "LevitationIncompetence", 
        "OutliersNematode", 
        "LapsedMachinery", 
        "OptingIntentions", 
        "FireworksLeaden", 
        "OverdraftsInductors", 
        "LiquidiserNews", 
        "FinialHandlers", 
        "LynxNickel", 
        "KisserHorn", 
        "FootagesFrisking", 
        "HosesFractals", 
        "JelliesMenial", 
        "FunkedKindled", 
        "HecklingOutrank", 
        "FigleafFilings", 
        "GunboatLaps", 
        "GearstickLiberal", 
        "FormulateGlistening", 
        "InksNeurosurgeons", 
        "ImperialisticJellied", 
        "LiquidationsOlfactory", 
        "FoxtrotsGoring", 
        "OleInitialisation", 
        "GenresGrimm", 
        "FreesiasGleams", 
        "GeometricOutmost", 
        "FreshersMuses", 
        "MasonicInspects", 
        "FinishingInstigators", 
        "FrostbittenFete", 
        "FirelightMyself", 
        "MegalomaniaFencings", 
        "FlattenMatriarchies", 
        "ForkedLocally", 
        "IdentificationOnions", 
        "InnerOracle", 
        "ImplementersGrinner", 
        "IncomeGlenn", 
        "FretLecturers", 
        "LocusIncorrect", 
        "JetInventions", 
        "InternMetropolises", 
        "IntertwinedGenesis", 
        "OptimistMarginality", 
        "MaimsNoses", 
        "FreelancesIgnored", 
        "MentholFinetunes", 
        "HatsInfernal", 
        "JestedHomecomings", 
        "IrregularGrins", 
        "MaturityInterviewers", 
        "FeralFrameup", 
        "HumanismIngress", 
        "LookingOpts", 
        "MetabolicHectic", 
        "JesterManufacturer", 
        "LegendLegal", 
        "JamesHeroines", 
        "ImpalingHalting", 
        "JunkFining", 
        "MelodicallyHeeled", 
        "LysineLined", 
        "InvarianceLane", 
        "InterferometersFlowering", 
        "OrnamentsLivelier", 
        "HorticulturistGrassed", 
        "NormalityLuxor", 
        "FollowsNutriment", 
        "GriffinHaircare", 
        "InterrelationshipsMeadows", 
        "MangroveImprovisatory", 
        "FormalisationLactation", 
        "LibellerMonitor", 
        "MomentousMentioning", 
        "KindleMustered", 
        "MonumentallyIsometry", 
        "MyLectors", 
        "LiberalisedFilter", 
        "MistranslatesListless", 
        "OddityInconstancy", 
        "HeadacheLowland", 
        "MessagingInterrogations", 
        "HunkFlannel", 
        "FilersHears", 
        "FragmentationFormalised", 
        "NumberMnemonics", 
        "LiftsMicrometers", 
        "OpineInsulin", 
        "FrightenIncest", 
        "LeagueMires", 
        "MagnetisationInterfacing", 
        "OmelettesOval", 
        "GodsendFirmest", 
        "IfsFuse", 
        "LiensHandler", 
        "FifesMorns", 
        "GoofingGlob", 
        "OrchestrationImperialist", 
        "HecklersInexpert", 
        "OdesMinimise", 
        "GrocerOldish", 
        "GearboxesInductors", 
        "LimiterFunctionary", 
        "MovableOrnamentation", 
        "KitLink", 
        "InitiatesOfficiated", 
        "JacksLactation", 
        "NicenessMaturation", 
        "LuckyInertia", 
        "LentLetter", 
        "MorningLegendary", 
        "InitiatingInternationals", 
        "MetaboliseMuscadel", 
        "IslamicMetrically", 
        "LonelinessFold", 
        "KinkMarionette", 
        "FiremanOusts", 
        "GigabytesOrchards", 
        "FlingsMongrels", 
        "LiterallyHoop", 
        "IntenseFigurehead", 
        "MisrememberNectar", 
        "NowInheritors", 
        "HousekeeperNines", 
        "MotherhoodFilm", 
        "HistoricistNavigators", 
        "NeedierHeretics", 
        "IntuitivenessMythic", 
        "FortFoundered", 
        "KnotMix", 
        "OoliticLocale", 
        "GenesFuller", 
        "HosesNails", 
        "IndelibleImpressions", 
        "FireproofMover", 
        "OffersOstrich", 
        "InsidesMandolins", 
        "ForgeriesGreeds", 
        "FlowerMeshed", 
        "MixedKillings", 
        "GreetingIrreverent", 
        "KerbIdle", 
        "LancedOrchids", 
        "MalformationsLosers", 
        "ImpalaOpines", 
        "MonarchicHijacked", 
        "HybridInexpressible", 
        "LeachedLittleness", 
        "FrailestMonotone", 
        "HardMatt", 
        "NectarinesFreighter", 
        "IndoctrinatesHarshen", 
        "FlueGrassroots", 
        "LateralLathered", 
        "InterdisciplinaryInvested", 
        "ObelisksGlossing", 
        "InsurgentFireguard", 
        "NicksLoiter", 
        "InvariantHumbled", 
        "ListeriaIonisation", 
        "NormalsMarooned", 
        "FertilisedGlen", 
        "OutclassedGreengages", 
        "MarkupsLame", 
        "MicrogramsHousebuilders", 
        "IonianGangling", 
        "LordsNudes", 
        "GreyFisted", 
        "MopedFootplate", 
        "FilibusterIntegrity", 
        "MartingalesFerns", 
        "IdlenessMatrilineal", 
        "FranchisedIntransigence", 
        "ObfuscatesHalons", 
        "HarvestingObservational", 
        "OvercomeIncomparable", 
        "ImprovisatoryFrom", 
        "GenieForaging", 
        "HeretoIndex", 
        "InquirersIneradicable", 
        "InseparableNightingale", 
        "InsertionImplosion", 
        "IntelligenceGerminal", 
        "HeatingMultimedia", 
        "HandingNationalities", 
        "MoraineForgetmenots", 
        "MustersModernistic", 
        "InstillsImprovements", 
        "IntermentFives", 
        "ImprisonmentsInstance", 
        "GassiestHarshens", 
        "GreedsInterned", 
        "GenealogistInfinitude", 
        "InterrogatedOmens", 
        "NormalisedFractures", 
        "HillierOres", 
        "JogIdiomatically", 
        "MultichannelNationalised", 
        "GenerationsGuided", 
        "MusicalityInconsiderately", 
        "ImprovementsInfiltration", 
        "FollowersGrommets", 
        "IroniesLogicians", 
        "InadvisabilityHeartwarming", 
        "InklingOrthodox", 
        "FornicatorsModeration", 
        "GuitarsMetres", 
        "ImportuneHutches", 
        "GranularFleeting", 
        "GroupsInsectivores", 
        "InstigatedIndictments", 
        "LensesFug", 
        "GovernorshipsLoosed", 
        "OctavesLegend", 
        "IngrateLimo", 
        "FlingsIneffectually", 
        "MontagesOscillators", 
        "IdealistsInjecting", 
        "ImminentModelling", 
        "IonianLamas", 
        "HarpingIntegrates", 
        "ManifestationsOppose", 
        "ModularisedMistypings", 
        "MetatarsalHomesteads", 
        "LicencesLiver", 
        "GluedOppressive", 
        "MorosenessNegate", 
        "HospitalisedLogically", 
        "FirebombsField", 
        "MinimiserFording", 
        "MolestedLinearity", 
        "MagnitudesForetold", 
        "OptimiserFlashed", 
        "NovelleInsisting", 
        "NicksIronical", 
        "MultiplexedIceberg", 
        "LongsGlittery", 
        "FourLeafing", 
        "OrationsHuff", 
        "HystericsMissals", 
        "GrassesForeshadows", 
        "MockFruiting", 
        "MarineHydrocarbon", 
        "HelotsMicroprogram", 
        "LatestFullpage", 
        "GreasierObedience", 
        "MultiprocessorLyrically", 
        "ImportunateFinality", 
        "FreedGuardhouse", 
        "MeretriciousImpermanence", 
        "LowishLifeline", 
        "GruntsGlean", 
        "MorallyHabitable", 
        "ForecasterMessy", 
        "HouseboundImprisoned", 
        "IntuitedFormulations", 
        "LogicalityMulticoloured", 
        "InfusionLady", 
        "MispositionedHydrated", 
        "MonadicLigand", 
        "HissingMover", 
        "FightersOff", 
        "IllinformedLunatics", 
        "HangmenObligated", 
        "GodsonMicrocosm", 
        "OunceFragrant", 
        "ImmodestLard", 
        "MassagesFractures", 
        "OstracismMandarins", 
        "InstigatingIsms", 
        "OscilloscopesHotter", 
        "MendingLifelike", 
        "InterfereMillenarianism", 
        "FilletsNotch", 
        "MistinessGifting", 
        "InvestsOnshore", 
        "OverflowedMachinery", 
        "OutreachLunches", 
        "LagsOutrank", 
        "IdeographicHankered", 
        "OrganismImpales", 
        "GassesOutran", 
        "LumbersHatracks", 
        "MaimedMargins", 
        "InformallyNasally", 
        "OutlayIntercountry", 
        "IngatheredKnighted", 
        "LiableFolders", 
        "MagnetosphereHyperventilated", 
        "KittingMelanoma", 
        "GreyedMutates", 
        "OnionIntertwining", 
        "JettisonedImponderables", 
        "MolarInward", 
        "OutstepMint", 
        "GripJoinery", 
        "MultiplierMales", 
        "MopOptimisation", 
        "KickerNematodes", 
        "IdealisedOolitic", 
        "HumanoidGasses", 
        "IneffectualnessIntones", 
        "InterplanetaryMedallion", 
        "MortgagesFives", 
        "LitchiIgnite", 
        "MazeLent", 
        "KnightGames", 
        "HissedImagine", 
        "MumHalts", 
        "LothMutineer", 
        "LeverMobilises", 
        "NeurobiologyHardened", 
        "HumpedIncompetence", 
        "LeanedLanded", 
        "HysteresisLapp", 
        "LovestruckMantles", 
        "FloodsIgnoring", 
        "HullMisshapen", 
        "MetricInconsiderable", 
        "MachinedHistorians", 
        "InfinitiveHissed", 
        "OrchestrationsOracular", 
        "IncipientIrrational", 
        "OrphanLeviathan", 
        "HistologicalOption", 
        "HousebuildingIndirectness", 
        "InviteInsubstantial", 
        "MisruleLures", 
        "JunkerGreek", 
        "LoanFossilising", 
        "NationalisedMelanin", 
        "NeurosurgeonsHesitating", 
        "HoeForefront", 
        "MiscalculatedGangs", 
        "HijackingsFlashier", 
        "MarquetryFraming", 
        "GamesMissteps", 
        "NonparticipationFreezer", 
        "HatedImmunisations", 
        "MathematicsMenace", 
        "MistsInefficient", 
        "OmniscienceLarger", 
        "ImputingJungle", 
        "HotplatesNeoplasms", 
        "MonasticHerrings", 
        "FootstepGetaway", 
        "LinimentHolistic", 
        "LainOperable", 
        "FigureheadGlider", 
        "MatriculatedNasty", 
        "MistersGenuine", 
        "GrocersImmigrations", 
        "MeltedFundamentalism", 
        "InterviewingNeutrino", 
        "FreebieImpediments", 
        "InhaleInstated", 
        "HushesForegrounding", 
        "GustingFrayed", 
        "OralNovices", 
        "MbabaneOctaves", 
        "IsomersInclines", 
        "NeutralistInstigate", 
        "LegendsFug", 
        "FordedLoiter", 
        "MatrimonyNeon", 
        "OutclassedHumanists", 
        "HolinessMotet", 
        "FixingMortices", 
        "LatrinesIndigenous", 
        "NayInnovating", 
        "OmnipresentMindlessness", 
        "NewsletterInterrogations", 
        "MandelaIntersect", 
        "FormulatorMangle", 
        "FlushedMitred", 
        "FolliclesLaden", 
        "NerdsHat", 
        "IncontinentLonesomeness", 
        "LinnetFestival", 
        "FlukeMultiples", 
        "FounderedInterviewer", 
        "HerringsNebular", 
        "HorseshoesInched", 
        "GrassrootsGripe", 
        "FermentingOne", 
        "InitiatorsNaturalisation", 
        "HeardFullish", 
        "MinisteringNdebele", 
        "ItinerantMotivating", 
        "MarchingIndeterminable", 
        "HarkensInvoiced", 
        "ForegroundsInadmissible", 
        "InsurrectionsIncest", 
        "LeftNice", 
        "GenerositiesInsisting", 
        "HastedFornicator", 
        "IndoleHertz", 
        "LootingLakeside", 
        "OrienteeringJoysticks", 
        "IncompetenceLithologies", 
        "FleesHale", 
        "MisdirectedJustification", 
        "ForebodingGreened", 
        "HistologyOre", 
        "InconveniencedLivewire", 
        "LatenciesHasp", 
        "MesonForeshadowed", 
        "OfficialnessLeadership", 
        "ImpaleOrca", 
        "MatricesMaths", 
        "IndeterminateJames", 
        "HierarchMastermind", 
        "NegativeFop", 
        "HistologyLeprosy", 
        "MixFiner", 
        "GarrisonsNematode", 
        "GearOriginating", 
        "FittingsMarmalade", 
        "HydrangeaLet", 
        "HeartacheHideout", 
        "InverterForebodings", 
        "GalHook", 
        "MementoOur", 
        "InventMimes", 
        "IntrudedOratory", 
        "LilyOverflowing", 
        "NodesGrannies", 
        "IntegratorLocational", 
        "OverlapsOutpointing", 
        "ImplementerHyphenations", 
        "IntimatesInterplays", 
        "GermicidesLet", 
        "GeometricalMisdiagnosis", 
        "OverlandGrocer", 
        "MigratedMarines", 
        "KestrelsLigand", 
        "MonopolisationMaths", 
        "NumeralIdlers", 
        "MicrobiologistImparting", 
        "HesitatesHoliness", 
        "LocationHassle", 
        "ObsessLamb", 
        "GentlemenIn", 
        "HeeledIonise", 
        "MachinationLonged", 
        "InflatedOrphaned", 
        "HouseboatGrandma", 
        "GenitiveOptical", 
        "MentorGreed", 
        "ObedienceIncapacitating", 
        "LorriesLarders", 
        "IlluminatingImprisonment", 
        "MoralisingMath", 
        "InsertingNose", 
        "JabInterviewed", 
        "MeanieFostered", 
        "LiberalityIntestate", 
        "LayoutMutinous", 
        "OptimisersMaseru", 
        "LocalsMantled", 
        "InefficienciesFloods", 
        "LinimentJewellers", 
        "MansizedOperative", 
        "HuhForeigners", 
        "LecherHuff", 
        "ImpositionsMicroscopes", 
        "IceboxHateful", 
        "InsertsFoxiness", 
        "IngrownObjector", 
        "KiwiImps", 
        "JapFootpads", 
        "LinimentsItalians", 
        "MilanFlanged", 
        "HerbageImpacts", 
        "InductorHalogenated", 
        "FireproofIntroverted", 
        "InventionFitness", 
        "HarvesterMeanings", 
        "InsertingFurnace", 
        "MynaNimble", 
        "FinalisingInspectorate", 
        "OpinionListener", 
        "LedgesHappening", 
        "LovelessNumbed", 
        "MediationLogistically", 
        "HabitabilityGalaxy", 
        "MusingFording", 
        "LookedFluency", 
        "JobsImmobile", 
        "IridiumNaps", 
        "InduceInterpretational", 
        "GamesmenFend", 
        "InstillsInterrogators", 
        "MulesIcebox", 
        "MechanismsHulls", 
        "MercenariesInfinitesimals", 
        "MinnowsLand", 
        "GenialityNewspaper", 
        "IntentsOrchestrating", 
        "HairstylingGainer", 
        "GrousesInvading", 
        "FluesMysteries", 
        "GnatsGallows", 
        "g27kkY9019n7t01", 
        "a6d6L578s522BH7O2", 
        "$]&eLA", 
        "xeck`j", 
        "tWHoL*6L", 
        "\"U.:|Ph", 
        "\\ Ebsf_", 
        "\".Vdv_`S", 
        "zP+T9T", 
        "Me@ph3", 
        "N\\DItI", 
        "^i9aQp", 
        ".H_DW]n", 
        "<(sasi(", 
        "edRHmv", 
        "GR<Xj}+", 
        "FNlIN^m", 
        "]jN`s+Y9", 
        "<f4]t4%AeXt", 
        "<e_up.", 
        "FHXtCG|", 
        "epIBO,", 
        "eujSs%", 
        "v+pDt8L", 
        "yiU^;yj3p", 
        "eauO+emS", 
        "|Cm|+A", 
        "n]@;REy", 
        "s]XrCl", 
        "B`Bsi]PN;", 
        "uOL@Hs", 
        "E`ucs^", 
        "X^gBoE", 
        "WhIEC<s", 
        "BxpeYv", 
        "iiQo8S\\ah", 
        "Ofcv;UYe", 
        "s$}0AB", 
        "x\\aPOQF", 
        "MYuBuP}Lg", 
        "T+m;ioX", 
        "}upDeRG+", 
        "plXA|y_V", 
        "Wc<t3;", 
        "0$+sY%P", 
        "s]VyWf", 
        "^Vix H`c", 
        "j]HIGx", 
        "peDLclH", 
        "`pi `9", 
        "No vOl(j", 
        "mD4,n}ot", 
        "ahf`au", 
        "rA$W.EEtg", 
        " WXs90.", 
        "C}%8IxM", 
        "lf%H]i", 
        "vtQ4\\t", 
        "OAaxm,|", 
        "3T vBjrm", 
        "PiYenu", 
        "joU}chI", 
        "p9%hpDG", 
        "oxTjGX", 
        "LPVMIF", 
        "e3<fgp", 
        "y8GI4|", 
        "_G;YrNniCc", 
        "hF3A,y", 
        "xo@_EF^IR$", 
        "AGs$+yO", 
        "f(D$^M", 
        "]3(m;Y", 
        "TOI%XE]", 
        "u$DEh;],hX", 
        "XdiaIP", 
        "(nU$%pf", 
        "9RoWx<h.RO", 
        "i9DW0r", 
        "S%|S@E", 
        "jolBfh", 
        "apg9stYYx", 
        "$@;U<s", 
        "O(cjeC}+", 
        "dgDX@Q", 
        "C+m]`h", 
        "s3Ap 8A0\\<", 
        "WUX3d<", 
        "RCx(^+", 
        "Y,g.v8es", 
        "EM<|LC", 
        "%`xPQa^Ve(", 
        "x9tgM+8U_", 
        "a4c8OY", 
        "AW4nLh", 
        "%%VBV`", 
        "Da<`yX", 
        "U8P;sv", 
        "MI}%Q0`Lh%Bh]", 
        "rdA8%]B", 
        "V_;0fs", 
        "0W|cWe", 
        "|d4Ieh", 
        "X0}tp^DIOGs^", 
        "s]iicc", 
        "r3m4`O", 
        "%|Fx@}", 
        "4UjxX_", 
        "lOhr3e^4", 
        "aCXGSp", 
        "Lm_C;R", 
        "H9dCl|", 
        "gTdl8<", 
        "Sc8vCy$", 
        "SP3pdt", 
        "QWmogO", 
        "puaQ`_,", 
        "$ }3Am", 
        "fEB%Tc", 
        "B0LWWUa]a", 
        "8r]3pBYQia ", 
        "LMjXv<", 
        "^,ydL;", 
        "sL_D(e", 
        ",]ylPy$YY;", 
        "Bs\\BN^", 
        "lpWA%8v\\", 
        "iSI;3`", 
        "yV|D_mg(|Y", 
        "sTGdD,", 
        "Vu<G $", 
        "AYfae]", 
        "OUE|0i^i|_y", 
        "](4`CV", 
        "EPIIVpx", 
        "uiXuc ", 
        "f+DIad", 
        "P8^4PX", 
        "At3BBi", 
        "OgnCM<", 
        "pxFMEGQ%tP", 
        "jy0W<@", 
        "maecG3G", 
        "jcU9T(8", 
        "TcIU0 m", 
        "_0(u%TsP", 
        "Q]<Nfls`", 
        "L9`B}9", 
        "n^pIUD", 
        "<CjWgyi", 
        "geuh|F+", 
        "FR4pIolaVV3", 
        "TUXUPa", 
        "u}3]Bi", 
        "%oMlC ", 
        "taS^yE", 
        "M+ha$Q", 
        "@]XPMG", 
        "}gVx}`", 
        "$(H3f;+", 
        "hijE0o", 
        "9ttVjr|", 
        "s(\\]y3xcLX", 
        "iM+ChF", 
        "N;Ga8PLH", 
        "YQO9ffxr;", 
        "LhFYU@HL", 
        "a9O}j9", 
        "o,SS,AYd", 
        "os\\W;Mda", 
        "j$RAdg", 
        "$4]U|s", 
        ", (Hxu", 
        "UlaQlO^", 
        "RC]lf,e", 
        "OGyMSe9", 
        "raF_x+X%,MU", 
        "usNCHfF", 
        "sMpEM\\W", 
        "uTWR,u", 
        "O}F.g^<", 
        "S}.`a<", 
        "m^acxs", 
        "ppFe%f@", 
        ";P}IWFA8rWiL", 
        "cEBp|%,D", 
        "IGdlyL", 
        "(CEfGH", 
        "4<doLT", 
        "Y}CvL^.cre@,", 
        "O%,l_e", 
        "v3OL_9", 
        "LAv|h$", 
        "rdo}yyt4", 
        "VNjU`.<;", 
        "$T.9`E", 
        " Wt@9+^", 
        " x4hv$", 
        "LNa,(g", 
        "<fV\\0@yMGl", 
        "QC0};Dr", 
        "]3Q`dOV", 
        "Qy\\^hd", 
        "PXCtxtjvv", 
        "3Ys8tsnLN", 
        "SAp__| ", 
        "D% Ffg", 
        ".MimSsG", 
        "OmTPBS", 
        "dUP,VA", 
        "TEViBg", 
        "_PrIHR", 
        "h8eXsUA", 
        "|NpG]ag", 
        "n.oh}d", 
        "t\\@]y}m", 
        "iI3<RxF;f", 
        "_e8FvI^", 
        "3C(Il <", 
        "C0%`y^h", 
        "HQEMNO", 
        "9I934i", 
        "oOVc+OR", 
        "eXti(3", 
        "n^]fAr", 
        "_dgn(.R", 
        "Picu;,aC", 
        "\\eS@l;V|", 
        "`P$EAm", 
        "+Xo@^W PP", 
        "rYhFsUX;", 
        "39dOvH@", 
        "cH+Hau", 
        "Ru(Q%TP", 
        "sTh<Acu3", 
        "\\T]Wmvc", 
        " ilmLn", 
        "lSs;tR", 
        "`+esMg", 
        "Or|^vpL", 
        "u$mL4HT", 
        "0 |Puy(,iL", 
        "L$`|_c", 
        "49pChe", 
        "Sc`dr0", 
        "<;G(Pe", 
        "sl0egFHT", 
        "XNe\\AE", 
        "yV0i}(", 
        "`c%%^(", 
        "I]UEdYl", 
        "p|h$jL", 
        "GWe|G$", 
        "iA8Nfd.R", 
        "YW%e]d;N,", 
        "H\\dXm8j", 
        "M+9D|Rx", 
        "h^yfysO", 
        "id4TUE", 
        "Nniett", 
        "4`yudn+", 
        "i^ud^tY", 
        "et9ioFg", 
        "m3%^9<\\", 
        "+%m;`,h", 
        "}jFY+f", 
        "C3uQNE", 
        "hYG,UBU", 
        "GSAI\\|", 
        "Q,aOSh", 
        "XTtDrFc", 
        "t<^LULU", 
        "L\\Y|;]h", 
        "yWlUji", 
        "3NXp;L", 
        "O`vfg+", 
        "E|YpD,,U", 
        "j}RQ]I", 
        "XHG]sD", 
        "Ix\\^uM", 
        "$|y.NP", 
        "Hp8.Vc", 
        "u0f|X0", 
        "vV^B,3G,", 
        "^d8A4g", 
        "dYC%Qv", 
        "+jstQ@", 
        "VXmEH`", 
        "neCCD_^h", 
        "Tj,9YC", 
        "_9y(@+%", 
        " `n3RmgR@P", 
        "QR;.Ws", 
        "_]ICnt,p", 
        "0M9oj.", 
        "lOLy8A", 
        "+9E4f_", 
        "aHE_04", 
        "38,T3%", 
        "uf^+Uh%", 
        "ySRC4IjAXN", 
        "00oe(__G", 
        "ne%D^Cj", 
        "H%A<i8i", 
        "sfU]}<V_yvS\\", 
        "pt+4H3FH", 
        "]<yppRR,", 
        "F]9$Xj3juW", 
        "NGuHR`c4", 
        "y+yFu+,F", 
        "8O|}(tYI]", 
        "}^%}YHd", 
        "aQ3;PL", 
        "_;Vafi", 
        "\\@y_og", 
        "ht+PA+dU", 
        "hjhDW.c^", 
        "B@\\(jcp", 
        "0R|,4n", 
        "`oDd40", 
        "F`utA_", 
        "\\GI4DD", 
        "$P_Cgv", 
        "ID$(laD", 
        "Eg}G|Ni9", 
        "rCCYipjt", 
        "GVUveE", 
        "`R|dPjN", 
        "UjA|@;", 
        ".S]hGD", 
        "$mRp p", 
        "(yL;|E", 
        "Uof|oF", 
        "XT.3IAOh@", 
        "LVO\\\\$^_", 
        "uMx+%vhfIn", 
        "souf]P", 
        "N;xP$S", 
        "sGPXdN", 
        "y4B$3x+", 
        "H$tvNh", 
        "vr+I,M", 
        "yM $NTNS", 
        "]0d|48D", 
        "_8(YNX", 
        "(SLFvp", 
        "vEeQRA", 
        "3%4Y,IB", 
        "g_i`DMS", 
        "BRvx 8]", 
        "<Ut^98E", 
        "+ess_RL}N`S", 
        "th0Im$Y;", 
        "}xaxDW", 
        "BjHs;X", 
        "@n;+v<", 
        "o3YVVXa", 
        "PfD_%Q90", 
        "_.LWh^s", 
        "BXxYvoI,", 
        "pyf Pf;", 
        "oAaXi<heBP", 
        "mACS4 XNm%", 
        "vvWR}nYDD8", 
        "PL^LL,m", 
        "mVgr9}D", 
        "]\\0fLT", 
        "miUCr\\c", 
        "%xR4o+", 
        "g}NWaN", 
        "IP;MG|", 
        "xfr]Hy", 
        "}iyOfro", 
        "$$UU_`", 
        "mtum9LXx`", 
        "\\Lofy^", 
        "ruUDgC ", 
        "hy;I|A", 
        "y^E`uV", 
        "QpUja%M<XUr", 
        ".YNe^9", 
        "M<3<^xi%", 
        "<$fOgV", 
        "rAu03;", 
        "ttDlY^8G", 
        "tEEhpy,p", 
        "MMTgTF", 
        "FW@+9R", 
        "dW.|nM,", 
        "pep,3@N", 
        "nhv}Xx", 
        "jRABL}", 
        "Cr|iIM", 
        "jmMh9O", 
        "Qhm9Pf\\", 
        "]grm]$", 
        "%h %ci", 
        "3+`t.0r\\,", 
        "IWH,]H", 
        "4hO|UxM", 
        "j3DNGd", 
        "BnDugt", 
        "xyihRi", 
        "nAD_;t]", 
        "I`I`TOP_", 
        "| DiLxs|", 
        "ovLGcL", 
        "Fy.h\\yet", 
        "L|<gBo", 
        "@d%ADd", 
        "`S0Os ", 
        "t@cH\\(l]", 
        "c%UtW,O", 
        "r<M|m\\", 
        "|^@nMr", 
        "%8|I(L", 
        "S`E]a\\", 
        "].sxdI", 
        "tdNE09", 
        "Q0}f4d", 
        "o]l\\sh", 
        ";,aWHiM", 
        "so4xeDL", 
        "FF8s;@", 
        "nMMMsu", 
        "Wdd$|;", 
        "cA8gy8in", 
        "]8C%9(W", 
        "Eon4DE", 
        "Xc,;+W", 
        "O,hU+|", 
        "dhSsVvIolW", 
        "HtU}XVOLM", 
        "(vle^TL", 
        "SclmMgE", 
        "du,ns}C", 
        "W;H0$]", 
        "m<4H<oPFpvx", 
        "\\P]V;u", 
        "l@BMMU", 
        "W9NArTc", 
        "freDd]_", 
        "\\+vOU@", 
        "@rI^Ci(.;3m<", 
        "CEvs3V9", 
        ";\\Qt._ `.", 
        "|EPTfU", 
        "y<iIWn", 
        "p|$.hF", 
        "c(SRHF", 
        "+9G(^8E", 
        "SuIFGH", 
        "@af\\uT", 
        "<DBtcBr", 
        "^v(NH<", 
        "+rjO30r]n%", 
        "TghSf+US]", 
        "Dd^mI(gic", 
        "<@RLDEvp", 
        "4@3UNSf^", 
        "OaWupRy;H", 
        "H`sY;A", 
        "3p$S^vW", 
        "s(;;WFUu%U", 
        "licgocr]r", 
        "AXQGYRT^|H", 
        ",CfhrOl", 
        "E+GCI]", 
        "oInDIGyL", 
        "|hxpv]", 
        "c@_$eH", 
        "3USBA<A", 
        "O;HoLiy", 
        "xg\\|U]R3", 
        "PiP`he", 
        "l`]\\rV", 
        "h.BPnNR", 
        "+`  DSa", 
        "4.BF`3", 
        "WPv+\\p", 
        "3]Ae0Y", 
        "F|mOV$]", 
        "}_dPvgv", 
        "Xv@+Ny", 
        "Gje$3A", 
        "HiS}Ili", 
        "xeTvUX", 
        "XVSR;FUs,|", 
        "cUdI@H", 
        "Mo%TgtE", 
        "Py+Can", 
        "M,\\A}R", 
        "ypfPtP", 
        "9ylMpC", 
        "<OBNA9rcD", 
        "(3`jSm9", 
        "o8X%pGt", 
        "FPcnP\\mG", 
        "d@EyP+", 
        "iaXm@L", 
        "4HG(0F", 
        "xLGv,Ih", 
        "@}AyBC", 
        "QXtrrO", 
        "o_`oft", 
        "Ts;A9EO", 
        "0;T\\ds\\,", 
        "O\\}40L", 
        "f0aA@B", 
        "_F@rFWx", 
        "OPgEtf,c^Hp", 
        "siGFeDX", 
        "p+RB_0", 
        "y98@|f", 
        "|io99,", 
        "dHdRh|.", 
        "tW`L_,AF", 
        "<UeSFV<u", 
        "9pGM8%M", 
        "Y(8Mfc", 
        "+ul9SN", 
        ".ReMeC", 
        "]}ylS@jHCY", 
        "BR@_A`r`", 
        "0^NMl0", 
        "aW%uCE0", 
        "V.9nsd}", 
        "vsT+xC`x", 
        "EW<IoV", 
        "U}pcrMdfM", 
        "vlXR$^", 
        "y+}HG+", 
        "<3r`NO`", 
        "8, v_._A\\C3G", 
        "GAE+lS", 
        "HPV0S9", 
        "W@y|V\\", 
        "0Vd`NB", 
        "^ME0x9", 
        "QGf.f\\c", 
        "P98+_3", 
        ";lfA]S", 
        "p.+<}mP9", 
        "soCuO`", 
        "W+` },", 
        "c+\\.IVg", 
        "E8D+e$", 
        "I<$g`9", 
        "C8`da^", 
        "o]S@G0", 
        "E|EgvELRigo", 
        "<<X,CQ", 
        "rn^nvv(m]", 
        "L<cAA}", 
        "Ec|d0D", 
        "(nvIYx}G", 
        "@.\\(8.", 
        "mt_;]P", 
        "E8r@HC8eotphm", 
        "IPDyId0", 
        "uFPAi+4", 
        "<.nFG}", 
        "MFI`@BN", 
        "enLfd`", 
        "8oOs``", 
        "QtmRI;c", 
        "uUhoHaev", 
        "$]D$iT", 
        "ipxNpR3F", 
        "jC,]@gxI", 
        "`O+}BU", 
        ".\\TgVAx", 
        "G\\%%SE", 
        "<.Y$3}", 
        "G^C8su", 
        "+VFn<gx", 
        "xW@fMs", 
        "}`.|H0Yo", 
        "Op9rBn", 
        "jT]tW0a", 
        "+@8^\\f", 
        "S.TxrW", 
        "Sn<pMt", 
        "3NX.+C}i", 
        "Weoy]Tn", 
        "p`X03DmL", 
        "D]0DU@ 3R", 
        "IxmrHCA", 
        "yovRt\\V", 
        "$mpLW_", 
        "tOjrhhS;", 
        "SMaNSRrf", 
        "%GYfmg", 
        "Wy3lt0|L(j]HYGmOF", 
        "dRQ^sF]", 
        "9@gfuAu", 
        "NA4;<Xy^%", 
        "Vxx^+y", 
        "frr9%Q", 
        "4h9\\Ee", 
        "mU]ue,NP", 
        "i^@Yfv", 
        "\\ghD33_", 
        "Rfs WR", 
        "}ItI_t", 
        "3fgEhfg3", 
        "@f@i8U", 
        "H3+]xx4", 
        "_cmhjc", 
        "ydC9m}_", 
        "jM`OYyiR", 
        "t<llDd", 
        "FfmV<9P", 
        "%9Vldx", 
        " D;U$W", 
        "s\\t;gH", 
        "u3.|(nAm", 
        "L3E8g(", 
        "SteBU\\", 
        "aGyEt;", 
        "Q\\DAsS", 
        "E Q+pr", 
        "Gox$dmg", 
        "8I4Mjno", 
        "(IF_mIHno", 
        "eUfd%N j", 
        "+]s^Qao(", 
        "3%X|sT", 
        "(phIT\\If..", 
        "%AnIr$N", 
        "pApxiIs", 
        "goc0<ChR8", 
        "|_d0I.@)", 
        "+\u001f~0K.@", 
        "&>,E.h03", 
        "?????????????", 
        "t8/8tf", 
        "0I28N0", 
        "2r8N2Id", 
        "ttItI0", 
        "r020d/I", 
        "N2NttI", 
        "fffN02", 
        "8Ir00I", 
        "d0ftINd8", 
        "8ftNfIf", 
        "2/N8fff", 
        "2rt8fNfI", 
        "tI08I8", 
        "d0ddtr", 
        "/2NNtfd/2r", 
        "tIr8IfN/", 
        "80trt0", 
        "/dN/r/", 
        "0f80dI/I", 
        "/r2dII", 
        "f0282/f", 
        "2r0NId", 
        "2dId8N/", 
        "Idtdr2", 
        "dt8/dIf", 
        "t2frNN88d2", 
        "208ftd", 
        "dd2N/f", 
        "/N08NN", 
        "/f0/d8", 
        "dIfd//", 
        "tIfIr08fI", 
        "N0r8fI", 
        "II8rr0d", 
        "0N8I/d", 
        "ttIfd2", 
        "N282dN", 
        "tI820d", 
        "t/INrf", 
        "2N/I822", 
        "/8d8rI", 
        "0fIrr/", 
        "fr/fIf", 
        "/2d00rd/", 
        "fr2IIN", 
        "dd8r2f", 
        "2I/rtt", 
        "Idr0tf2/I", 
        "2Nf8dd", 
        "NrN/tdNf", 
        "d822ft", 
        "It2NfId", 
        "tN/fNIfN", 
        "d00ft/", 
        "tdNrIt2", 
        "d0rNf8", 
        "Nt2N2/", 
        "d0fr2//", 
        "8dI22d/", 
        "2t/8282", 
        "Ir0Nf0/", 
        "dINIt2ft8N", 
        "rNIr2/2", 
        "8rr/dr", 
        "f88f02r", 
        "8tfI/td", 
        "t2tdIr", 
        "d0fr0I", 
        "0r2N8t", 
        "td8dfd28", 
        "0d28trtIf", 
        "frtN08I", 
        "ft08dt", 
        "2rdfNdr", 
        "/NrIr2", 
        "/tIt0r", 
        "0tfNff/", 
        "r/2d8N", 
        "/2ftf/2tI", 
        "I28288/", 
        "I08dt0", 
        "0II/rrf", 
        "t0ff/N", 
        "drN22ddfr", 
        "NNI/tI", 
        "dfIdIf", 
        "NINd/t", 
        "VS_VERSION_INFO", 
        "StringFileInfo", 
        "000004b0", 
        "Comments", 
        "CompanyName", 
        "FileSee.com", 
        "FileDescription", 
        "FileVersion", 
        "0.37.213.27", 
        "InternalName", 
        "LegalCopyright", 
        "Intend (C) 2013", 
        "LegalTrademarks", 
        "OriginalFilename", 
        "PrivateBuild", 
        "ProductName", 
        "Lipreading Fenced", 
        "ProductVersion", 
        "0.144.212.113", 
        "SpecialBuild", 
        "uA2c861", 
        "&c5l6t5 JyTm73u7 kL6sBT j85Z074", 
        "&ht49y39 wJt5zXU", 
        "&Z3ZW3 K6P638e yv5PTs", 
        "&kA88 f006q9", 
        "&K706S", 
        "&CmQQK jF71w0m4 XD7", 
        "&YU4 L2q1505 a32880x K0QB169", 
        "&Dgc VJ592op2", 
        "&v9SVCzg AHdhC1E", 
        "&o221 VR69953 McpL5U0E OREu22J", 
        "&Y9le1 d78Q4mcR fqX62", 
        "&e87h Y5MN0 B6801N C5B3K", 
        "d1Ypn3", 
        "wM124m F8Q uo4D1", 
        " Microsoft Sans Serif", 
        "HvEEL8a V782Jcv", 
        "XA045y1", 
        "NKw R872Q297", 
        "CJW9580z s2J0X", 
        "yEUK2 DMUK gY47IG x5Ewn03", 
        "xNTT p2B5V", 
        "zq7y25 QVE24 WSfm w8MF6", 
        "ZQS01n", 
        "L6TDY2A4X", 
        "Hkh Xi8T5", 
        "Candara", 
        "ty3834 lew0 REY9j S7AKWo4", 
        "kR3113hA r16VKeI", 
        "Yf5j0 FA2BQXE6 T6P733Z YL48", 
        "qW2aZj0 RT1 Vi05", 
        "z2ad300", 
        "j3qBP9", 
        "g3S0 N3zZZR9", 
        "vcPEc hQ3P g28Km9 E5g70P", 
        "wE621247", 
        "HCentury", 
        "B8640 t3it ziS492", 
        "v71w8557L", 
        "JuXz3P08 Fkz727 fh4b5E7 k4X0", 
        "Cambria", 
        "h13J67 T7z Lh2242bW", 
        "hLbPhA Dpm3f12Z", 
        "Nls82 F31 bTs02P", 
        "rWR Fd12I QT9w66Y", 
        "u0g10aY", 
        "Constantia", 
        "eS01jFt50", 
        " Calibri", 
        "tB70F15 j24 D8H J09", 
        "E56467wJ f14247Q9", 
        "lkO2 G8x2VbTL", 
        "L44U4uu5 k8X3", 
        "eo4sT09782", 
        "N9366ig PAn4jJ2 va6653", 
        "zTm1R3l0 jx5jNg6y z511G3", 
        "q3JvWzy nzY2Gi4c", 
        "E05UWP88 BYT477 Ng15p9", 
        ",Segoe Print", 
        "x1pEl JA5", 
        "U0K9XGB6", 
        "UBevo DC9", 
        "Garamond", 
        "zQ332C4 n0wywB8R", 
        "a22SG6j", 
        "WSO64Tv4", 
        "ZEla31c h6FT d674Bc11", 
        "a745z50 Jo2", 
        "V0U4pu J97I0i0D c1Au38", 
        "wcf7J3w8 r3aX lb2 b1j", 
        "d41 mECfjW", 
        "PY17Zxmc L695t", 
        "n985j gmHd5455 r4H", 
        "Lucida Console", 
        "L78D0 wWG45b3S in4 iiJ5g6", 
        "A5591i1a qXX4k bK0cZYZ c6Uo35uI", 
        "hyW K09N9H", 
        "gMGE P62CD X0t7F4I3 g88K1", 
        "mp50Qr d801U9 C3O", 
        "x39e6AvV", 
        "D27ESs Y9302"
    ], 
    "metadata": {
        "output": {
            "pcap": {
                "basename": "dump.pcap", 
                "sha256": "b86b0f03fcb904ef74e7a999c4606b6e3939cf7185287975b51d78b8856af7b2", 
                "dirname": ""
            }
        }
    }
}