{"started_on": {"$dt": "2023-07-14T16:36:25.612523"}, "duration": 22, "sample_id": 25, "owner": null, "id": 43, "category": "file", "priority": 2, "guest": {"status": "stopped", "name": "cuckoo1", "label": "cuckoo1", "manager": "VirtualBox", "started_on": "2023-07-14 16:36:25", "shutdown_on": "2023-07-14 16:36:48"}, "clock": {"$dt": "2023-07-14T16:36:25.359310"}, "custom": null, "machine": null, "platform": "windows", "memory": false, "status": "completed", "tags": [], "processing": null, "enforce_timeout": false, "completed_on": {"$dt": "2023-07-14T16:36:48.206079"}, "target": "/tmp/cuckoo-tmp-root/tmprrnH7p/3372c1edab46837f1e973164fa2d726c5c5e17bcb888828ccd7c4dfcc234a370", "package": "exe", "route": "none", "timeout": 120, "submit_id": 45, "options": {"procmemdump": "yes", "route": "none"}, "added_on": {"$dt": "2023-07-14T16:36:25.359321"}}