{"started_on": {"$dt": "2023-07-14T17:00:57.769485"}, "duration": 187, "sample_id": 36, "owner": null, "id": 54, "category": "file", "priority": 2, "guest": {"status": "stopped", "name": "cuckoo1", "label": "cuckoo1", "manager": "VirtualBox", "started_on": "2023-07-14 17:00:57", "shutdown_on": "2023-07-14 17:04:04"}, "clock": {"$dt": "2023-07-14T17:00:57.072988"}, "custom": null, "machine": null, "platform": "windows", "memory": false, "status": "completed", "tags": [], "processing": null, "enforce_timeout": false, "completed_on": {"$dt": "2023-07-14T17:04:04.843096"}, "target": "/tmp/cuckoo-tmp-root/tmpJ8Msyg/Ransom.Xdata.exe", "package": "exe", "route": "none", "timeout": 120, "submit_id": 56, "options": {"procmemdump": "yes", "route": "none"}, "added_on": {"$dt": "2023-07-14T17:00:57.073003"}}