{"started_on": {"$dt": "2023-07-14T16:19:30.089118"}, "duration": 27, "sample_id": 17, "owner": null, "id": 35, "category": "file", "priority": 2, "guest": {"status": "stopped", "name": "cuckoo1", "label": "cuckoo1", "manager": "VirtualBox", "started_on": "2023-07-14 16:19:30", "shutdown_on": "2023-07-14 16:19:57"}, "clock": {"$dt": "2023-07-14T16:19:29.409169"}, "custom": null, "machine": null, "platform": "windows", "memory": false, "status": "completed", "tags": [], "processing": null, "enforce_timeout": false, "completed_on": {"$dt": "2023-07-14T16:19:57.348843"}, "target": "/tmp/cuckoo-tmp-root/tmplCC5XK/027cc450ef5f8c5f653329641ec1fed9.exe", "package": "dll", "route": "none", "timeout": 120, "submit_id": 37, "options": {"procmemdump": "yes", "route": "none"}, "added_on": {"$dt": "2023-07-14T16:19:29.409178"}}