{"path": "shots/0001.jpg", "pids": [], "filepath": null}
{"path": "shots/0002.jpg", "pids": [], "filepath": null}
{"path": "memory/2728-1.dmp", "pids": [], "filepath": "c:\\users\\cukoo1\\appdata\\local\\temp\\tmpzzwg4k"}
{"path": "memory/2672-1.dmp", "pids": [], "filepath": "c:\\users\\cukoo1\\appdata\\local\\temp\\tmpku3iqr"}
{"path": "shots/0003.jpg", "pids": [], "filepath": null}
{"path": "shots/0004.jpg", "pids": [], "filepath": null}
{"path": "shots/0005.jpg", "pids": [], "filepath": null}
