{"started_on": {"$dt": "2023-07-18T11:37:17.511307"}, "duration": 51, "sample_id": 17, "owner": null, "id": 108, "category": "file", "priority": 2, "guest": {"status": "stopped", "name": "cuckoo1", "label": "cuckoo1", "manager": "VirtualBox", "started_on": "2023-07-18 11:37:17", "shutdown_on": "2023-07-18 11:38:08"}, "clock": {"$dt": "2023-07-18T11:37:17.223997"}, "custom": null, "machine": null, "platform": "windows", "memory": false, "status": "completed", "tags": [], "processing": null, "enforce_timeout": false, "completed_on": {"$dt": "2023-07-18T11:38:08.930442"}, "target": "/tmp/cuckoo-tmp-root/tmpOVqqAD/027cc450ef5f8c5f653329641ec1fed9.exe", "package": "dll", "route": "none", "timeout": 120, "submit_id": 111, "options": {"procmemdump": "yes", "route": "none"}, "added_on": {"$dt": "2023-07-18T11:37:17.224007"}}