{"started_on": {"$dt": "2023-07-14T16:23:54.342746"}, "duration": 37, "sample_id": 19, "owner": null, "id": 37, "category": "file", "priority": 2, "guest": {"status": "stopped", "name": "cuckoo1", "label": "cuckoo1", "manager": "VirtualBox", "started_on": "2023-07-14 16:23:54", "shutdown_on": "2023-07-14 16:24:31"}, "clock": {"$dt": "2023-07-14T16:23:53.619976"}, "custom": null, "machine": null, "platform": "windows", "memory": false, "status": "completed", "tags": [], "processing": null, "enforce_timeout": false, "completed_on": {"$dt": "2023-07-14T16:24:31.640842"}, "target": "/tmp/cuckoo-tmp-root/tmpQPcw2f/DUMP_00A10000-00A1D000.exe.ViR", "package": "exe", "route": "none", "timeout": 120, "submit_id": 39, "options": {"procmemdump": "yes", "route": "none"}, "added_on": {"$dt": "2023-07-14T16:23:53.619994"}}