{"started_on": {"$dt": "2023-07-14T16:33:57.119888"}, "duration": 25, "sample_id": 23, "owner": null, "id": 41, "category": "file", "priority": 2, "guest": {"status": "stopped", "name": "cuckoo1", "label": "cuckoo1", "manager": "VirtualBox", "started_on": "2023-07-14 16:33:57", "shutdown_on": "2023-07-14 16:34:22"}, "clock": {"$dt": "2023-07-14T16:33:56.446365"}, "custom": null, "machine": null, "platform": "windows", "memory": false, "status": "completed", "tags": [], "processing": null, "enforce_timeout": false, "completed_on": {"$dt": "2023-07-14T16:34:22.593807"}, "target": "/tmp/cuckoo-tmp-root/tmpa9PMjP/unpacked.mem", "package": "exe", "route": "none", "timeout": 120, "submit_id": 43, "options": {"procmemdump": "yes", "route": "none"}, "added_on": {"$dt": "2023-07-14T16:33:56.446385"}}