{"started_on": {"$dt": "2023-07-14T16:15:56.787432"}, "duration": 17, "sample_id": 15, "owner": null, "id": 33, "category": "file", "priority": 2, "guest": {"status": "stopped", "name": "cuckoo1", "label": "cuckoo1", "manager": "VirtualBox", "started_on": "2023-07-14 16:15:56", "shutdown_on": "2023-07-14 16:16:13"}, "clock": {"$dt": "2023-07-14T16:15:56.624941"}, "custom": null, "machine": null, "platform": "windows", "memory": false, "status": "completed", "tags": [], "processing": null, "enforce_timeout": false, "completed_on": {"$dt": "2023-07-14T16:16:14.004091"}, "target": "/tmp/cuckoo-tmp-root/tmpcflpLQ/131.exe", "package": "exe", "route": "none", "timeout": 120, "submit_id": 35, "options": {"procmemdump": "yes", "route": "none"}, "added_on": {"$dt": "2023-07-14T16:15:56.624952"}}