{
    "info": {
        "added": 1689352213.870945, 
        "started": 1689352214.107042, 
        "duration": 26, 
        "ended": 1689352240.968291, 
        "owner": null, 
        "score": 0.0, 
        "id": 39, 
        "category": "file", 
        "git": {
            "head": "13cbe0d9e457be3673304533043e992ead1ea9b2", 
            "fetch_head": "13cbe0d9e457be3673304533043e992ead1ea9b2"
        }, 
        "monitor": "2deb9ccd75d5a7a3fe05b2625b03a8639d6ee36b", 
        "package": "js", 
        "route": "none", 
        "custom": null, 
        "machine": {
            "status": "stopped", 
            "name": "cuckoo1", 
            "label": "cuckoo1", 
            "manager": "VirtualBox", 
            "started_on": "2023-07-14 16:30:14", 
            "shutdown_on": "2023-07-14 16:30:40"
        }, 
        "platform": null, 
        "version": "2.0.7", 
        "options": "procmemdump=yes,route=none"
    }, 
    "signatures": [], 
    "target": {
        "category": "file", 
        "file": {
            "yara": [
                {
                    "meta": {
                        "description": "Contains an embedded PE32 file", 
                        "author": "nex"
                    }, 
                    "name": "embedded_pe", 
                    "offsets": {
                        "b": [
                            [
                                5823008, 
                                0
                            ]
                        ]
                    }, 
                    "strings": [
                        "VGhpcyBwcm9ncmFt"
                    ]
                }, 
                {
                    "meta": {
                        "description": "A non-Windows executable contains win32 API functions names", 
                        "author": "nex"
                    }, 
                    "name": "embedded_win_api", 
                    "offsets": {
                        "api6": [
                            [
                                6730306, 
                                0
                            ]
                        ]
                    }, 
                    "strings": [
                        "V3JpdGVGaWxl"
                    ]
                }, 
                {
                    "meta": {
                        "description": "Matched shellcode byte patterns", 
                        "author": "nex"
                    }, 
                    "name": "shellcode", 
                    "offsets": {
                        "shell3": [
                            [
                                2987912, 
                                0
                            ]
                        ]
                    }, 
                    "strings": [
                        "ZIsVMA=="
                    ]
                }
            ], 
            "sha1": "98172e49c3d5d70ffdcefd071f9762c58430a393", 
            "name": "WTEpZSFwgb", 
            "type": "ELF 32-bit LSB executable, Intel 80386, version 1 (SYSV), statically linked, Go BuildID=fc5a3d09dbaf04f6ec0587eae8c207fe211c5530, stripped", 
            "sha256": "762a4f2bf5ea4ff72fce674da1adf29f0b9357be18de4cd992d79198c56bb514", 
            "urls": [
                "http://hunter2hvc", 
                "http://www.ibm.com/data/dtd/v11/ibmxhtml1-transitional.dtdinternal", 
                "http://www.trackip.net/ip?jsonillegal", 
                "https://identityif-matchif-rangeinfinityinput"
            ], 
            "crc32": "F0DD41CB", 
            "path": "/root/.cuckoo/storage/binaries/762a4f2bf5ea4ff72fce674da1adf29f0b9357be18de4cd992d79198c56bb514", 
            "ssdeep": null, 
            "size": 7629344, 
            "sha512": "4033c7335a44a7536a3980aad8cf18ff6336186d71dd7b7f02c3d5c93001ed974285fe9fbbf783bc0abac3e3b3581993ad6d2ac285249aa24b0aafa261f74de8", 
            "md5": "5bd44a35094fe6f7794d895122ddfa62"
        }
    }, 
    "network": {
        "tls": [], 
        "udp": [
            {
                "src": "192.168.56.101", 
                "dst": "192.168.56.255", 
                "offset": 1126, 
                "time": 7.67585301399231, 
                "dport": 137, 
                "sport": 137
            }, 
            {
                "src": "192.168.56.101", 
                "dst": "224.0.0.252", 
                "offset": 14198, 
                "time": 10.313262939453125, 
                "dport": 5355, 
                "sport": 50100
            }, 
            {
                "src": "192.168.56.101", 
                "dst": "224.0.0.252", 
                "offset": 14558, 
                "time": 18.394068956375122, 
                "dport": 5355, 
                "sport": 50322
            }, 
            {
                "src": "192.168.56.101", 
                "dst": "224.0.0.252", 
                "offset": 14886, 
                "time": 7.9063310623168945, 
                "dport": 5355, 
                "sport": 52573
            }, 
            {
                "src": "192.168.56.101", 
                "dst": "224.0.0.252", 
                "offset": 15246, 
                "time": 10.656156063079834, 
                "dport": 5355, 
                "sport": 54060
            }, 
            {
                "src": "192.168.56.101", 
                "dst": "224.0.0.252", 
                "offset": 15606, 
                "time": 21.07685613632202, 
                "dport": 5355, 
                "sport": 55998
            }, 
            {
                "src": "192.168.56.101", 
                "dst": "224.0.0.252", 
                "offset": 15934, 
                "time": 4.745146989822388, 
                "dport": 5355, 
                "sport": 57689
            }, 
            {
                "src": "192.168.56.101", 
                "dst": "224.0.0.252", 
                "offset": 16262, 
                "time": 13.174028158187866, 
                "dport": 5355, 
                "sport": 60020
            }, 
            {
                "src": "192.168.56.101", 
                "dst": "224.0.0.252", 
                "offset": 16590, 
                "time": 4.492069959640503, 
                "dport": 5355, 
                "sport": 60637
            }, 
            {
                "src": "192.168.56.101", 
                "dst": "224.0.0.252", 
                "offset": 16950, 
                "time": 15.827279090881348, 
                "dport": 5355, 
                "sport": 61672
            }, 
            {
                "src": "192.168.56.101", 
                "dst": "224.0.0.252", 
                "offset": 17278, 
                "time": 10.608216047286987, 
                "dport": 5355, 
                "sport": 62669
            }, 
            {
                "src": "192.168.56.101", 
                "dst": "224.0.0.252", 
                "offset": 17606, 
                "time": 5.51078200340271, 
                "dport": 5355, 
                "sport": 63033
            }, 
            {
                "src": "192.168.56.101", 
                "dst": "224.0.0.252", 
                "offset": 17966, 
                "time": 7.906593084335327, 
                "dport": 5355, 
                "sport": 63210
            }, 
            {
                "src": "192.168.56.101", 
                "dst": "224.0.0.252", 
                "offset": 18294, 
                "time": 13.405776977539062, 
                "dport": 5355, 
                "sport": 63635
            }, 
            {
                "src": "192.168.56.101", 
                "dst": "224.0.0.252", 
                "offset": 18654, 
                "time": 7.578513145446777, 
                "dport": 5355, 
                "sport": 63880
            }, 
            {
                "src": "192.168.56.101", 
                "dst": "255.255.255.255", 
                "offset": 19014, 
                "time": 9.48426604270935, 
                "dport": 67, 
                "sport": 68
            }
        ], 
        "dns_servers": [], 
        "http": [], 
        "icmp": [], 
        "smtp": [], 
        "tcp": [], 
        "smtp_ex": [], 
        "mitm": [], 
        "hosts": [], 
        "pcap_sha256": "ab5fb91b8caf1757e0f1658f10d6f823aa3ce77a08da78fcae01ae21bcf3e8e0", 
        "dns": [], 
        "http_ex": [], 
        "domains": [], 
        "dead_hosts": [], 
        "sorted_pcap_sha256": "525cbef9f2e27b62df119ff3a05e5e29d4b36b4527e180cde33bd93a78e325de", 
        "irc": [], 
        "https_ex": []
    }, 
    "debug": {
        "action": [], 
        "dbgview": [], 
        "errors": [], 
        "log": [
            "2023-07-14 16:30:13,125 [analyzer] DEBUG: Starting analyzer from: C:\\tmpbhv_ec\n", 
            "2023-07-14 16:30:13,125 [analyzer] DEBUG: Pipe server name: \\??\\PIPE\\GfUiDUKmsORSIYnYZgmoWf\n", 
            "2023-07-14 16:30:13,125 [analyzer] DEBUG: Log pipe server name: \\??\\PIPE\\bEOyhQpXdnKIMzJVOFxhw\n", 
            "2023-07-14 16:30:13,280 [analyzer] DEBUG: Started auxiliary module DbgView\n", 
            "2023-07-14 16:30:13,655 [analyzer] DEBUG: Started auxiliary module Disguise\n"
        ], 
        "cuckoo": [
            "2023-07-14 16:30:14,236 [cuckoo.core.scheduler] INFO: Task #39: acquired machine cuckoo1 (label=cuckoo1)\n", 
            "2023-07-14 16:30:14,236 [cuckoo.core.resultserver] DEBUG: Now tracking machine 192.168.56.101 for task #39\n", 
            "2023-07-14 16:30:14,237 [cuckoo.core.plugins] DEBUG: Started auxiliary module: Replay\n", 
            "2023-07-14 16:30:14,242 [cuckoo.auxiliary.sniffer] INFO: Started sniffer with PID 22112 (interface=vboxnet0, host=192.168.56.101)\n", 
            "2023-07-14 16:30:14,243 [cuckoo.core.plugins] DEBUG: Started auxiliary module: Sniffer\n", 
            "2023-07-14 16:30:14,251 [cuckoo.machinery.virtualbox] DEBUG: Starting vm cuckoo1\n", 
            "2023-07-14 16:30:14,307 [cuckoo.machinery.virtualbox] DEBUG: Restoring virtual machine cuckoo1 to its current snapshot\n", 
            "2023-07-14 16:30:15,852 [cuckoo.core.guest] INFO: Starting analysis #39 on guest (id=cuckoo1, ip=192.168.56.101)\n", 
            "2023-07-14 16:30:16,854 [cuckoo.core.guest] DEBUG: cuckoo1: not ready yet\n", 
            "2023-07-14 16:30:17,857 [cuckoo.core.guest] DEBUG: cuckoo1: not ready yet\n", 
            "2023-07-14 16:30:18,418 [cuckoo.core.guest] DEBUG: cuckoo1: not ready yet\n", 
            "2023-07-14 16:30:19,447 [cuckoo.core.guest] INFO: Guest is running Cuckoo Agent 0.10 (id=cuckoo1, ip=192.168.56.101)\n", 
            "2023-07-14 16:30:19,464 [cuckoo.core.guest] DEBUG: Uploading analyzer to guest (id=cuckoo1, ip=192.168.56.101, monitor=latest, size=3884763)\n", 
            "2023-07-14 16:30:19,964 [cuckoo.core.resultserver] DEBUG: Task #39: live log analysis.log initialized.\n", 
            "2023-07-14 16:30:22,822 [cuckoo.core.resultserver] DEBUG: Task #39 had connection reset for <Context for None>\n", 
            "2023-07-14 16:30:24,678 [cuckoo.core.guest] DEBUG: cuckoo1: analysis #39 still processing\n", 
            "2023-07-14 16:30:28,047 [cuckoo.core.resultserver] DEBUG: Task #39: File upload for 'shots/0001.jpg'\n", 
            "2023-07-14 16:30:28,058 [cuckoo.core.resultserver] DEBUG: Task #39 uploaded file length: 125821\n", 
            "2023-07-14 16:30:29,698 [cuckoo.core.guest] DEBUG: cuckoo1: analysis #39 still processing\n", 
            "2023-07-14 16:30:32,446 [cuckoo.core.resultserver] DEBUG: Task #39: File upload for 'shots/0002.jpg'\n", 
            "2023-07-14 16:30:32,451 [cuckoo.core.resultserver] DEBUG: Task #39 uploaded file length: 123778\n", 
            "2023-07-14 16:30:34,724 [cuckoo.core.guest] DEBUG: cuckoo1: analysis #39 still processing\n", 
            "2023-07-14 16:30:36,672 [cuckoo.core.resultserver] DEBUG: Task #39: File upload for 'shots/0003.jpg'\n", 
            "2023-07-14 16:30:36,678 [cuckoo.core.resultserver] DEBUG: Task #39 uploaded file length: 127821\n", 
            "2023-07-14 16:30:37,766 [cuckoo.core.resultserver] DEBUG: Task #39: File upload for 'shots/0004.jpg'\n", 
            "2023-07-14 16:30:37,771 [cuckoo.core.resultserver] DEBUG: Task #39 uploaded file length: 126008\n", 
            "2023-07-14 16:30:38,809 [cuckoo.core.resultserver] DEBUG: Task #39: File upload for 'shots/0005.jpg'\n", 
            "2023-07-14 16:30:38,823 [cuckoo.core.resultserver] DEBUG: Task #39 uploaded file length: 122615\n", 
            "2023-07-14 16:30:39,747 [cuckoo.core.guest] INFO: cuckoo1: analysis completed successfully\n", 
            "2023-07-14 16:30:39,763 [cuckoo.core.plugins] DEBUG: Stopped auxiliary module: Replay\n", 
            "2023-07-14 16:30:39,823 [cuckoo.core.plugins] DEBUG: Stopped auxiliary module: Sniffer\n", 
            "2023-07-14 16:30:39,823 [cuckoo.machinery.virtualbox] DEBUG: Stopping vm cuckoo1\n", 
            "2023-07-14 16:30:39,866 [cuckoo.core.resultserver] DEBUG: Task #39: File upload for 'shots/0006.jpg'\n", 
            "2023-07-14 16:30:39,871 [cuckoo.core.resultserver] DEBUG: Task #39 uploaded file length: 120145\n", 
            "2023-07-14 16:30:40,960 [cuckoo.core.resultserver] DEBUG: Stopped tracking machine 192.168.56.101 for task #39\n", 
            "2023-07-14 16:30:40,960 [cuckoo.core.resultserver] DEBUG: Cancel <Context for LOG> for task 39\n", 
            "2023-07-14 16:30:40,963 [cuckoo.core.scheduler] DEBUG: Released database task #39\n", 
            "2023-07-14 16:30:40,972 [cuckoo.core.plugins] DEBUG: Executed processing module \"AnalysisInfo\" for task #39\n", 
            "2023-07-14 16:30:40,972 [cuckoo.processing.behavior] WARNING: Analysis results folder does not contain any behavior log files.\n", 
            "2023-07-14 16:30:40,972 [cuckoo.core.plugins] DEBUG: Executed processing module \"BehaviorAnalysis\" for task #39\n", 
            "2023-07-14 16:30:40,972 [cuckoo.core.plugins] DEBUG: Executed processing module \"Dropped\" for task #39\n", 
            "2023-07-14 16:30:40,972 [cuckoo.core.pl"
        ]
    }, 
    "screenshots": [
        {
            "path": "/root/.cuckoo/storage/analyses/39/shots/0001.jpg", 
            "ocr": ""
        }, 
        {
            "path": "/root/.cuckoo/storage/analyses/39/shots/0002.jpg", 
            "ocr": ""
        }, 
        {
            "path": "/root/.cuckoo/storage/analyses/39/shots/0003.jpg", 
            "ocr": ""
        }, 
        {
            "path": "/root/.cuckoo/storage/analyses/39/shots/0004.jpg", 
            "ocr": ""
        }, 
        {
            "path": "/root/.cuckoo/storage/analyses/39/shots/0005.jpg", 
            "ocr": ""
        }, 
        {
            "path": "/root/.cuckoo/storage/analyses/39/shots/0006.jpg", 
            "ocr": ""
        }
    ], 
    "strings": [
        "fc5a3d09dbaf04f6ec0587eae8c207fe211c5530e", 
        ";\\$8u*9", 
        "D$0;D$L", 
        "9l$ t1", 
        "\\$ K#\\$ ", 
        "=hhhht", 
        "\\$@+\\$", 
        "\\$P+\\$ ", 
        "\\$@+\\$<", 
        "\\$@+\\$8", 
        "T$d+D$X", 
        "T$d+D$(", 
        "\\$8K#\\$8", 
        "D$49l$0", 
        ";t$4sd", 
        ";D$4sF", 
        "l$0;\\$$u", 
        "l$0;\\$,u", 
        "\\$X9l$Xsg", 
        "\\$X9l$Xs", 
        "\\$T9l$T", 
        ";T$8uJ;D$4uD9", 
        "\\$PK#\\$P", 
        "L$P+L$", 
        "D$P+D$", 
        "=hhhhu", 
        "\\$(;\\$ s$", 
        "\\$(;\\$", 
        "\\$$;\\$", 
        "\\$ ;\\$", 
        ";L$@v ", 
        "\\$8;\\$Dw2r", 
        "T$D+\\$4", 
        "t$H+|$,", 
        "|$09;u", 
        "|$$9;u", 
        "|$D9;u", 
        "D$<=_B>fup", 
        "D$<=mT", 
        "D$D=@B", 
        ";D$(tP", 
        ";D$(tP", 
        "\\$(;\\$0|]", 
        "\\$$;\\$,rQ", 
        "\\$0;\\$(uN", 
        "\\$,;\\$$uD", 
        "\\$(;\\$0|X", 
        "\\$$;\\$,rL", 
        "\\$0;\\$(uL", 
        "\\$,;\\$$uB", 
        "\\$d9\\$", 
        "\\$P;\\$Hr(", 
        "D$H+D$ f", 
        "#L$0#T$4", 
        "#\\$(#T$,", 
        "#\\$0#T$4", 
        "#L$0#T$4", 
        "\\$89L$8tT@9", 
        "D$(+D$,", 
        "D$,`Sw", 
        "|$p9;u", 
        "|$(9;u", 
        "|$$9;u", 
        "|$ 9;u", 
        "|$49;u", 
        "|$$9;u", 
        "\\$ ;\\$", 
        "|$09;u", 
        "|$(9;u", 
        "|$(9;u", 
        "|$(9;u", 
        "|$(9;u", 
        "|$(9;u", 
        "|$(9;u", 
        "|$(9;u", 
        "|$(9;u", 
        "|$(9;u", 
        "|$(9;u", 
        "|$(9;u", 
        "|$(9;u", 
        ";t$(rDw", 
        ";\\$$r5", 
        "r?;L$ w9r", 
        "D$D=@B", 
        ";T$(|y", 
        ";D$$vq", 
        "A ;D$,u", 
        "C<;D$(uP;T$$uJ1", 
        "C<;D$PuH;T$LuB1", 
        "C<;D$$u<;l$ u61", 
        "D$4@CK", 
        "D$H`%R", 
        "D$4@CK", 
        "|$,9;u", 
        "|$09;u", 
        "|$$9;u", 
        "|$$9;u", 
        "|$ 9;u", 
        "|$$9;u", 
        "|$ 9;u", 
        "|$ 9;u", 
        "|$(9;u", 
        "|$ 9;u", 
        "|$ 9;u", 
        "|$(9;u", 
        "|$(9;u", 
        "|$(9;u", 
        "|$(9;u", 
        "|$09;u", 
        "|$89;u", 
        "|$ 9;u", 
        "|$ 9;u", 
        "|$(9;u", 
        "|$ 9;u", 
        "|$ 9;u", 
        "|$09|$0", 
        "|$ 9;u", 
        "\\$,;\\$4|", 
        "\\$(;\\$0r", 
        "\\$4;\\$Lr\\w", 
        ";t$HrT", 
        "\\$4+D$H", 
        "D$x;D$Lu#", 
        "\\$P;\\$Hu", 
        "C$;D$ ", 
        "C,;D$ |W", 
        ";t$LwD", 
        ";t$Lw$B", 
        "\\$89D$8},", 
        "|$$9;u", 
        "|$49;u", 
        "|$L9;u", 
        "\\$ ;\\$", 
        "|$L9;u", 
        "\\$ ;\\$", 
        "|$,9;u", 
        "|$ 9;u", 
        "|$ 9;u", 
        "|$L9;u", 
        "|$,9;u", 
        "|$09;u", 
        "|$(9;u", 
        "|$ 9;u", 
        "|$(9;u", 
        "|$(9;u", 
        "|$(9;u", 
        "|$(9;u", 
        "|$,9;u", 
        "|$,9;u", 
        "|$D9;u", 
        "|$D9;u", 
        "|$D9;u", 
        "D$(`Lw", 
        "D$0`Lw", 
        "D$0`Lw", 
        "|$(9;u", 
        "|$ 9;u", 
        "|$(9;u", 
        "|$ 9;u", 
        "|$ 9;u", 
        "|$$9;u", 
        "|$ 9;u", 
        "|$(9;u", 
        "|$(9;u", 
        "|$(9;u", 
        "|$(9;u", 
        "|$(9;u", 
        "|$(9;u", 
        "|$(9;u", 
        "|$(9;u", 
        "|$(9;u", 
        "|$(9;u", 
        "|$(9;u", 
        "\\$L;\\$<|\u001f", 
        "\\$H;\\$8r", 
        "|$ 9;u", 
        "|$(9;u", 
        "|$09;u", 
        "|$09;u", 
        "|$(9;u", 
        "|$09;u", 
        "|$09;u", 
        "|$89;u", 
        "|$D9;u", 
        "|$(9;u", 
        "|$09;u", 
        "|$09;u", 
        "|$(9;u", 
        "|$(9;u", 
        "|$09;u", 
        "|$09;u", 
        "|$(9;u", 
        "|$(9;u", 
        "|$09;u", 
        "|$09;u", 
        "|$09;u", 
        "|$09;u", 
        "|$ 9;u", 
        "|$<9;u", 
        "|$ 9;u", 
        "|$ 9;u", 
        "|$(9;u", 
        "|$(9;u", 
        "|$09;u", 
        "|$09;u", 
        "|$09;u", 
        "|$09;u", 
        "|$ 9;u", 
        "|$$9;u", 
        "|$(9;u", 
        "|$p9;u", 
        "|$ 9;u", 
        "|$$9;u", 
        "|$(9;u", 
        "|$p9;u", 
        "T$X+D$L", 
        "T$x+D$l", 
        "T$h+D$\\", 
        "BP+D$8", 
        "|$ 9;u", 
        "D$P`Pw", 
        "\\$$+\\$8", 
        "|$09;u", 
        "|$09;u", 
        "|$09;u", 
        "|$09;u", 
        "|$,9;u", 
        "D$`@AL", 
        "|$`9;u", 
        "|$ 9;u", 
        "|$(9;u", 
        "|$(9;u", 
        "|$ 9;u", 
        "|$ 9;u", 
        "|$(9;u", 
        "|$$9;u", 
        "|$ 9;u", 
        "|$ 9;u", 
        "|$(9;u", 
        "|$ 9;u", 
        "|$$9;u", 
        "|$$9;u", 
        "|$ 9;u", 
        "|$ 9;u", 
        "|$(9;u", 
        "|$$9;u", 
        "|$(9;u", 
        "|$ 9;u", 
        "|$ 9;u", 
        "|$$9;u", 
        "\\$@+\\$<", 
        "\\$4+\\$0", 
        "\\$4+\\$0", 
        "\\$4+\\$0", 
        "D$ +D$d", 
        "|$(9;u", 
        "|$49;u", 
        ";T$ uF;D$", 
        ";t$4r5w", 
        "\\$ ;\\$0r)", 
        ";l$ rJ;L$,wDr", 
        ";l$(w<", 
        "\\$(;\\$0s.", 
        "\\$0+\\$,", 
        ";T$8wMr", 
        ";D$4sE", 
        "T$8+D$H", 
        "\\$<+\\$DK", 
        "T$8;T$ w`sV", 
        ";L$8rew", 
        ";t$4r]", 
        "T$(+l$4", 
        "|$L9D$LvL", 
        "D$<9L$<|", 
        ";t$TrW", 
        "D$<9L$<v@", 
        "D$<9L$<v@", 
        "D$<9L$<v@", 
        "D$<9L$<v@", 
        "D$<9L$<v@", 
        "D$<9L$<v@", 
        "D$<9L$<v@", 
        "D$<9L$<v@", 
        "D$<9L$<v@", 
        "|$$9;u", 
        "|$ 9;u", 
        "|$$9;u", 
        "|$ 9;u", 
        "|$ 9;u", 
        "|$ 9;u", 
        "|$$9;u", 
        "|$$9;u", 
        "l$89l$<", 
        "l$8+l$<", 
        "l$4+l$<", 
        "\\$0f9\\$", 
        "D$D Rw", 
        "|$T9;u", 
        "|$H9;u", 
        "|$(9;u", 
        "|$89;u", 
        "|$(9;u", 
        "|$89;u", 
        "|$D9;u", 
        "\\$,9\\$4", 
        "9l$4tA", 
        "D$4@CK", 
        "|$49;u", 
        "|$(9;u", 
        "|$(9;u", 
        "|$ 9;u", 
        "|$49;u", 
        "|$H9;u", 
        "|$`9;u", 
        "|$,9;u", 
        "T$<+L$0", 
        "D$\\`7w", 
        "D$\\ 5w", 
        "|$ 9;u", 
        "|$(9;u", 
        "|$ 9;u", 
        "|$ 9;u", 
        "|$ 9;u", 
        "|$ 9;u", 
        "|$ 9;u", 
        "|$ 9;u", 
        "|$ 9;u", 
        "|$ 9;u", 
        "|$ 9;u", 
        "\\$D;\\$(wmr", 
        ";T$Tr>w", 
        ";D$Pv6", 
        "L$4w_r", 
        "|$ 9;u", 
        "D$(;T$(", 
        "|$ 9;u", 
        "|$ 9;u", 
        "F?Wua1", 
        "g.W6uF", 
        "\\$A8\\$B", 
        "\\$?8\\$@", 
        "\\$=8\\$>", 
        "\\$;8\\$<", 
        "\\$98\\$:", 
        "\\$78\\$8", 
        "\\$D9\\$H", 
        "|$09;u", 
        "|$(9;u", 
        "|$89;u", 
        "|$09;u", 
        "|$ 9;u", 
        "|$ 9;u", 
        "<$3|$43|$ 3|$", 
        "3|$83|$$3|$", 
        "3|$<3|$(3|$", 
        "3<$3|$,3|$", 
        "3|$03|$", 
        "3|$43|$", 
        "3|$83|$ ", 
        "3|$<3|$$", 
        "|$ 3|$", 
        "3<$3|$(", 
        "|$$3|$", 
        "|$(3|$", 
        "|$,3|$ 3|$", 
        "|$03|$$3|$", 
        "|$43|$(3|$", 
        "|$83|$,3|$", 
        "|$<3|$03|$", 
        "<$3|$43|$ 3|$", 
        "3|$83|$$3|$", 
        "3|$<3|$(3|$", 
        "3<$3|$,3|$", 
        "3|$03|$", 
        "3|$43|$", 
        "3|$83|$ ", 
        "3|$<3|$$", 
        "|$ 3|$", 
        "3<$3|$(", 
        "|$$3|$", 
        "|$(3|$", 
        "|$,3|$ 3|$", 
        "|$03|$$3|$", 
        "|$43|$(3|$", 
        "|$83|$,3|$", 
        "|$<3|$03|$", 
        "<$3|$43|$ 3|$", 
        "3|$83|$$3|$", 
        "3|$<3|$(3|$", 
        "3<$3|$,3|$", 
        "3|$03|$", 
        "3|$43|$", 
        "3|$83|$ ", 
        "3|$<3|$$", 
        "|$ 3|$", 
        "3<$3|$(", 
        "|$$3|$", 
        "|$(3|$", 
        "|$,3|$ 3|$", 
        "|$03|$$3|$", 
        "|$43|$(3|$", 
        "|$83|$,3|$", 
        "|$<3|$03|$", 
        "<$3|$43|$ 3|$", 
        "3|$83|$$3|$", 
        "3|$<3|$(3|$", 
        "3<$3|$,3|$", 
        "3|$03|$", 
        "3|$43|$", 
        "3|$83|$ ", 
        "3|$<3|$$", 
        "|$ 3|$", 
        "3<$3|$(", 
        "|$$3|$", 
        "|$(3|$", 
        "|$,3|$ 3|$", 
        "|$03|$$3|$", 
        "|$43|$(3|$", 
        "|$83|$,3|$", 
        "|$<3|$03|$", 
        "T$,+D$0", 
        "T$L;T$D", 
        ";L$@s\u001f", 
        "D$4;D$,", 
        "D$4;D$,", 
        ";T$d|(", 
        ";D$`v ", 
        ";D$ u2;l$", 
        "|$09;u", 
        "D$8 Nw", 
        "D$( Nw", 
        "D$h Nw", 
        "|$89;u", 
        "|$,9;u", 
        "|$,9;u", 
        "|$,9;u", 
        "|$,9;u", 
        "|$@9;u", 
        "|$89;u", 
        "|$89;u", 
        "|$89;u", 
        "|$89;u", 
        "|$<9;u", 
        "|$89;u", 
        "|$89;u", 
        "|$ 9;u", 
        "|$$9;u", 
        "|$L9;u", 
        "|$\\9;u", 
        "|$p9;u", 
        "|$(9;u", 
        "|$89;u", 
        "|$$9;u", 
        "|$ 9;u", 
        "|$$9;u", 
        "|$ 9;u", 
        "|$\\9;u", 
        "|$$9;u", 
        "|$ 9;u", 
        "|$ 9;u", 
        "|$L9;u", 
        "|$D9;u", 
        "|$,9;u", 
        "|$`9;u", 
        "|$(9;u", 
        "|$89;u", 
        "|$L9;u", 
        "|$P9;u", 
        "|$\\9;u", 
        "|$\\9;u", 
        "|$89;u", 
        "|$<9;u", 
        "|$H9;u", 
        "|$H9;u", 
        "|$$9;u", 
        "|$89;u", 
        "|$$9;u", 
        "|$89;u", 
        "|$89;u", 
        "|$89;u", 
        "|$$9;u", 
        "|$89;u", 
        "|$(9;u", 
        "|$H9;u", 
        "|$<9;u", 
        "|$89;u", 
        "|$89;u", 
        "|$89;u", 
        "|$$9;u", 
        "|$p9;u", 
        "|$<9;u", 
        "|$(9;u", 
        "|$@9;u", 
        "|$89;u", 
        "|$09;u", 
        "|$D9;u", 
        "|$(9;u", 
        "|$89;u", 
        "|$ 9;u", 
        "|$89;u", 
        "|$49;u", 
        "|$49;u", 
        "D$p`4w", 
        "|$ 9;u", 
        "|$ 9;u", 
        "D$(+D$,", 
        "D$$+D$ H", 
        "D$h Uw", 
        "D$d US", 
        "D$\\`Rw", 
        "D$x`Rw", 
        "|$L9;u", 
        "|$89;u", 
        "|$89;u", 
        "|$@9;u", 
        "|$@9;u", 
        "|$89;u", 
        "|$09;u", 
        "|$D9;u", 
        "|$D9;u", 
        "|$(9;u", 
        "|$(9;u", 
        "|$ 9;u", 
        "|$ 9;u", 
        "|$$9;u", 
        "|$$9;u", 
        "|$,9;u", 
        "|$,9;u", 
        "|$(9;u", 
        "|$(9;u", 
        "|$(9;u", 
        "|$(9;u", 
        "|$(9;u", 
        "|$(9;u", 
        "|$(9;u", 
        "|$(9;u", 
        "|$49;u", 
        "|$(9;u", 
        "|$(9;u", 
        "|$49;u", 
        "|$(9;u", 
        "D$0=( ", 
        "|$@9;u", 
        "|$(9;u", 
        "|$`9;u", 
        "|$`9;u", 
        "|$$9;u", 
        "l$0#l$$", 
        "L$$+L$ I9", 
        "D$$+D$ ", 
        "L$$+L$(", 
        "D$(+D$,", 
        "+D$ +L$,", 
        "\\$(+\\$ K9", 
        "T$(+T$ J9", 
        "+\\$ +\\$$", 
        "+D$ +D$$H", 
        "\\$$+\\$ )", 
        "L$$+L$ )", 
        "\\$$+\\$ )", 
        "l$D#l$4", 
        "|$$9;u", 
        "|$\\9;u", 
        "|$D9;u", 
        "|$\\9;u", 
        "D$( *w", 
        "D$l US", 
        "L$<9D$<v@", 
        "L$<9D$<v@", 
        "L$<9D$<v@", 
        "\\$l9\\$h~G", 
        "|$D@uE", 
        ";l$(s!", 
        "D$|`\"w", 
        "D$| (w", 
        "D$8`\u001fw", 
        "D$8`\"w", 
        "D$8 #w", 
        "D$8`#w", 
        "D$8 %w", 
        "D$8`%w", 
        "D$8 &w", 
        "D$8`&w", 
        "D$8 'w", 
        "D$8`'w", 
        "D$8 (w", 
        "D$X`(w", 
        "D$p )w", 
        "D$p`)w", 
        "D$X *w", 
        "D$8`*w", 
        "D$8 +w", 
        "D$8`+w", 
        "D$8 ,w", 
        "D$8 -w", 
        "D$8`-w", 
        "D$8 .w", 
        "D$8`.w", 
        "D$8 /w", 
        "D$8`/w", 
        "D$8 0w", 
        "|$(9;u", 
        "|$(9;u", 
        "|$(9;u", 
        "|$(9;u", 
        "|$(9;u", 
        "|$(9;u", 
        "|$89;u", 
        "\\$(;\\$ rM", 
        "D$,;l$,", 
        "\\$ ;\\$(", 
        "L$,;t$,", 
        "\\$ ;\\$(w5", 
        "D$ r\"w", 
        "D$ r\u001fw", 
        "D$ r\u001fw", 
        ";T$0u[;D$,uU", 
        "\\$D;\\$L|,", 
        ";l$Hv$", 
        "\\$ +\\$$K", 
        "\\$D9\\$@", 
        "\\$D9\\$@", 
        "T$d9T$d", 
        "T$d9T$d", 
        "\\$HH#\\$4", 
        "|$(9;u", 
        "|$ 9;u", 
        "|$,9;u", 
        "|$(9;u", 
        "|$ 9;u", 
        "|$,9;u", 
        "|$(9;u", 
        "|$ 9;u", 
        "\\$<;\\$4", 
        "\\$8;\\$0w", 
        "L$8+L$D", 
        "T$,+T$$", 
        "L$8+L$D", 
        "|$h9;u", 
        "\\$,;\\$$", 
        "L$0;|$0|(", 
        "\\$$;\\$,r", 
        "|$(9;u", 
        "|$(9;u", 
        "D$h`iN", 
        "|$ 9;u", 
        "|$89;u", 
        "|$,9;u", 
        "|$,9;u", 
        "|$,9;u", 
        "|$,9;u", 
        "|$,9;u", 
        "|$,9;u", 
        "|$,9;u", 
        "|$,9;u", 
        "|$(9;u", 
        "|$(9;u", 
        "|$$9;u", 
        "T$83D$<1", 
        "|$,9;u", 
        "|$(9;u", 
        "|$(9;u", 
        "|$ 9;u", 
        "|$ 9;u", 
        "|$$9;u", 
        "|$$9;u", 
        "|$,9;u", 
        "|$,9;u", 
        "|$(9;u", 
        "|$(9;u", 
        "|$ 9;u", 
        "|$ 9;u", 
        "|$$9;u", 
        "|$$9;u", 
        "|$,9;u", 
        "|$,9;u", 
        "|$09;u", 
        "|$09;u", 
        "|$,9;u", 
        "|$ 9;u", 
        "|$ 9;u", 
        "|$ 9;u", 
        "|$ 9;u", 
        "|$ 9;u", 
        "|$09;u", 
        "|$(9;u", 
        "|$ 9;u", 
        "|$ 9;u", 
        "|$t9;u", 
        "|$x9;u", 
        "|$|9;u", 
        "|$$9;u", 
        "|$ 9;u", 
        "|$(9;u", 
        "|$(9;u", 
        "|$09;u", 
        "D$ `Dw", 
        "D$T Dw", 
        "D$T`Cw", 
        "D$< Fw", 
        "D$ `Gw", 
        "D$x Gw", 
        "D$4 Gw", 
        "D$4`Fw", 
        "D$H Gw", 
        "D$d`Gw", 
        "D$d`Gw", 
        "D$d`Fw", 
        "D$\\ Dw", 
        "D$\\`Cw", 
        "|$8+|$4", 
        "|$P9;u", 
        "|$@9;u", 
        "|$x9;u", 
        "|$x9;u", 
        "T$T+D$X", 
        "T$T+D$X", 
        "T$T+D$X", 
        "T$T+D$X", 
        "T$\\+D$P", 
        "T$\\+D$P", 
        "T$\\+D$P", 
        "T$\\+D$P", 
        "|$ 9;u", 
        "\\$ 9\\$$u-", 
        "\\$ 9\\$$u", 
        "9l$(s1", 
        "9l$ds1", 
        "9l$ds1", 
        "9l$ds1", 
        "9l$ds1", 
        "9l$ds1", 
        "|$ 9;u", 
        "\\$&8\\$'", 
        "\\$'8\\$&uD", 
        " f9\\$2u", 
        " f9\\$2u", 
        " f9\\$2u", 
        "|$09;u", 
        "crypto", 
        "errors", 
        "regexp", 
        "*[]int", 
        "*dns.A", 
        "*error", 
        "*int16", 
        "*int32", 
        "*int64", 
        "*ssh.F", 
        "*uint8", 
        "Accept", 
        "Action", 
        "AddrIP", 
        "Amount", 
        "AndNot", 
        "Answer", 
        "Append", 
        "ArrayT", 
        "Assign", 
        "Before", 
        "Binary", 
        "BitLen", 
        "Blocks", 
        "Buffer", 
        "BySize", 
        "CanSet", 
        "Cancel", 
        "Change", 
        "Chksum", 
        "Chroot", 
        "Cipher", 
        "Client", 
        "Column", 
        "Cookie", 
        "CopyTo", 
        "Create", 
        "Cycles", 
        "Decode", 
        "Delims", 
        "DivMod", 
        "DoChan", 
        "Domain", 
        "Double", 
        "Encode", 
        "Equals", 
        "Exited", 
        "Expand", 
        "Expire", 
        "Family", 
        "Fatalf", 
        "Fields", 
        "Filter", 
        "Forget", 
        "Format", 
        "Framer", 
        "Groups", 
        "Handle", 
        "HasSig", 
        "Hatype", 
        "Header", 
        "Height", 
        "Hijack", 
        "HostID", 
        "Insert", 
        "Int31n", 
        "Int63n", 
        "IntVar", 
        "Iovlen", 
        "IsFull", 
        "IsHTTP", 
        "IsTsig", 
        "IsUint", 
        "IsZero", 
        "Issuer", 
        "KeyTag", 
        "Labels", 
        "LastGC", 
        "Layout", 
        "Length", 
        "Linger", 
        "Listen", 
        "Lookup", 
        "Majflt", 
        "MaxAge", 
        "MaxCap", 
        "Maxrss", 
        "Method", 
        "Minflt", 
        "Minttl", 
        "Minute", 
        "Msgrcv", 
        "Msgsnd", 
        "Munmap", 
        "NewCTR", 
        "NewGCM", 
        "NextGC", 
        "Nivcsw", 
        "Noctty", 
        "NodeID", 
        "NumCap", 
        "NumOut", 
        "Offset", 
        "Opaque", 
        "Opcode", 
        "Option", 
        "OrigId", 
        "Output", 
        "Panicf", 
        "Params", 
        "Parent", 
        "Parsed", 
        "Policy", 
        "Prefix", 
        "Primes", 
        "Printf", 
        "Ptrace", 
        "PubKey", 
        "Public", 
        "Qclass", 
        "QuoRem", 
        "Quoted", 
        "ReadAt", 
        "Reader", 
        "Reason", 
        "Regexp", 
        "Reject", 
        "Remove", 
        "Reused", 
        "Revive", 
        "Rrtype", 
        "Scheme", 
        "Search", 
        "Second", 
        "Secure", 
        "Serial", 
        "Server", 
        "SetBit", 
        "SetCap", 
        "SetInt", 
        "SetLen", 
        "SetPos", 
        "Setenv", 
        "Setsid", 
        "Shared", 
        "Signal", 
        "Single", 
        "Slice3", 
        "SliceT", 
        "Source", 
        "Sparse", 
        "Stack0", 
        "Status", 
        "Stderr", 
        "Stdout", 
        "Stride", 
        "String", 
        "Survey", 
        "Target", 
        "Uint32", 
        "Uint64", 
        "Unlock", 
        "Unpack", 
        "Update", 
        "Upload", 
        "Verify", 
        "Weight", 
        "Window", 
        "Xattrs", 
        "ZoneId", 
        "_defer", 
        "_panic", 
        "accept", 
        "action", 
        "active", 
        "actual", 
        "aesKey", 
        "allocs", 
        "andNot", 
        "answer", 
        "append", 
        "arglen", 
        "argmap", 
        "attach", 
        "backup", 
        "bitLen", 
        "bitmap", 
        "broken", 
        "bucket", 
        "buffer", 
        "byAddr", 
        "byName", 
        "called", 
        "cancel", 
        "chunks", 
        "cipher", 
        "client", 
        "closed", 
        "codecs", 
        "column", 
        "commit", 
        "common", 
        "concat", 
        "condfn", 
        "config", 
        "cutoff", 
        "cutset", 
        "cycles", 
        "decode", 
        "decref", 
        "dialer", 
        "digest", 
        "divMul", 
        "divmod", 
        "doCall", 
        "doScan", 
        "dynTab", 
        "efence", 
        "eflags", 
        "elemOp", 
        "encode", 
        "endTop", 
        "errorf", 
        "errors", 
        "escape", 
        "etypes", 
        "events", 
        "evicts", 
        "exited", 
        "expand", 
        "expect", 
        "expire", 
        "factor", 
        "family", 
        "fields", 
        "fileID", 
        "finder", 
        "fmt_bx", 
        "fmt_qc", 
        "fmt_sx", 
        "fnonce", 
        "formal", 
        "format", 
        "framer", 
        "frames", 
        "freghi", 
        "freglo", 
        "funcID", 
        "gc_sys", 
        "gcdata", 
        "gflock", 
        "goAway", 
        "handle", 
        "header", 
        "helper", 
        "helpgc", 
        "idleAt", 
        "idleMu", 
        "ignore", 
        "inList", 
        "incSeq", 
        "incref", 
        "inflow", 
        "insert", 
        "intbuf", 
        "isFree", 
        "isHTTP", 
        "isdone", 
        "ivSize", 
        "jobsMu", 
        "keyLen", 
        "keyTag", 
        "layout", 
        "length", 
        "lineno", 
        "locabs", 
        "locked", 
        "lookup", 
        "macLen", 
        "mangle", 
        "maxBuf", 
        "maxWid", 
        "mcache", 
        "mcount", 
        "merged", 
        "method", 
        "munmap", 
        "mustBe", 
        "nbytes", 
        "nchunk", 
        "needed", 
        "negate", 
        "nelems", 
        "netCgo", 
        "newDot", 
        "newEnd", 
        "newNil", 
        "newval", 
        "ngfree", 
        "nistID", 
        "nmidle", 
        "noCopy", 
        "notEOF", 
        "notify", 
        "npages", 
        "npidle", 
        "nsleep", 
        "numCap", 
        "nwrite", 
        "object", 
        "ofType", 
        "offset", 
        "okVerb", 
        "oldval", 
        "opAddr", 
        "opaque", 
        "opcode", 
        "option", 
        "output", 
        "palloc", 
        "parent", 
        "parked", 
        "parsed", 
        "pcfile", 
        "period", 
        "plugin", 
        "prefix", 
        "procid", 
        "psList", 
        "pubKey", 
        "public", 
        "pwrite", 
        "qcount", 
        "quirks", 
        "quoted", 
        "random", 
        "rawTag", 
        "rclose", 
        "readFn", 
        "reader", 
        "refill", 
        "rehash", 
        "remain", 
        "remove", 
        "repeat", 
        "report", 
        "reqBuf", 
        "rescan", 
        "resize", 
        "resolv", 
        "result", 
        "reused", 
        "revise", 
        "rotate", 
        "rusage", 
        "rwlock", 
        "sawEOF", 
        "scases", 
        "scheme", 
        "search", 
        "secret", 
        "seqNum", 
        "serveG", 
        "server", 
        "setBit", 
        "setErr", 
        "setVar", 
        "shared", 
        "sharpV", 
        "shift2", 
        "sigBuf", 
        "signal", 
        "signer", 
        "skipWS", 
        "sotype", 
        "source", 
        "sparse", 
        "state1", 
        "status", 
        "stderr", 
        "stdout", 
        "sticky", 
        "stkbar", 
        "stored", 
        "stream", 
        "string", 
        "suffix", 
        "tagLen", 
        "thread", 
        "ticker", 
        "ticket", 
        "toName", 
        "toRead", 
        "toggle", 
        "tokens", 
        "trapno", 
        "tryGet", 
        "tstart", 
        "tv_sec", 
        "uint16", 
        "uint32", 
        "uint64", 
        "unlink", 
        "unpack", 
        "unused", 
        "update", 
        "upload", 
        "useVar", 
        "values", 
        "varint", 
        "volLen", 
        "wanted", 
        "wclose", 
        "weight", 
        "widths", 
        "window", 
        "worker", 
        "write0", 
        "writeN", 
        "writer", 
        "context", 
        "net/url", 
        "os/exec", 
        "os/user", 
        "reflect", 
        "rex/dht", 
        "rex/log", 
        "rex/rpc", 
        "runtime", 
        "strconv", 
        "strings", 
        "syscall", 
        "unicode", 
        "**uint8", 
        "*[0]int", 
        "*[1]int", 
        "*[2]int", 
        "*[4]int", 
        "*[5]int", 
        "*[6]int", 
        "*[7]int", 
        "*[8]int", 
        "*[9]int", 
        "*[]bool", 
        "*[]int8", 
        "*[]uint", 
        "*dns.DS", 
        "*dns.KX", 
        "*dns.LP", 
        "*dns.MB", 
        "*dns.MD", 
        "*dns.MF", 
        "*dns.MG", 
        "*dns.MR", 
        "*dns.MX", 
        "*dns.NS", 
        "*dns.PX", 
        "*dns.RP", 
        "*dns.RR", 
        "*dns.RT", 
        "*dns.TA", 
        "*exec.F", 
        "*fmt.pp", 
        "*fmt.ss", 
        "*func()", 
        "*net.IP", 
        "*string", 
        "*uint16", 
        "*uint32", 
        "*uint64", 
        "AddCert", 
        "AddDate", 
        "Address", 
        "AlgCode", 
        "Ancount", 
        "Arcount", 
        "BaseURL", 
        "BitSize", 
        "Blksize", 
        "BoolVar", 
        "CanAddr", 
        "ChanDir", 
        "Checked", 
        "Ciphers", 
        "Columns", 
        "Command", 
        "Comment", 
        "Compare", 
        "Complex", 
        "Contact", 
        "Context", 
        "Control", 
        "Convert", 
        "Cookies", 
        "Country", 
        "DNSDone", 
        "DNSName", 
        "DebugGC", 
        "Decrypt", 
        "Default", 
        "DialTCP", 
        "DialTLS", 
        "Discard", 
        "DoBatch", 
        "Encrypt", 
        "ErrCode", 
        "ExecPHP", 
        "ExecSQL", 
        "ExecTTY", 
        "Execute", 
        "Expires", 
        "Extends", 
        "Fatalln", 
        "FileSet", 
        "FindAll", 
        "Float32", 
        "Float64", 
        "GetConn", 
        "GetForm", 
        "GotConn", 
        "Handler", 
        "Headers", 
        "HeapSys", 
        "HomeDir", 
        "HostKey", 
        "ISOWeek", 
        "Ifindex", 
        "Inblock", 
        "Inverse", 
        "IsEdns0", 
        "IsFloat", 
        "IsValid", 
        "KeySize", 
        "KeyType", 
        "Longest", 
        "Lookups", 
        "MACSize", 
        "Mallocs", 
        "MapKeys", 
        "Marshal", 
        "Message", 
        "Methods", 
        "Metrics", 
        "Minutes", 
        "ModSqrt", 
        "ModTime", 
        "Namelen", 
        "Network", 
        "NotSHA1", 
        "Nscount", 
        "Operand", 
        "Options", 
        "OrigTtl", 
        "Oublock", 
        "Panicln", 
        "PauseNs", 
        "Payload", 
        "PeersId", 
        "PkgPath", 
        "Pkttype", 
        "Pointer", 
        "Println", 
        "Process", 
        "Qdcount", 
        "RLocker", 
        "RUnlock", 
        "RawPath", 
        "ReadMsg", 
        "ReadUDP", 
        "Readdir", 
        "Referer", 
        "Refresh", 
        "Release", 
        "Replace", 
        "Request", 
        "Results", 
        "RootCAs", 
        "RoundUp", 
        "Seconds", 
        "Service", 
        "Session", 
        "SetAddr", 
        "SetAxfr", 
        "SetBits", 
        "SetBool", 
        "SetData", 
        "SetIxfr", 
        "SetMode", 
        "SetName", 
        "SetTree", 
        "SetTsig", 
        "SetUint", 
        "Setctty", 
        "Setpgid", 
        "Stopped", 
        "StructT", 
        "Subject", 
        "Subtype", 
        "Success", 
        "Syscall", 
        "TTYAddr", 
        "TagAttr", 
        "TagName", 
        "Targets", 
        "TestUDP", 
        "Timeout", 
        "Trailer", 
        "TryRecv", 
        "TrySend", 
        "UDPSize", 
        "UintVar", 
        "Version", 
        "VertPre", 
        "WasIdle", 
        "Weekday", 
        "WriteAt", 
        "WriteTo", 
        "X__pad1", 
        "X__pad2", 
        "YearDay", 
        "aborted", 
        "addConn", 
        "addLine", 
        "addText", 
        "address", 
        "advance", 
        "alignme", 
        "alldone", 
        "alllink", 
        "allnext", 
        "alloc_m", 
        "argSize", 
        "backup2", 
        "backup3", 
        "badVerb", 
        "balance", 
        "baseCtx", 
        "blocked", 
        "buckets", 
        "bufLock", 
        "bufPipe", 
        "by_size", 
        "byteBuf", 
        "callers", 
        "canSend", 
        "cancelc", 
        "central", 
        "cgoCtxt", 
        "cgoNext", 
        "checked", 
        "checker", 
        "cipher1", 
        "cipher2", 
        "cipher3", 
        "cleanup", 
        "clenBuf", 
        "closech", 
        "closing", 
        "codeLen", 
        "codegen", 
        "command", 
        "comment", 
        "compile", 
        "compose", 
        "connect", 
        "consume", 
        "content", 
        "context", 
        "cookies", 
        "copyLen", 
        "created", 
        "current", 
        "dataoff", 
        "datasel", 
        "dateBuf", 
        "debuggc", 
        "decided", 
        "decrypt", 
        "deflate", 
        "dequeue", 
        "derived", 
        "destroy", 
        "dialDNS", 
        "dialTLS", 
        "dialing", 
        "dirinfo", 
        "dispose", 
        "dnsMode", 
        "doPrint", 
        "doScanf", 
        "dropAll", 
        "ecdsaOk", 
        "elemEnc", 
        "element", 
        "elseEnc", 
        "empties", 
        "enabled", 
        "encInit", 
        "encoder", 
        "encrypt", 
        "endChar", 
        "enqueue", 
        "entries", 
        "eodSent", 
        "errCond", 
        "evalArg", 
        "execute", 
        "expbits", 
        "filetab", 
        "fmt0x64", 
        "fmtBool", 
        "fmt_sbx", 
        "forward", 
        "fpstate", 
        "freeBuf", 
        "frexp10", 
        "funcoff", 
        "gcspans", 
        "gcstats", 
        "gctrace", 
        "getBase", 
        "getChan", 
        "getConn", 
        "getRune", 
        "getSlow", 
        "gobType", 
        "goidgen", 
        "gsignal", 
        "handler", 
        "handoff", 
        "hexByte", 
        "hintErr", 
        "hmacKey", 
        "hostKey", 
        "huffSym", 
        "idleLRU", 
        "ignored", 
        "inCount", 
        "incache", 
        "indexed", 
        "invalid", 
        "isEmpty", 
        "isHTTPS", 
        "isProxy", 
        "isValid", 
        "isZip64", 
        "itemPos", 
        "itemsCh", 
        "keyName", 
        "keySize", 
        "keysize", 
        "lastPos", 
        "last_gc", 
        "libcall", 
        "literal", 
        "localId", 
        "lockedg", 
        "lockedm", 
        "longest", 
        "macSize", 
        "machine", 
        "mapBits", 
        "mapping", 
        "marshal", 
        "matched", 
        "maxSize", 
        "methods", 
        "metrics", 
        "minSize", 
        "modTime", 
        "morebuf", 
        "muFuncs", 
        "nameLen", 
        "nameOff", 
        "nameoff", 
        "ndigits", 
        "network", 
        "newBool", 
        "newConn", 
        "newElse", 
        "newList", 
        "newText", 
        "newWith", 
        "nextInt", 
        "nextMac", 
        "next_gc", 
        "nlIsEnd", 
        "nlookup", 
        "nmalloc", 
        "npcdata", 
        "oldmask", 
        "onepass", 
        "operand", 
        "outUsed", 
        "padChar", 
        "padding", 
        "parseDo", 
        "parseIf", 
        "passReq", 
        "pattern", 
        "pauseNS", 
        "pendBuf", 
        "pending", 
        "pinSlow", 
        "pkgPath", 
        "pkgpath", 
        "pointer", 
        "popVars", 
        "portnum", 
        "preempt", 
        "prepare", 
        "primary", 
        "private", 
        "ptrdata", 
        "pushcnt", 
        "putFast", 
        "racectx", 
        "readBuf", 
        "readErr", 
        "readMsg", 
        "readTag", 
        "readdir", 
        "readers", 
        "reading", 
        "reclaim", 
        "recover", 
        "release", 
        "reqBody", 
        "request", 
        "reserve", 
        "resolve", 
        "results", 
        "rewrite", 
        "roffset", 
        "runDDoS", 
        "runnext", 
        "sa_mask", 
        "saveBuf", 
        "scanInt", 
        "scanOne", 
        "scanner", 
        "scratch", 
        "sendBuf", 
        "sentEOF", 
        "servers", 
        "session", 
        "setAddr", 
        "setDone", 
        "setTrue", 
        "setWord", 
        "set_eip", 
        "set_esp", 
        "set_sec", 
        "showbiz", 
        "si_addr", 
        "si_code", 
        "sigType", 
        "sigaddr", 
        "sigcode", 
        "sigmask", 
        "signers", 
        "skipNop", 
        "skipped", 
        "sortkey", 
        "sources", 
        "spanidx", 
        "special", 
        "srcAttr", 
        "ss_size", 
        "started", 
        "startpc", 
        "streams", 
        "strings", 
        "subkeys", 
        "success", 
        "survey1", 
        "sysStat", 
        "syscall", 
        "targets", 
        "testLFI", 
        "textOff", 
        "timeEnd", 
        "timeout", 
        "tlsHost", 
        "tmpfile", 
        "toIndex", 
        "topbits", 
        "tophash", 
        "trailer", 
        "treeSet", 
        "tv_nsec", 
        "tv_usec", 
        "typeOff", 
        "typemap", 
        "urlPart", 
        "urlPool", 
        "version", 
        "visited", 
        "votesMu", 
        "waiting", 
        "wrapped", 
        "writeMu", 
        "writeTo", 
        "writech", 
        "writers", 
        "written", 
        "wtoggle", 
        "encoding", 
        "math/big", 
        "net/http", 
        "net/smtp", 
        "rex/nmap", 
        "rex/node", 
        "*[10]int", 
        "*[16]int", 
        "*[19]int", 
        "*[2]bool", 
        "*[8]bool", 
        "*[8]uint", 
        "*[][]int", 
        "*[]int16", 
        "*[]int32", 
        "*[]int64", 
        "*[]ssh.F", 
        "*[]uint8", 
        "*big.Int", 
        "*big.nat", 
        "*dns.ANY", 
        "*dns.CAA", 
        "*dns.CDS", 
        "*dns.DLV", 
        "*dns.EID", 
        "*dns.GID", 
        "*dns.HIP", 
        "*dns.KEY", 
        "*dns.L32", 
        "*dns.L64", 
        "*dns.LOC", 
        "*dns.Msg", 
        "*dns.NID", 
        "*dns.OPT", 
        "*dns.PTR", 
        "*dns.SIG", 
        "*dns.SOA", 
        "*dns.SPF", 
        "*dns.SRV", 
        "*dns.TXT", 
        "*dns.UID", 
        "*dns.URI", 
        "*dns.WKS", 
        "*dns.X25", 
        "*dns.lex", 
        "*float32", 
        "*float64", 
        "*fmt.fmt", 
        "*io.pipe", 
        "*os.File", 
        "*os.file", 
        "*ssh.mux", 
        "*uintptr", 
        "*url.URL", 
        "AcceptIP", 
        "Algoname", 
        "Altitude", 
        "Assignee", 
        "Binomial", 
        "Boundary", 
        "Branches", 
        "Buffered", 
        "CapNames", 
        "CatchVar", 
        "CertType", 
        "Children", 
        "Classify", 
        "ConnPool", 
        "Contacts", 
        "Contains", 
        "CopyList", 
        "CopyPipe", 
        "CoreDump", 
        "Creation", 
        "DNSNames", 
        "DNSStart", 
        "DataAtom", 
        "Deadline", 
        "Declares", 
        "DefValue", 
        "DevMajor", 
        "DevMinor", 
        "Devmajor", 
        "Devminor", 
        "Disabled", 
        "Distance", 
        "Duration", 
        "ElseList", 
        "EnableGC", 
        "ErrorLog", 
        "Extended", 
        "FileInfo", 
        "FileLine", 
        "FileName", 
        "Filename", 
        "FindNode", 
        "Flowinfo", 
        "FormFile", 
        "FormName", 
        "Fragment", 
        "Function", 
        "Generate", 
        "GetBytes", 
        "GoString", 
        "GroupIds", 
        "HashFunc", 
        "HeapIdle", 
        "HorizPre", 
        "HostOnly", 
        "HostPort", 
        "HttpOnly", 
        "IdleTime", 
        "Inherits", 
        "InsertAt", 
        "Int64Var", 
        "IsPosted", 
        "IsPseudo", 
        "KexAlgos", 
        "KeyBytes", 
        "KeyUsage", 
        "Language", 
        "Latitude", 
        "LessThan", 
        "LinkName", 
        "Linkname", 
        "Locality", 
        "Location", 
        "MSpanSys", 
        "MapIndex", 
        "MarkDead", 
        "MatchAll", 
        "Metadata", 
        "Modelist", 
        "MulRange", 
        "Multiply", 
        "MyWindow", 
        "NameUsed", 
        "NextPart", 
        "NotAfter", 
        "Nsignals", 
        "NumBytes", 
        "NumField", 
        "Operator", 
        "OtherLen", 
        "OtherSys", 
        "Overhead", 
        "Password", 
        "PauseEnd", 
        "PingAddr", 
        "Platform", 
        "Position", 
        "PostForm", 
        "Previous", 
        "Priority", 
        "Protocol", 
        "Province", 
        "PushBack", 
        "Question", 
        "RawQuery", 
        "Rdlength", 
        "ReadByte", 
        "ReadForm", 
        "ReadFrom", 
        "ReadLine", 
        "ReadRune", 
        "RealSize", 
        "Receiver", 
        "Register", 
        "Reporter", 
        "Reserved", 
        "Response", 
        "ScanAddr", 
        "Scope_id", 
        "Segments", 
        "Selector", 
        "Sequence", 
        "ServeDNS", 
        "SetBytes", 
        "SetEdns0", 
        "SetEmail", 
        "SetFlags", 
        "SetFloat", 
        "SetInt64", 
        "SetRcode", 
        "SetReply", 
        "SetValue", 
        "SignCert", 
        "Signaled", 
        "Simplify", 
        "StackSys", 
        "StartTLS", 
        "StreamID", 
        "Subjects", 
        "SysUsage", 
        "Truncate", 
        "TryBlock", 
        "TypeFlag", 
        "TypeHint", 
        "Typeflag", 
        "UnixNano", 
        "Unparsed", 
        "UserName", 
        "UserTime", 
        "Username", 
        "Validate", 
        "Validity", 
        "Variable", 
        "VisitAll", 
        "WriteMsg", 
        "_fxsr_st", 
        "addChild", 
        "addrAttr", 
        "addrFunc", 
        "adjacent", 
        "allspans", 
        "altProto", 
        "argLimit", 
        "argsType", 
        "arrayEnc", 
        "assignTo", 
        "attempts", 
        "baseMask", 
        "binaries", 
        "bitCount", 
        "boundary", 
        "breakErr", 
        "busyList", 
        "bytedata", 
        "cacheEnd", 
        "cacheKey", 
        "callEmit", 
        "callerpc", 
        "canceled", 
        "capNames", 
        "cgocheck", 
        "chanList", 
        "chanType", 
        "checkSum", 
        "children", 
        "chunking", 
        "closeAll", 
        "closeDot", 
        "closeErr", 
        "codebits", 
        "collapse", 
        "condlogf", 
        "connPool", 
        "contains", 
        "continpc", 
        "coprimes", 
        "copyData", 
        "copyDist", 
        "countBuf", 
        "criteria", 
        "custom64", 
        "dataqsiz", 
        "deadline", 
        "decIndir", 
        "decOpFor", 
        "dialConn", 
        "didHello", 
        "disabled", 
        "divLarge", 
        "divShift", 
        "doPrintf", 
        "elemsize", 
        "elemtype", 
        "enablegc", 
        "encIndir", 
        "encSpeed", 
        "growpE", 
        "growpE", 
        "growpE", 
        "endCycle", 
        "endWrite", 
        "eofError", 
        "erroring", 
        "evalBool", 
        "evalCall", 
        "expected", 
        "explicit", 
        "exponent", 
        "fastrand", 
        "fieldnum", 
        "filename", 
        "finished", 
        "flushing", 
        "flushlog", 
        "fmtBytes", 
        "fmtFloat", 
        "forwards", 
        "fragment", 
        "freeList", 
        "freeSpan", 
        "fullHead", 
        "fullTail", 
        "funcName", 
        "function", 
        "gcRescan", 
        "generate", 
        "getStyle", 
        "gfreecnt", 
        "gotReset", 
        "hashFunc", 
        "hashHead", 
        "hashPrev", 
        "haveVers", 
        "heapGoal", 
        "heap_sys", 
        "hijacked", 
        "hintCert", 
        "histSize", 
        "hostKeys", 
        "idleConn", 
        "inGoAway", 
        "incoming", 
        "indirect", 
        "initOnce", 
        "initSpan", 
        "isBroken", 
        "isClient", 
        "isMarked", 
        "isPublic", 
        "isReused", 
        "it_value", 
        "itemList", 
        "keyIndir", 
        "lastByte", 
        "lastFreq", 
        "lastRead", 
        "lastpart", 
        "lastpoll", 
        "lazyInit", 
        "libcallg", 
        "linkMask", 
        "logReads", 
        "logWrite", 
        "lookupMX", 
        "mailNote", 
        "makeNote", 
        "mantbits", 
        "mapSpans", 
        "matchcap", 
        "maxprocs", 
        "mcentral", 
        "metadata", 
        "minwidth", 
        "moreBits", 
        "mstartfn", 
        "mulAddWW", 
        "mulRange", 
        "myWindow", 
        "nameList", 
        "nbgsweep", 
        "ncgocall", 
        "needzero", 
        "newBlock", 
        "newChain", 
        "newEntry", 
        "newField", 
        "newRange", 
        "newStack", 
        "nextFree", 
        "nextItem", 
        "nextUint", 
        "nextscan", 
        "nhandoff", 
        "nonempty", 
        "noptrbss", 
        "nosyield", 
        "numBytes", 
        "numInstr", 
        "objIndex", 
        "onHitEOF", 
        "optional", 
        "outCount", 
        "overflow", 
        "padbytes", 
        "padding1", 
        "parallel", 
        "parseFor", 
        "parseInt", 
        "parseNew", 
        "parseNth", 
        "parseOne", 
        "password", 
        "pause_ns", 
        "peekRune", 
        "pipeline", 
        "pointers", 
        "popUntil", 
        "position", 
        "postNote", 
        "prefetch", 
        "prevRune", 
        "previous", 
        "printArg", 
        "priority", 
        "proxyURL", 
        "question", 
        "rawCount", 
        "rawInput"
    ], 
    "metadata": {
        "output": {
            "pcap": {
                "basename": "dump.pcap", 
                "sha256": "ab5fb91b8caf1757e0f1658f10d6f823aa3ce77a08da78fcae01ae21bcf3e8e0", 
                "dirname": ""
            }
        }
    }
}