{"started_on": {"$dt": "2023-07-14T16:05:29.220641"}, "duration": 20, "sample_id": 12, "owner": null, "id": 29, "category": "file", "priority": 2, "guest": {"status": "stopped", "name": "cuckoo1", "label": "cuckoo1", "manager": "VirtualBox", "started_on": "2023-07-14 16:05:29", "shutdown_on": "2023-07-14 16:05:49"}, "clock": {"$dt": "2023-07-14T16:05:28.794854"}, "custom": null, "machine": null, "platform": "windows", "memory": false, "status": "completed", "tags": [], "processing": null, "enforce_timeout": false, "completed_on": {"$dt": "2023-07-14T16:05:49.532072"}, "target": "/tmp/cuckoo-tmp-root/tmp5B0FEI/sjl8j6ap3.dll", "package": "exe", "route": "none", "timeout": 120, "submit_id": 31, "options": {"procmemdump": "yes", "route": "none"}, "added_on": {"$dt": "2023-07-14T16:05:28.794863"}}