{"started_on": {"$dt": "2023-07-14T16:44:19.794315"}, "duration": 16, "sample_id": 29, "owner": null, "id": 47, "category": "file", "priority": 2, "guest": {"status": "stopped", "name": "cuckoo1", "label": "cuckoo1", "manager": "VirtualBox", "started_on": "2023-07-14 16:44:19", "shutdown_on": "2023-07-14 16:44:35"}, "clock": {"$dt": "2023-07-14T16:44:19.126148"}, "custom": null, "machine": null, "platform": "windows", "memory": false, "status": "completed", "tags": [], "processing": null, "enforce_timeout": false, "completed_on": {"$dt": "2023-07-14T16:44:35.891792"}, "target": "/tmp/cuckoo-tmp-root/tmpK6JOe2/ae66e009e16f0fad3b70ad20801f48f2edb904fa5341a89e126a26fd3fc80f75", "package": "exe", "route": "none", "timeout": 120, "submit_id": 49, "options": {"procmemdump": "yes", "route": "none"}, "added_on": {"$dt": "2023-07-14T16:44:19.126162"}}