{
    "info": {
        "added": 1689351833.619994, 
        "started": 1689351834.342746, 
        "duration": 37, 
        "ended": 1689351871.640842, 
        "owner": null, 
        "score": 0.8, 
        "id": 37, 
        "category": "file", 
        "git": {
            "head": "13cbe0d9e457be3673304533043e992ead1ea9b2", 
            "fetch_head": "13cbe0d9e457be3673304533043e992ead1ea9b2"
        }, 
        "monitor": "2deb9ccd75d5a7a3fe05b2625b03a8639d6ee36b", 
        "package": "exe", 
        "route": "none", 
        "custom": null, 
        "machine": {
            "status": "stopped", 
            "name": "cuckoo1", 
            "label": "cuckoo1", 
            "manager": "VirtualBox", 
            "started_on": "2023-07-14 16:23:54", 
            "shutdown_on": "2023-07-14 16:24:31"
        }, 
        "platform": "windows", 
        "version": "2.0.7", 
        "options": "procmemdump=yes,route=none"
    }, 
    "signatures": [
        {
            "families": [], 
            "description": "The binary likely contains encrypted or compressed data indicative of a packer", 
            "severity": 2, 
            "ttp": {
                "T1045": {
                    "short": "Software Packing", 
                    "long": "Software packing is a method of compressing or encrypting an executable. Packing an executable changes the file signature in an attempt to avoid signature-based detection. Most decompression techniques decompress the executable code in memory."
                }
            }, 
            "markcount": 2, 
            "references": [
                "http://www.forensickb.com/2013/03/file-entropy-explained.html", 
                "http://virii.es/U/Using%20Entropy%20Analysis%20to%20Find%20Encrypted%20and%20Packed%20Malware.pdf"
            ], 
            "marks": [
                {
                    "entropy": 7.783748499610266, 
                    "section": {
                        "size_of_data": "0x00003800", 
                        "virtual_address": "0x00014000", 
                        "entropy": 7.783748499610266, 
                        "name": "UPX1", 
                        "virtual_size": "0x00004000"
                    }, 
                    "type": "generic", 
                    "description": "A section with a high entropy has been found"
                }, 
                {
                    "entropy": 0.9032258064516129, 
                    "type": "generic", 
                    "description": "Overall entropy of this PE file is high"
                }
            ], 
            "name": "packer_entropy"
        }, 
        {
            "families": [], 
            "description": "The executable is compressed using UPX", 
            "severity": 2, 
            "ttp": {
                "T1045": {
                    "short": "Software Packing", 
                    "long": "Software packing is a method of compressing or encrypting an executable. Packing an executable changes the file signature in an attempt to avoid signature-based detection. Most decompression techniques decompress the executable code in memory."
                }
            }, 
            "markcount": 2, 
            "references": [], 
            "marks": [
                {
                    "section": "UPX0", 
                    "type": "generic", 
                    "description": "Section name indicates UPX"
                }, 
                {
                    "section": "UPX1", 
                    "type": "generic", 
                    "description": "Section name indicates UPX"
                }
            ], 
            "name": "packer_upx"
        }
    ], 
    "target": {
        "category": "file", 
        "file": {
            "yara": [], 
            "sha1": "05ae9c76f8f85ad2247c06d26a88bbbcfff4d62e", 
            "name": "DUMP_00A10000-00A1D000.exe.ViR", 
            "type": "PE32 executable (GUI) Intel 80386 (stripped to external PDB), for MS Windows, UPX compressed", 
            "sha256": "2c4c8066a1a7dfdf42c57ff4f9016f1ba05bcb004ff8b0ffc0989165d2ad30e2", 
            "urls": [], 
            "crc32": "436C724A", 
            "path": "/root/.cuckoo/storage/binaries/2c4c8066a1a7dfdf42c57ff4f9016f1ba05bcb004ff8b0ffc0989165d2ad30e2", 
            "ssdeep": null, 
            "size": 53248, 
            "sha512": "1e5ebd53ac942b0f06f759f936efebeeb9a74062647cd978d5112720f772f607b12ee20c02ab838104a7a947fef2fde79b0db944286d8daf2e6e6d16e10b9390", 
            "md5": "6152709e741c4d5a5d793d35817b4c3d"
        }
    }, 
    "network": {
        "tls": [], 
        "udp": [
            {
                "src": "192.168.56.101", 
                "dst": "192.168.56.255", 
                "offset": 1010, 
                "time": 6.157840967178345, 
                "dport": 137, 
                "sport": 137
            }, 
            {
                "src": "192.168.56.101", 
                "dst": "224.0.0.252", 
                "offset": 14006, 
                "time": 8.486739158630371, 
                "dport": 5355, 
                "sport": 50100
            }, 
            {
                "src": "192.168.56.101", 
                "dst": "224.0.0.252", 
                "offset": 14366, 
                "time": 17.234944105148315, 
                "dport": 5355, 
                "sport": 50322
            }, 
            {
                "src": "192.168.56.101", 
                "dst": "224.0.0.252", 
                "offset": 14694, 
                "time": 6.4080750942230225, 
                "dport": 5355, 
                "sport": 52573
            }, 
            {
                "src": "192.168.56.101", 
                "dst": "224.0.0.252", 
                "offset": 15054, 
                "time": 9.426685094833374, 
                "dport": 5355, 
                "sport": 54060
            }, 
            {
                "src": "192.168.56.101", 
                "dst": "224.0.0.252", 
                "offset": 15382, 
                "time": 19.89168095588684, 
                "dport": 5355, 
                "sport": 55998
            }, 
            {
                "src": "192.168.56.101", 
                "dst": "224.0.0.252", 
                "offset": 15710, 
                "time": 3.2014031410217285, 
                "dport": 5355, 
                "sport": 57689
            }, 
            {
                "src": "192.168.56.101", 
                "dst": "224.0.0.252", 
                "offset": 16038, 
                "time": 11.970312118530273, 
                "dport": 5355, 
                "sport": 60020
            }, 
            {
                "src": "192.168.56.101", 
                "dst": "224.0.0.252", 
                "offset": 16398, 
                "time": 2.948101043701172, 
                "dport": 5355, 
                "sport": 60637
            }, 
            {
                "src": "192.168.56.101", 
                "dst": "224.0.0.252", 
                "offset": 16758, 
                "time": 14.559446096420288, 
                "dport": 5355, 
                "sport": 61672
            }, 
            {
                "src": "192.168.56.101", 
                "dst": "224.0.0.252", 
                "offset": 17086, 
                "time": 8.797950983047485, 
                "dport": 5355, 
                "sport": 62669
            }, 
            {
                "src": "192.168.56.101", 
                "dst": "224.0.0.252", 
                "offset": 17446, 
                "time": 3.9600560665130615, 
                "dport": 5355, 
                "sport": 63033
            }, 
            {
                "src": "192.168.56.101", 
                "dst": "224.0.0.252", 
                "offset": 17806, 
                "time": 6.455343008041382, 
                "dport": 5355, 
                "sport": 63210
            }, 
            {
                "src": "192.168.56.101", 
                "dst": "224.0.0.252", 
                "offset": 18134, 
                "time": 11.985336065292358, 
                "dport": 5355, 
                "sport": 63635
            }, 
            {
                "src": "192.168.56.101", 
                "dst": "224.0.0.252", 
                "offset": 18462, 
                "time": 5.9712560176849365, 
                "dport": 5355, 
                "sport": 63880
            }, 
            {
                "src": "192.168.56.101", 
                "dst": "255.255.255.255", 
                "offset": 18822, 
                "time": 7.891869068145752, 
                "dport": 67, 
                "sport": 68
            }
        ], 
        "dns_servers": [], 
        "http": [], 
        "icmp": [], 
        "smtp": [], 
        "tcp": [], 
        "smtp_ex": [], 
        "mitm": [], 
        "hosts": [], 
        "pcap_sha256": "68cd776f11532f48962cef8886b359c8831d6cad512831a691e64ba8dc991229", 
        "dns": [], 
        "http_ex": [], 
        "domains": [], 
        "dead_hosts": [], 
        "sorted_pcap_sha256": "29388e79ac9da36bfc5f81c79a8cf7b9a712fe8a943fd9f1d24fa49dbc56e376", 
        "irc": [], 
        "https_ex": []
    }, 
    "static": {
        "pdb_path": null, 
        "pe_imports": [
            {
                "imports": [
                    {
                        "name": "LoadLibraryA", 
                        "address": "0x418400"
                    }, 
                    {
                        "name": "GetProcAddress", 
                        "address": "0x418404"
                    }, 
                    {
                        "name": "VirtualProtect", 
                        "address": "0x418408"
                    }, 
                    {
                        "name": "VirtualAlloc", 
                        "address": "0x41840c"
                    }, 
                    {
                        "name": "VirtualFree", 
                        "address": "0x418410"
                    }, 
                    {
                        "name": "ExitProcess", 
                        "address": "0x418414"
                    }
                ], 
                "dll": "KERNEL32.DLL"
            }, 
            {
                "imports": [
                    {
                        "name": "FreeSid", 
                        "address": "0x41841c"
                    }
                ], 
                "dll": "ADVAPI32.DLL"
            }, 
            {
                "imports": [
                    {
                        "name": "DnsQuery_A", 
                        "address": "0x418424"
                    }
                ], 
                "dll": "DNSAPI.DLL"
            }, 
            {
                "imports": [
                    {
                        "name": "_iob", 
                        "address": "0x41842c"
                    }
                ], 
                "dll": "msvcrt.dll"
            }, 
            {
                "imports": [
                    {
                        "name": "ShellExecuteA", 
                        "address": "0x418434"
                    }
                ], 
                "dll": "SHELL32.DLL"
            }, 
            {
                "imports": [
                    {
                        "name": "wsprintfA", 
                        "address": "0x41843c"
                    }
                ], 
                "dll": "USER32.dll"
            }, 
            {
                "imports": [
                    {
                        "name": "recv", 
                        "address": "0x418444"
                    }
                ], 
                "dll": "WS2_32.DLL"
            }
        ], 
        "peid_signatures": null, 
        "keys": [], 
        "signature": [], 
        "pe_timestamp": "2016-01-05 09:24:00", 
        "pe_exports": [], 
        "imported_dll_count": 7, 
        "pe_imphash": "2abeb0d53376b85010155541793dacc0", 
        "pe_resources": [
            {
                "name": "RT_VERSION", 
                "language": "LANG_ENGLISH", 
                "filetype": "data", 
                "sublanguage": "SUBLANG_ENGLISH_US", 
                "offset": "0x0001805c", 
                "size": "0x00000304"
            }
        ], 
        "pe_versioninfo": [
            {
                "name": "LegalCopyright", 
                "value": "Microsoft Corporation"
            }, 
            {
                "name": "InternalName", 
                "value": ""
            }, 
            {
                "name": "FileVersion", 
                "value": "9"
            }, 
            {
                "name": "CompanyName", 
                "value": "Microsoft Corporation"
            }, 
            {
                "name": "LegalTrademarks", 
                "value": "Microsoft Corporation"
            }, 
            {
                "name": "ProductName", 
                "value": "DirectX"
            }, 
            {
                "name": "ProductVersion", 
                "value": "9"
            }, 
            {
                "name": "FileDescription", 
                "value": "Microsoft\\xae DirectX x86"
            }, 
            {
                "name": "OriginalFilename", 
                "value": "directx.exe"
            }, 
            {
                "name": "Translation", 
                "value": "0x0409 0x04e4"
            }
        ], 
        "pe_sections": [
            {
                "size_of_data": "0x00000000", 
                "virtual_address": "0x00001000", 
                "entropy": 0.0, 
                "name": "UPX0", 
                "virtual_size": "0x00013000"
            }, 
            {
                "size_of_data": "0x00003800", 
                "virtual_address": "0x00014000", 
                "entropy": 7.783748499610266, 
                "name": "UPX1", 
                "virtual_size": "0x00004000"
            }, 
            {
                "size_of_data": "0x00000600", 
                "virtual_address": "0x00018000", 
                "entropy": 3.3581057798491156, 
                "name": ".rsrc", 
                "virtual_size": "0x00001000"
            }
        ]
    }, 
    "debug": {
        "action": [], 
        "dbgview": [], 
        "errors": [], 
        "log": [
            "2023-07-14 16:23:53,092 [analyzer] DEBUG: Starting analyzer from: C:\\tmpbhv_ec\n", 
            "2023-07-14 16:23:53,092 [analyzer] DEBUG: Pipe server name: \\??\\PIPE\\LAvajUMsMEgpqvQqBmiAcSqa\n", 
            "2023-07-14 16:23:53,092 [analyzer] DEBUG: Log pipe server name: \\??\\PIPE\\UsiIOXJupussdLGyzgBOYpLaT\n", 
            "2023-07-14 16:23:53,233 [analyzer] DEBUG: Started auxiliary module DbgView\n", 
            "2023-07-14 16:23:53,828 [analyzer] DEBUG: Started auxiliary module Disguise\n"
        ], 
        "cuckoo": [
            "2023-07-14 16:23:54,367 [cuckoo.core.scheduler] INFO: Task #37: acquired machine cuckoo1 (label=cuckoo1)\n", 
            "2023-07-14 16:23:54,367 [cuckoo.core.resultserver] DEBUG: Now tracking machine 192.168.56.101 for task #37\n", 
            "2023-07-14 16:23:54,368 [cuckoo.core.plugins] DEBUG: Started auxiliary module: Replay\n", 
            "2023-07-14 16:23:54,373 [cuckoo.auxiliary.sniffer] INFO: Started sniffer with PID 20914 (interface=vboxnet0, host=192.168.56.101)\n", 
            "2023-07-14 16:23:54,373 [cuckoo.core.plugins] DEBUG: Started auxiliary module: Sniffer\n", 
            "2023-07-14 16:23:54,383 [cuckoo.machinery.virtualbox] DEBUG: Starting vm cuckoo1\n", 
            "2023-07-14 16:23:54,431 [cuckoo.machinery.virtualbox] DEBUG: Restoring virtual machine cuckoo1 to its current snapshot\n", 
            "2023-07-14 16:23:56,017 [cuckoo.core.guest] INFO: Starting analysis #37 on guest (id=cuckoo1, ip=192.168.56.101)\n", 
            "2023-07-14 16:23:57,019 [cuckoo.core.guest] DEBUG: cuckoo1: not ready yet\n", 
            "2023-07-14 16:23:58,022 [cuckoo.core.guest] DEBUG: cuckoo1: not ready yet\n", 
            "2023-07-14 16:23:59,026 [cuckoo.core.guest] DEBUG: cuckoo1: not ready yet\n", 
            "2023-07-14 16:23:59,094 [cuckoo.core.guest] DEBUG: cuckoo1: not ready yet\n", 
            "2023-07-14 16:24:00,107 [cuckoo.core.guest] INFO: Guest is running Cuckoo Agent 0.10 (id=cuckoo1, ip=192.168.56.101)\n", 
            "2023-07-14 16:24:00,121 [cuckoo.core.guest] DEBUG: Uploading analyzer to guest (id=cuckoo1, ip=192.168.56.101, monitor=latest, size=3884763)\n", 
            "2023-07-14 16:24:00,520 [cuckoo.core.resultserver] DEBUG: Task #37: live log analysis.log initialized.\n", 
            "2023-07-14 16:24:03,332 [cuckoo.core.resultserver] DEBUG: Task #37 had connection reset for <Context for None>\n", 
            "2023-07-14 16:24:06,272 [cuckoo.core.guest] DEBUG: cuckoo1: analysis #37 still processing\n", 
            "2023-07-14 16:24:09,440 [cuckoo.core.resultserver] DEBUG: Task #37: File upload for 'shots/0001.jpg'\n", 
            "2023-07-14 16:24:09,452 [cuckoo.core.resultserver] DEBUG: Task #37 uploaded file length: 125042\n", 
            "2023-07-14 16:24:11,293 [cuckoo.core.guest] DEBUG: cuckoo1: analysis #37 still processing\n", 
            "2023-07-14 16:24:11,785 [cuckoo.core.resultserver] DEBUG: Task #37: File upload for 'shots/0002.jpg'\n", 
            "2023-07-14 16:24:11,804 [cuckoo.core.resultserver] DEBUG: Task #37 uploaded file length: 125256\n", 
            "2023-07-14 16:24:16,337 [cuckoo.core.guest] DEBUG: cuckoo1: analysis #37 still processing\n", 
            "2023-07-14 16:24:21,356 [cuckoo.core.guest] DEBUG: cuckoo1: analysis #37 still processing\n", 
            "2023-07-14 16:24:26,378 [cuckoo.core.guest] DEBUG: cuckoo1: analysis #37 still processing\n", 
            "2023-07-14 16:24:28,521 [cuckoo.core.resultserver] DEBUG: Task #37: File upload for 'shots/0003.jpg'\n", 
            "2023-07-14 16:24:28,543 [cuckoo.core.resultserver] DEBUG: Task #37 uploaded file length: 126748\n", 
            "2023-07-14 16:24:29,576 [cuckoo.core.resultserver] DEBUG: Task #37: File upload for 'shots/0004.jpg'\n", 
            "2023-07-14 16:24:29,580 [cuckoo.core.resultserver] DEBUG: Task #37 uploaded file length: 124609\n", 
            "2023-07-14 16:24:30,397 [cuckoo.core.guest] INFO: cuckoo1: analysis completed successfully\n", 
            "2023-07-14 16:24:30,412 [cuckoo.core.plugins] DEBUG: Stopped auxiliary module: Replay\n", 
            "2023-07-14 16:24:30,451 [cuckoo.core.plugins] DEBUG: Stopped auxiliary module: Sniffer\n", 
            "2023-07-14 16:24:30,451 [cuckoo.machinery.virtualbox] DEBUG: Stopping vm cuckoo1\n", 
            "2023-07-14 16:24:31,631 [cuckoo.core.resultserver] DEBUG: Stopped tracking machine 192.168.56.101 for task #37\n", 
            "2023-07-14 16:24:31,631 [cuckoo.core.resultserver] DEBUG: Cancel <Context for LOG> for task 37\n", 
            "2023-07-14 16:24:31,634 [cuckoo.core.scheduler] DEBUG: Released database task #37\n", 
            "2023-07-14 16:24:31,644 [cuckoo.core.plugins] DEBUG: Executed processing module \"AnalysisInfo\" for task #37\n", 
            "2023-07-14 16:24:31,645 [cuckoo.processing.behavior] WARNING: Analysis results folder does not contain any behavior log files.\n", 
            "2023-07-14 16:24:31,645 [cuckoo.core.plugins] DEBUG: Executed processing module \"BehaviorAnalysis\" for task #37\n", 
            "2023-07-14 16:24:31,645 [cuckoo.core.plugins] DEBUG: Executed processing module \"Dropped\" for task #37\n", 
            "2023-07-14 16:24:31,645 [cuckoo.core.plugins] DEBUG: Executed processing module \"DroppedBuffer\" for task #37\n", 
            "2023-07-14 16:24:31,645 [cuckoo.core.plugins] DEBUG: Executed processi"
        ]
    }, 
    "screenshots": [
        {
            "path": "/root/.cuckoo/storage/analyses/37/shots/0001.jpg", 
            "ocr": ""
        }, 
        {
            "path": "/root/.cuckoo/storage/analyses/37/shots/0002.jpg", 
            "ocr": ""
        }, 
        {
            "path": "/root/.cuckoo/storage/analyses/37/shots/0003.jpg", 
            "ocr": ""
        }, 
        {
            "path": "/root/.cuckoo/storage/analyses/37/shots/0004.jpg", 
            "ocr": ""
        }
    ], 
    "strings": [
        "!This program cannot be run in DOS mode.", 
        "6E~y>K\\", 
        "p<t@x'", 
        "T\\@`DT.", 
        "KdHhLly", 
        "8@~7%Z", 
        "/pnxx)", 
        "$'`0\u001f!Z", 
        ":K ^<S", 
        "Tz% *M3", 
        "th}Jd~", 
        "w5pN7'p", 
        "vEs\u001f-\u001f", 
        "5\\r$ '(", 
        "gH.8 `", 
        "@>  D0", 
        "iml,\",4", 
        "kO,<FF", 
        "domains", 
        ".phpAPI#-m", 
        "http:/", 
        "/%s/ld/?id=", 
        "nternetShortcut]", 
        "oBfile/bu", 
        "Microsoft Enhanced Cry", 
        "ptograph P<vider v1.0^u", 
        "62345678901", 
        "h.RADAMANT", 
        "IsWow64", 
        "S|ware\\", 
        "sion\\Run", 
        "Di\"ctX", 
        "^ho 2f", 
        "ill /f", 
        "02.192", 
        "HTTP/12", 
        "-T0e: appl", 
        "-form-", 
        "da\"gth", 
        " IP Addr", 
        "kTok^Memb<", 
        "aJ \"cmd&2", 
        "Tfix e", 
        "rv=m.i", 
        "UKZBY8:", 
        "*notH\"5f[px", 
        "'r6vdy,", 
        "\"OK\".W", 
        "LOUR_FILES. ", 
        "_srS-LIBGCCWv", 
        "SJLJ-GTHR-", 
        "kR(t__SHARED)V:%", 
        ".BGetA", 
        "G 8L`<", 
        "<$,4<H", 
        "CloseH", 
        "YModu\\e", 
        "upInfo", 
        "S6tnb$sA", 
        "'UnhEd", 
        "Acqux+;", 
        "yEnxpo", 
        ";DL Vv", 
        "=#l\u001f~W", 
        "DnsU_A", 
        "d\"Qs_ap\"t", 
        "=s?s=D", 
        "mppylen", 
        "necvh.tbya", 
        "XPTPSW", 
        "KERNEL32.DLL", 
        "ADVAPI32.DLL", 
        "DNSAPI.DLL", 
        "msvcrt.dll", 
        "SHELL32.DLL", 
        "USER32.dll", 
        "WS2_32.DLL", 
        "LoadLibraryA", 
        "GetProcAddress", 
        "VirtualProtect", 
        "VirtualAlloc", 
        "VirtualFree", 
        "ExitProcess", 
        "FreeSid", 
        "DnsQuery_A", 
        "ShellExecuteA", 
        "wsprintfA", 
        "crt1.c", 
        "_atexit", 
        "__onexitp", 
        "crtstuff.c", 
        "main.cpp", 
        ".rdata", 
        "aes.cpp", 
        ".rdata", 
        "md5.cpp", 
        "_PADDING`", 
        ".idata$7", 
        ".idata$5", 
        ".idata$4", 
        ".idata$6p", 
        ".idata$7", 
        ".idata$5", 
        ".idata$4", 
        ".idata$6", 
        "fthunk", 
        ".idata$2", 
        ".idata$5", 
        ".idata$4", 
        ".idata$4", 
        ".idata$5", 
        ".idata$7", 
        ".idata$7", 
        ".idata$5", 
        ".idata$4", 
        ".idata$6", 
        ".idata$7", 
        ".idata$5", 
        ".idata$4", 
        ".idata$6", 
        ".idata$7", 
        ".idata$5", 
        ".idata$4", 
        ".idata$6", 
        ".idata$7", 
        ".idata$5", 
        ".idata$4", 
        ".idata$6", 
        ".idata$7", 
        ".idata$5", 
        ".idata$4", 
        ".idata$6", 
        ".idata$7", 
        ".idata$5", 
        ".idata$4", 
        ".idata$6", 
        ".idata$7", 
        ".idata$5", 
        ".idata$4", 
        ".idata$6", 
        ".idata$7", 
        ".idata$5", 
        ".idata$4", 
        ".idata$6", 
        ".idata$7", 
        ".idata$5", 
        ".idata$4", 
        ".idata$6", 
        ".idata$7", 
        ".idata$5", 
        ".idata$4", 
        ".idata$6", 
        "fthunk", 
        ".idata$2(", 
        ".idata$5", 
        ".idata$4", 
        ".idata$4 ", 
        ".idata$5", 
        ".idata$7", 
        ".idata$7T", 
        ".idata$5", 
        ".idata$4", 
        ".idata$6l", 
        ".idata$7d", 
        ".idata$5", 
        ".idata$4", 
        ".idata$6", 
        ".idata$7`", 
        ".idata$5", 
        ".idata$4", 
        ".idata$6", 
        ".idata$7h", 
        ".idata$5", 
        ".idata$4", 
        ".idata$6", 
        ".idata$7\\", 
        ".idata$5", 
        ".idata$4", 
        ".idata$6", 
        ".idata$7X", 
        ".idata$5", 
        ".idata$4", 
        ".idata$6", 
        ".idata$7p", 
        ".idata$5", 
        ".idata$4", 
        ".idata$6", 
        ".idata$7x", 
        ".idata$5", 
        ".idata$4", 
        ".idata$6", 
        ".idata$7", 
        ".idata$5", 
        ".idata$4", 
        ".idata$6\\", 
        ".idata$7t", 
        ".idata$5", 
        ".idata$4", 
        ".idata$6", 
        ".idata$7|", 
        ".idata$5", 
        ".idata$4", 
        ".idata$6$", 
        ".idata$7", 
        ".idata$5", 
        ".idata$4", 
        ".idata$68", 
        ".idata$7", 
        ".idata$5", 
        ".idata$4", 
        ".idata$6H", 
        ".idata$7P", 
        ".idata$5|", 
        ".idata$4", 
        ".idata$6P", 
        ".idata$7l", 
        ".idata$5", 
        ".idata$4", 
        ".idata$6", 
        "fthunk", 
        ".idata$2", 
        ".idata$5x", 
        ".idata$4", 
        ".idata$4", 
        ".idata$5", 
        ".idata$7", 
        "CRTglob.c", 
        "CRTfmode.c", 
        "txtmode.c", 
        "main.c", 
        "pseudo-reloc.c", 
        "CRT_fp10.c", 
        "_fpreset", 
        "gccmain.c", 
        "___main", 
        ".rdata", 
        ".idata$7", 
        ".idata$5", 
        ".idata$4", 
        ".idata$6", 
        ".idata$7", 
        ".idata$5", 
        ".idata$4", 
        ".idata$6|", 
        ".idata$7", 
        ".idata$5", 
        ".idata$4", 
        ".idata$6", 
        ".idata$7", 
        ".idata$5", 
        ".idata$4", 
        ".idata$6", 
        ".idata$7", 
        ".idata$5", 
        ".idata$4", 
        ".idata$6", 
        ".idata$7", 
        ".idata$5", 
        ".idata$4", 
        ".idata$6\\", 
        ".idata$7", 
        ".idata$5", 
        ".idata$4(", 
        ".idata$6", 
        ".idata$7", 
        ".idata$5", 
        ".idata$4", 
        ".idata$6l", 
        ".idata$7", 
        ".idata$5", 
        ".idata$4", 
        ".idata$6", 
        ".idata$7|", 
        ".idata$5", 
        ".idata$4", 
        ".idata$6L", 
        ".idata$7", 
        ".idata$5", 
        ".idata$4", 
        ".idata$6", 
        ".idata$7", 
        ".idata$5$", 
        ".idata$4L", 
        ".idata$6", 
        ".idata$7", 
        ".idata$5", 
        ".idata$40", 
        ".idata$6", 
        ".idata$7", 
        ".idata$5", 
        ".idata$4", 
        ".idata$6", 
        ".idata$7", 
        ".idata$5", 
        ".idata$4", 
        ".idata$6T", 
        ".idata$7", 
        ".idata$5", 
        ".idata$4@", 
        ".idata$6", 
        ".idata$7", 
        ".idata$5", 
        ".idata$4", 
        ".idata$6", 
        ".idata$7", 
        ".idata$5", 
        ".idata$4", 
        ".idata$6", 
        ".idata$7", 
        ".idata$5", 
        ".idata$44", 
        ".idata$6", 
        ".idata$7", 
        ".idata$5 ", 
        ".idata$4H", 
        ".idata$6", 
        ".idata$7", 
        ".idata$5", 
        ".idata$48", 
        ".idata$6", 
        ".idata$7", 
        ".idata$5", 
        ".idata$4", 
        ".idata$6`", 
        ".idata$7", 
        ".idata$5", 
        ".idata$4$", 
        ".idata$6", 
        ".idata$7", 
        ".idata$5", 
        ".idata$4", 
        ".idata$64", 
        ".idata$7", 
        ".idata$5", 
        ".idata$4<", 
        ".idata$6", 
        ".idata$7", 
        ".idata$5", 
        ".idata$4,", 
        ".idata$6", 
        ".idata$7", 
        ".idata$5", 
        ".idata$4D", 
        ".idata$6", 
        ".idata$7", 
        ".idata$5", 
        ".idata$4", 
        ".idata$6,", 
        ".idata$7", 
        ".idata$5", 
        ".idata$4", 
        ".idata$6$", 
        ".idata$7", 
        ".idata$5", 
        ".idata$4", 
        ".idata$6", 
        ".idata$7", 
        ".idata$5", 
        ".idata$4", 
        ".idata$6", 
        ".idata$7", 
        ".idata$5", 
        ".idata$4", 
        ".idata$6H", 
        ".idata$7", 
        ".idata$5", 
        ".idata$4", 
        ".idata$6<", 
        ".idata$7", 
        ".idata$5", 
        ".idata$4", 
        ".idata$6l", 
        ".idata$7", 
        ".idata$5", 
        ".idata$4 ", 
        ".idata$6x", 
        ".idata$7", 
        ".idata$5", 
        ".idata$4", 
        ".idata$6", 
        ".idata$7", 
        ".idata$5", 
        ".idata$4", 
        ".idata$6", 
        ".idata$7", 
        ".idata$5", 
        ".idata$4", 
        ".idata$6", 
        "fthunk", 
        ".idata$2P", 
        ".idata$5", 
        ".idata$4", 
        ".idata$4P", 
        ".idata$5(", 
        ".idata$7", 
        ".idata$74", 
        ".idata$5@", 
        ".idata$4h", 
        ".idata$6 ", 
        ".idata$78", 
        ".idata$5D", 
        ".idata$4l", 
        ".idata$64", 
        ".idata$7<", 
        ".idata$5H", 
        ".idata$4p", 
        ".idata$6D", 
        "fthunk", 
        ".idata$2x", 
        ".idata$5<", 
        ".idata$4d", 
        ".idata$4t", 
        ".idata$5L", 
        ".idata$7@", 
        ".idata$7X", 
        ".idata$5t", 
        ".idata$4", 
        ".idata$6", 
        ".idata$7", 
        ".idata$5", 
        ".idata$4<", 
        ".idata$6T", 
        ".idata$7 ", 
        ".idata$5<", 
        ".idata$4d", 
        ".idata$6", 
        ".idata$7\\", 
        ".idata$5x", 
        ".idata$4", 
        ".idata$6", 
        ".idata$7T", 
        ".idata$5p", 
        ".idata$4", 
        ".idata$6", 
        ".idata$7L", 
        ".idata$5h", 
        ".idata$4", 
        ".idata$6", 
        ".idata$7", 
        ".idata$5", 
        ".idata$4,", 
        ".idata$6", 
        ".idata$7@", 
        ".idata$5\\", 
        ".idata$4", 
        ".idata$6", 
        ".idata$7", 
        ".idata$5 ", 
        ".idata$4H", 
        ".idata$6|", 
        ".idata$7", 
        ".idata$5$", 
        ".idata$4L", 
        ".idata$6", 
        ".idata$7", 
        ".idata$5", 
        ".idata$4D", 
        ".idata$6p", 
        ".idata$7h", 
        ".idata$5", 
        ".idata$4", 
        ".idata$6@", 
        ".idata$7", 
        ".idata$58", 
        ".idata$4`", 
        ".idata$6", 
        ".idata$7$", 
        ".idata$5@", 
        ".idata$4h", 
        ".idata$6", 
        ".idata$7", 
        ".idata$5", 
        ".idata$44", 
        ".idata$64", 
        ".idata$7<", 
        ".idata$5X", 
        ".idata$4", 
        ".idata$6", 
        ".idata$7,", 
        ".idata$5H", 
        ".idata$4p", 
        ".idata$68", 
        ".idata$70", 
        ".idata$5L", 
        ".idata$4t", 
        ".idata$6L", 
        ".idata$7", 
        ".idata$54", 
        ".idata$4\\", 
        ".idata$6", 
        ".idata$7", 
        ".idata$50", 
        ".idata$4X", 
        ".idata$6", 
        ".idata$78", 
        ".idata$5T", 
        ".idata$4|", 
        ".idata$6t", 
        ".idata$7(", 
        ".idata$5D", 
        ".idata$4l", 
        ".idata$6 ", 
        ".idata$7d", 
        ".idata$5", 
        ".idata$4", 
        ".idata$64", 
        ".idata$7D", 
        ".idata$5`", 
        ".idata$4", 
        ".idata$6", 
        ".idata$7H", 
        ".idata$5d", 
        ".idata$4", 
        ".idata$6", 
        ".idata$7", 
        ".idata$5", 
        ".idata$48", 
        ".idata$6D", 
        ".idata$7P", 
        ".idata$5l", 
        ".idata$4", 
        ".idata$6", 
        ".idata$7`", 
        ".idata$5|", 
        ".idata$4", 
        ".idata$6$", 
        ".idata$7", 
        ".idata$5", 
        ".idata$40", 
        ".idata$6(", 
        ".idata$7", 
        ".idata$5,", 
        ".idata$4T", 
        ".idata$6", 
        ".idata$74", 
        ".idata$5P", 
        ".idata$4x", 
        ".idata$6`", 
        ".idata$7", 
        ".idata$5(", 
        ".idata$4P", 
        ".idata$6", 
        ".idata$7", 
        ".idata$5", 
        ".idata$4@", 
        ".idata$6d", 
        ".idata$7", 
        ".idata$5", 
        ".idata$4(", 
        ".idata$6", 
        "fthunk", 
        ".idata$2<", 
        ".idata$5", 
        ".idata$4$", 
        ".idata$4", 
        ".idata$5", 
        ".idata$7l", 
        ".idata$7 ", 
        ".idata$50", 
        ".idata$4X", 
        ".idata$6", 
        ".idata$7$", 
        ".idata$54", 
        ".idata$4\\", 
        ".idata$6", 
        "fthunk", 
        ".idata$2d", 
        ".idata$5,", 
        ".idata$4T", 
        ".idata$4`", 
        ".idata$58", 
        ".idata$7(", 
        "crtstuff.c", 
        ".ctors", 
        "__cexit", 
        "_domains\u001f", 
        "_sprintf", 
        "_strcat", 
        "_strcmp", 
        "_recv@16", 
        "_S_Build", 
        "_srand", 
        "__dll__", 
        "_fwrite", 
        "_memcpy", 
        "_masks", 
        "_memset", 
        "__argc", 
        "_remove", 
        "_fflush", 
        "_send@16", 
        "_fprintfP", 
        "__alloca", 
        "__argv", 
        "_fread", 
        "_fopen", 
        "__fmode", 
        "_MY_HASH", 
        "__end__", 
        "_fgetc", 
        "_signal", 
        "_malloc", 
        "_fclose", 
        "_strcpy", 
        "_sscanf", 
        "_fseek", 
        "_abort", 
        "_ftell", 
        "_htons@4`", 
        "_domain", 
        "_strlen", 
        "_printf", 
        "_Sleep@4", 
        "_strstr", 
        "__gnu_exception_handler@4", 
        "___mingw_CRTStartup", 
        "_mainCRTStartup", 
        "_WinMainCRTStartup", 
        "___do_sjlj_init", 
        "__Z14decrypt_domainPc", 
        "__Z15generateRSAkeysPhPmS_S0_", 
        "__Z11encrypt_RSAPhmPcPm", 
        "__Z11decrypt_RSAPhmPcPm", 
        "__Z14genereteAESkeyPh", 
        "__Z11encryptFilePcS_Phm", 
        "__Z11decryptFilePcS_Phm", 
        "__Z9my_strcmpPcS_", 
        "__Z9checkMaskPc", 
        "__Z17checkMaskRADAMANTPc", 
        "__Z14encryptFileAESPcS_Phm", 
        "__Z14decryptFileAESPcS_Phm", 
        "__Z11try_to_editPcS_", 
        "__Z6SearchPciPhm", 
        "__Z8GetCSizePcPi", 
        "__Z20GetEncryptedFileSizePi", 
        "__Z26try_to_create_file_on_diskPc", 
        "__Z17FindAndCryprFilesPhm", 
        "__Z19FindAndDecryprFilesPhm", 
        "__Z6getMD5PcS_", 
        "__Z8getDiscsPc", 
        "__Z17getWindowsVersionPc", 
        "__Z11GetProcBitsPc", 
        "__Z5getIDPc", 
        "__Z7SetARunv", 
        "__Z7DelARunv", 
        "__Z9checkARunv", 
        "__Z10setDomainsPc", 
        "__Z17getDomainsFromRegv", 
        "__Z7DelSelfv", 
        "__Z8GetBitIPPc", 
        "__Z16SendDataToServerPcS_S_mS_", 
        "__Z5GetIPPcS_S_", 
        "__Z18CreateFileOnDskTopPcS_", 
        "__Z19IsUserElevatedAdminv", 
        "__Z14getBuildNumberv", 
        "__Z5UACMEv", 
        "__Z9getmyHASHPc", 
        ".text$feof", 
        "__Z8DownloadPc", 
        "__Z9update_mev", 
        "__Z10SendMyInfov", 
        "__Z10encrypt_PCPc", 
        "__Z10decrypt_PCPc", 
        "__Z11copyMeToWinv", 
        "__Z13check_my_pathv", 
        "__Z12exec_commandPc", 
        "__Z6doworkPv", 
        "_WinMain@16", 
        "__Z14aes_gen_tablesv", 
        "_ZZ11aes_set_keyE7ft_init", 
        "_ZZ11aes_set_keyE7kt_init", 
        "_aes_set_key", 
        "_aes_encrypt", 
        "_aes_decrypt", 
        "_aes_cbc_encrypt", 
        "_aes_cbc_decrypt", 
        "_aes_self_test", 
        "__aes_src", 
        "__ZN3MD57MD5InitEP7MD5_CTX", 
        "__ZN3MD59MD5UpdateEP7MD5_CTXPhj", 
        "__ZN3MD58MD5FinalEPhP7MD5_CTX", 
        "__ZN3MD56DecodeEPmPhj", 
        "__ZN3MD510MD5_memsetEPhij", 
        "__ZN3MD56EncodeEPhPmj", 
        "__ZN3MD512MD5TransformEPmPh", 
        "__ZN3MD510MD5_memcpyEPhS0_j", 
        "__pei386_runtime_relocator", 
        "__fpreset", 
        "_initialized", 
        "___do_global_dtors", 
        "___do_global_ctors", 
        "pseudo-reloc-list.c", 
        "_w32_atom_suffix", 
        "___w32_sharedptr_default_unexpected", 
        "___w32_sharedptr_get", 
        "dw2_object_mutex.0", 
        "dw2_once.1", 
        "sjl_fc_key.2", 
        "sjl_once.3", 
        "___w32_sharedptr_initialize", 
        "___eprintf", 
        "___sjlj_init_ctor", 
        "__imp__FindFirstFileA@8", 
        "_GetSystemInfo@4", 
        "__imp__GetVersion@0", 
        "___RUNTIME_PSEUDO_RELOC_LIST__", 
        "_FindFirstFileA@8", 
        "__imp___setmode", 
        "_GetCurrentHwProfileA@4", 
        "__imp__CloseHandle@4", 
        "__data_start__", 
        "___DTOR_LIST__", 
        "__imp___beginthread", 
        "__imp__LocalFree@4", 
        "_FilesSize", 
        "__imp__recv@16", 
        "__imp___onexit", 
        "___p__fmode", 
        "__imp__GetLastError@0", 
        "_SetUnhandledExceptionFilter@4", 
        "___w32_sharedptr_terminate", 
        "_CreateMutexA@12", 
        "__imp__FindNextFileA@8", 
        "_GetModuleFileNameA@12", 
        "___tls_start__", 
        "__imp__CreateFileA@28", 
        "_CryptGenKey@16", 
        "__libmsvcrt_a_iname", 
        "__imp__FindAtomA@4", 
        "__imp__abort", 
        "__size_of_stack_commit__", 
        "__imp__WinExec@8", 
        "__size_of_stack_reserve__", 
        "__major_subsystem_version__", 
        "___crt_xl_start__", 
        "_AddAtomA@4", 
        "_wsprintfA", 
        "___crt_xi_start__", 
        "___chkstk", 
        "___crt_xi_end__", 
        "_ShellExecuteA@24", 
        "_VirtualAlloc@16", 
        "__imp__OpenFile@12", 
        "__imp__rand", 
        "_DnsQuery_A@24", 
        "_GetLastError@0", 
        "__imp____p__environ", 
        "_CryptExportKey@24", 
        "__imp__RegSetValueExA@24", 
        "__head_libuser32_a", 
        "__imp__DnsRecordListFree@8", 
        "__imp___iob", 
        "__imp__SetFileAttributesA@8", 
        "_GetModuleHandleA@4", 
        "__imp__strstr", 
        "__libadvapi32_a_iname", 
        "_S_Landing", 
        "__imp__LocalAlloc@8", 
        "__imp__CopyFileA@12", 
        "__imp__wsprintfA", 
        "__bss_start__", 
        "__head_libws2_32_a", 
        "_CryptEncrypt@28", 
        "___RUNTIME_PSEUDO_RELOC_LIST_END__", 
        "__size_of_heap_commit__", 
        "__imp__RegCloseKey@4", 
        "_MessageBoxA@16", 
        "__imp__GetCurrentProcess@0", 
        "__imp__srand", 
        "___p__environ", 
        "__imp__GetProcAddress@8", 
        "_GetProcAddress@8", 
        "___crt_xp_start__", 
        "_GetCommandLineA@0", 
        "_fl_showform", 
        "__imp__RegOpenKeyExA@20", 
        "___crt_xp_end__", 
        "__imp__signal", 
        "__minor_os_version__", 
        "__imp__CreateMutexA@12", 
        "_GetComputerNameA@8", 
        "__imp__atexit", 
        "__head_libmsvcrt_a", 
        "__image_base__", 
        "__head_libshell32_a", 
        "_DnsRecordListFree@8", 
        "__imp__exit", 
        "__section_alignment__", 
        "_GetLogicalDrives@0", 
        "_socket@12", 
        "__imp__fseek", 
        "__imp__GetStartupInfoA@4", 
        "__imp__GetLogicalDrives@0", 
        "__RUNTIME_PSEUDO_RELOC_LIST__", 
        "__imp__htons@4", 
        "__imp__GetKeyboardType@4", 
        "__imp____p__fmode", 
        "_CopyFileA@12", 
        "__libdnsapi_a_iname", 
        "_ExitProcess@4", 
        "__imp__inet_ntoa@4", 
        "_gethostbyname@4", 
        "__data_end__", 
        "___getmainargs", 
        "_FindClose@4", 
        "___w32_sharedptr", 
        "__CTOR_LIST__", 
        "___set_app_type", 
        "_CryptAcquireContextA@20", 
        "__imp__sprintf", 
        "__bss_end__", 
        "__CRT_fmode", 
        "_domain_list", 
        "___crt_xc_end__", 
        "__imp__CryptExportKey@24", 
        "___crt_xc_start__", 
        "__imp__socket@12", 
        "__imp__closesocket@4", 
        "___CTOR_LIST__", 
        "__imp___lopen@8", 
        "__imp__GetSystemInfo@4", 
        "_CreateFileA@28", 
        "__head_libadvapi32_a", 
        "_inet_ntoa@4", 
        "__imp__GetAtomNameA@12", 
        "__imp__MessageBoxA@16", 
        "_AllocateAndInitializeSid@44", 
        "_GetStartupInfoA@4", 
        "_WSAStartup@8", 
        "_SetFileAttributesA@8", 
        "__imp__fread", 
        "__imp__CryptAcquireContextA@20", 
        "__imp__memcpy", 
        "__imp__GetFileSize@8", 
        "__imp__fgetc", 
        "_dom_count", 
        "_FindNextFileA@8", 
        "__imp__strcmp", 
        "__imp__inet_addr@4", 
        "__file_alignment__", 
        "_SHGetFolderPathA@20", 
        "__imp__GetCurrentHwProfileA@4", 
        "__imp__time", 
        "__imp__CryptDecrypt@24", 
        "__imp__malloc", 
        "__imp__CryptGenKey@16", 
        "__imp__RegCreateKeyExA@36", 
        "__major_os_version__", 
        "_ReleaseMutex@4", 
        "_RegSetValueExA@24", 
        "__imp__DnsQuery_A@24", 
        "_CloseHandle@4", 
        "__imp__gethostbyname@4", 
        "_LocalFree@4", 
        "__imp__CryptEncrypt@28", 
        "_RegOpenKeyExA@20", 
        "__imp__GetModuleHandleA@4", 
        "__DTOR_LIST__", 
        "__imp__fprintf", 
        "__imp__memset", 
        "__imp__fclose", 
        "__imp__RegDeleteValueA@8", 
        "__size_of_heap_reserve__", 
        "___crt_xt_start__", 
        "__subsystem__", 
        "_GetVersion@0", 
        "__imp__strlen", 
        "__lopen@8", 
        "__imp__fflush", 
        "_RegDeleteValueA@8", 
        "__imp__strcpy", 
        "_FreeSid@4", 
        "__imp__AllocateAndInitializeSid@44", 
        "_WinExec@8", 
        "__imp__RegQueryValueExA@24", 
        "_cur_domain", 
        "___w32_sharedptr_unexpected", 
        "__imp__ShellExecuteA@24", 
        "__imp__fopen", 
        "__imp____getmainargs", 
        "__imp__remove", 
        "__imp__SHGetFolderPathA@20", 
        "___tls_end__", 
        "_RegCreateKeyExA@36", 
        "__imp__ExitProcess@4", 
        "_OpenFile@12", 
        "_GetCurrentProcess@0", 
        "__imp__send@16", 
        "__beginthread", 
        "__imp__free", 
        "__imp__SetUnhandledExceptionFilter@4", 
        "__major_image_version__", 
        "__imp__GetWindowsDirectoryA@8", 
        "_RegQueryValueExA@24", 
        "__loader_flags__", 
        "_CryptDecrypt@24", 
        "__libuser32_a_iname", 
        "_GetWindowsDirectoryA@8", 
        "__CRT_glob", 
        "__setmode", 
        "__imp__printf", 
        "__imp__CryptImportKey@24", 
        "__imp__ftell", 
        "__imp__AddAtomA@4", 
        "_inet_addr@4", 
        "__imp__FreeSid@4", 
        "_S_Shtrcut", 
        "__head_libkernel32_a", 
        "__imp___cexit", 
        "__minor_subsystem_version__", 
        "__imp__FindClose@4", 
        "__minor_image_version__", 
        "__imp__Sleep@4", 
        "_closesocket@4", 
        "__imp____set_app_type", 
        "_GetKeyboardType@4", 
        "__imp__GetComputerNameA@8", 
        "_FindAtomA@4", 
        "__imp__WSAStartup@8", 
        "__imp__GetCommandLineA@0", 
        "_GetFileSize@8", 
        "__imp__sscanf", 
        "_RegCloseKey@4", 
        "__libshell32_a_iname", 
        "_GetAtomNameA@12", 
        "__RUNTIME_PSEUDO_RELOC_LIST_END__", 
        "_CryptImportKey@24", 
        "__libkernel32_a_iname", 
        "__imp__ReleaseMutex@4", 
        "__imp__GetModuleFileNameA@12", 
        "_connect@12", 
        "_LocalAlloc@8", 
        "__imp__connect@12", 
        "__head_libdnsapi_a", 
        "___crt_xt_end__", 
        "__libws2_32_a_iname", 
        "__imp__VirtualAlloc@16", 
        "__imp__strcat", 
        "__imp__fwrite", 
        "VS_VERSION_INFO", 
        "StringFileInfo", 
        "040904E4", 
        "CompanyName", 
        "Microsoft Corporation", 
        "FileVersion", 
        "FileDescription", 
        "Microsoft", 
        " DirectX x86", 
        "InternalName", 
        "LegalCopyright", 
        "Microsoft Corporation", 
        "LegalTrademarks", 
        "Microsoft Corporation", 
        "OriginalFilename", 
        "directx.exe", 
        "ProductName", 
        "DirectX", 
        "ProductVersion", 
        "VarFileInfo", 
        "Translation"
    ], 
    "metadata": {
        "output": {
            "pcap": {
                "basename": "dump.pcap", 
                "sha256": "68cd776f11532f48962cef8886b359c8831d6cad512831a691e64ba8dc991229", 
                "dirname": ""
            }
        }
    }
}