{"started_on": {"$dt": "2023-07-14T16:21:02.051034"}, "duration": 97, "sample_id": 18, "owner": null, "id": 36, "category": "file", "priority": 2, "guest": {"status": "stopped", "name": "cuckoo1", "label": "cuckoo1", "manager": "VirtualBox", "started_on": "2023-07-14 16:21:02", "shutdown_on": "2023-07-14 16:22:39"}, "clock": {"$dt": "2023-07-14T16:21:01.973951"}, "custom": null, "machine": null, "platform": "windows", "memory": false, "status": "completed", "tags": [], "processing": null, "enforce_timeout": false, "completed_on": {"$dt": "2023-07-14T16:22:39.623500"}, "target": "/tmp/cuckoo-tmp-root/tmp3x3os4/svchost.exe", "package": "exe", "route": "none", "timeout": 120, "submit_id": 38, "options": {"procmemdump": "yes", "route": "none"}, "added_on": {"$dt": "2023-07-14T16:21:01.973960"}}