{"started_on": {"$dt": "2023-07-14T15:50:24.300451"}, "duration": 191, "sample_id": 8, "owner": null, "id": 25, "category": "file", "priority": 2, "guest": {"status": "stopped", "name": "cuckoo1", "label": "cuckoo1", "manager": "VirtualBox", "started_on": "2023-07-14 15:50:24", "shutdown_on": "2023-07-14 15:53:35"}, "clock": {"$dt": "2023-07-14T15:50:23.417250"}, "custom": null, "machine": null, "platform": "windows", "memory": false, "status": "completed", "tags": [], "processing": null, "enforce_timeout": false, "completed_on": {"$dt": "2023-07-14T15:53:35.732340"}, "target": "/tmp/cuckoo-tmp-root/tmp1UTGrW/cerber.exe", "package": "exe", "route": "none", "timeout": 120, "submit_id": 27, "options": {"network-routing": "none", "procmemdump": "yes", "route": "none"}, "added_on": {"$dt": "2023-07-14T15:50:23.417260"}}