{"started_on": {"$dt": "2023-07-14T16:31:37.078683"}, "duration": 82, "sample_id": 22, "owner": null, "id": 40, "category": "file", "priority": 2, "guest": {"status": "stopped", "name": "cuckoo1", "label": "cuckoo1", "manager": "VirtualBox", "started_on": "2023-07-14 16:31:37", "shutdown_on": "2023-07-14 16:32:59"}, "clock": {"$dt": "2023-07-14T16:31:36.296136"}, "custom": null, "machine": null, "platform": "windows", "memory": false, "status": "completed", "tags": [], "processing": null, "enforce_timeout": false, "completed_on": {"$dt": "2023-07-14T16:32:59.419058"}, "target": "/tmp/cuckoo-tmp-root/tmpOz_sTm/683a09da219918258c58a7f61f7dc4161a3a7a377cf82a31b840baabfb9a4a96.bin", "package": "exe", "route": "none", "timeout": 120, "submit_id": 42, "options": {"procmemdump": "yes", "route": "none"}, "added_on": {"$dt": "2023-07-14T16:31:36.296149"}}