{"started_on": {"$dt": "2023-07-14T16:18:05.252002"}, "duration": 25, "sample_id": 16, "owner": null, "id": 34, "category": "file", "priority": 2, "guest": {"status": "stopped", "name": "cuckoo1", "label": "cuckoo1", "manager": "VirtualBox", "started_on": "2023-07-14 16:18:05", "shutdown_on": "2023-07-14 16:18:30"}, "clock": {"$dt": "2023-07-14T16:18:04.289639"}, "custom": null, "machine": null, "platform": "windows", "memory": false, "status": "completed", "tags": [], "processing": null, "enforce_timeout": false, "completed_on": {"$dt": "2023-07-14T16:18:30.487460"}, "target": "/tmp/cuckoo-tmp-root/tmpS_1hlV/Matsnu-MBRwipingRansomware_1B2D2A4B97C7C2727D571BBF9376F54F_Inkasso Rechnung vom 27.05.2013 .com_", "package": "exe", "route": "none", "timeout": 120, "submit_id": 36, "options": {"procmemdump": "yes", "route": "none"}, "added_on": {"$dt": "2023-07-14T16:18:04.289656"}}