{"started_on": {"$dt": "2023-07-14T16:25:30.244440"}, "duration": 188, "sample_id": 20, "owner": null, "id": 38, "category": "file", "priority": 2, "guest": {"status": "stopped", "name": "cuckoo1", "label": "cuckoo1", "manager": "VirtualBox", "started_on": "2023-07-14 16:25:30", "shutdown_on": "2023-07-14 16:28:39"}, "clock": {"$dt": "2023-07-14T16:25:29.737712"}, "custom": null, "machine": null, "platform": "windows", "memory": false, "status": "completed", "tags": [], "processing": null, "enforce_timeout": false, "completed_on": {"$dt": "2023-07-14T16:28:39.243346"}, "target": "/tmp/cuckoo-tmp-root/tmpbSTgVk/1001a8c7f33185217e6e1bdbb8dba9780d475da944684fb4bf1fc04809525887", "package": "exe", "route": "none", "timeout": 120, "submit_id": 40, "options": {"procmemdump": "yes", "route": "none"}, "added_on": {"$dt": "2023-07-14T16:25:29.737728"}}