{"started_on": {"$dt": "2023-07-14T16:46:44.229461"}, "duration": 17, "sample_id": 31, "owner": null, "id": 49, "category": "file", "priority": 2, "guest": {"status": "stopped", "name": "cuckoo1", "label": "cuckoo1", "manager": "VirtualBox", "started_on": "2023-07-14 16:46:44", "shutdown_on": "2023-07-14 16:47:01"}, "clock": {"$dt": "2023-07-14T16:46:43.646898"}, "custom": null, "machine": null, "platform": "windows", "memory": false, "status": "completed", "tags": [], "processing": null, "enforce_timeout": false, "completed_on": {"$dt": "2023-07-14T16:47:01.758616"}, "target": "/tmp/cuckoo-tmp-root/tmp0LOXwG/Ransomware.Unnamed_0.exe", "package": "exe", "route": "none", "timeout": 120, "submit_id": 51, "options": {"procmemdump": "yes", "route": "none"}, "added_on": {"$dt": "2023-07-14T16:46:43.646909"}}