proc_pid,file,urls,ext_urls,name,type,path,program,info,positives,families,description,sign_name,sign_stacktrace,api,category,arguments,imported_dll_count,dll,pe_sec_name,entropy,pe_res_name,filetype,udp,hosts,tcp,requests,mitm,dead_hosts,dns_servers,domains,proc,process_path,beh_command_line,tree_command_line,tree_process_name,children,regkey_opened,dll_loaded,file_created,file_read,regkey_read,directory_enumerated,regkey_written,command_line,wmi_query,apistats,log,action,errors
8,8,36,0,8,8,8,0,0,0,0,26,26,0,121,121,121,1,4,5,5,10,10,51,0,0,0,0,9,0,0,10,10,10,2,2,1,111,60,4,4,186,184,3,8,0,253,67,0,0
10,10,3032,0,11,11,11,0,0,0,0,29,29,0,43,43,43,1,8,4,4,11,11,34,0,0,0,0,0,0,0,10,10,10,6,6,4,624,111,21,36,762,236,48,9,2,499,157,1,0
1,1,7,0,1,1,1,0,0,0,0,11,11,0,23,23,23,1,1,3,3,9,9,19,0,0,0,0,0,0,0,2,2,2,2,2,0,27,18,0,1,38,13,0,0,0,55,20,0,0
16,16,5568,0,14,14,14,0,0,0,0,7,7,0,84,84,84,1,3,3,3,1,1,43,0,0,0,0,0,0,0,16,16,16,2,2,14,4,5,0,1,26,21,0,14,0,426,669,0,0
0,0,0,0,0,0,0,0,0,0,0,22,22,0,200,200,200,1,18,8,8,42,42,55,0,0,0,0,0,0,0,2,2,2,2,2,0,264,45,4133,4161,628,938,5,5,0,94,8428,0,0
3,3,764,30,3,3,3,0,0,0,1,8,8,0,7,7,7,1,14,5,5,20,20,41,0,0,0,0,0,0,0,4,4,4,2,2,1,50,22,0,0,246,0,1,2,0,122,25,0,0
3,3,744,0,3,3,3,0,0,0,1,11,11,0,24,24,24,1,7,4,4,5,5,41,0,0,0,0,0,0,0,4,4,4,2,2,1,51,36,0,0,240,5,16,2,0,165,25,0,0
3,3,872,0,3,3,3,0,0,0,0,17,17,0,66,66,66,1,1,3,3,2,2,42,0,0,0,0,0,0,0,4,4,4,4,4,0,89,70,0,1,336,0,16,3,1,217,26,0,0
3,3,872,0,3,3,3,0,0,0,0,17,17,0,66,66,66,1,1,3,3,2,2,41,0,0,0,0,0,0,0,4,4,4,4,4,0,89,70,0,1,336,0,16,3,1,217,26,0,0
4,4,124,0,5,5,5,0,0,0,0,14,14,0,81,81,81,1,6,4,4,2,2,20,0,0,0,0,0,0,0,3,3,3,2,2,1,1,9,0,0,7,0,0,2,0,57,27,0,0
0,0,0,0,0,0,0,0,0,0,0,4,4,0,1,1,1,1,2,5,5,0,0,19,0,0,0,0,0,0,0,2,2,2,2,2,0,4,18,0,0,12,0,0,0,0,30,15,0,1
0,0,0,0,0,0,0,0,0,0,0,23,23,0,178,178,178,1,1,3,3,0,0,44,0,0,0,0,0,0,0,4,4,4,2,2,1,65,38,4126,4150,651,947,5,7,0,138,8454,0,0
1,1,0,0,0,0,0,0,0,0,0,4,4,0,33,33,33,1,3,4,4,4,4,17,0,0,0,0,0,0,0,2,2,2,2,2,0,6,2,0,0,2,2,0,0,0,31,19,0,0
1,1,132,0,0,0,0,0,0,0,0,8,8,0,14,14,14,1,11,5,5,1,1,18,0,0,0,0,0,0,0,3,3,3,2,2,1,5,5,1,2,9,4,0,1,0,61,21,0,0
0,0,0,0,0,0,0,1,1,0,1,23,23,0,226,226,226,1,6,5,5,13,13,24,0,0,0,0,0,0,0,5,5,5,4,4,1,51,28,468,3554,79,254,2,5,1,156,7369,0,0
1,1,0,0,1,1,1,0,0,0,0,1,1,0,0,0,0,1,5,5,5,14,14,18,0,0,0,0,0,0,0,2,2,2,2,2,0,0,0,0,0,1,0,0,0,0,12,19,0,0
1,1,372,1,1,1,1,0,0,0,1,5,5,0,2,2,2,1,3,5,5,3,3,17,0,0,0,0,0,0,0,2,2,2,2,2,0,5,5,2,1,4,0,0,0,0,33,21,0,0
68,68,4098,0,68,68,68,5,5,0,2,29,29,0,253,253,253,1,1,6,6,0,0,41,0,0,0,0,0,0,0,70,70,70,56,56,10,197,85,5,3145,1170,12,23,67,1,1550,3733,0,0
81,81,374,0,81,81,81,2,2,0,0,8,8,0,3,3,3,1,1,3,3,0,0,54,0,0,0,0,0,0,0,84,84,84,3,3,81,3,3,0,2,26,16,0,2,0,1693,12073,0,0
69,69,4470,0,69,69,69,5,5,0,2,29,29,0,200,200,200,1,1,6,6,0,0,42,0,0,0,0,0,0,0,70,70,70,53,53,10,197,85,5,3328,1170,12,23,67,1,1551,3734,0,0
2,2,874,0,4,4,4,0,0,0,1,13,13,0,53,53,53,1,1,5,5,2,2,41,0,0,0,0,0,0,0,3,3,3,3,3,0,67,34,725,723,177,0,1,2,0,137,750,0,0
37,37,796,0,35,35,35,17,17,0,0,24,24,0,116,116,116,1,7,3,3,3,3,47,0,0,0,0,74,0,0,44,44,44,22,22,20,249,62,31,16,375,44,39,22,14,1380,7358,0,0
1,1,126,0,1,1,1,0,0,0,0,5,5,0,1,1,1,1,5,4,4,40,40,44,0,0,0,0,0,0,0,2,2,2,2,2,0,4,5,0,1,22,0,6,0,0,48,20,0,0
1,1,13,13,1,1,1,0,0,0,0,2,2,0,0,0,0,1,5,5,5,14,14,17,0,0,0,0,0,0,0,2,2,2,2,2,0,0,0,0,0,1,0,0,0,0,11,19,0,0
3,3,11,0,1,1,1,0,0,0,0,12,12,0,23,23,23,1,5,5,5,8,8,23,0,0,0,0,0,0,0,3,3,3,3,3,0,0,4,0,0,1,0,0,2,0,35,27,0,0
1,1,0,0,1,1,1,0,0,0,0,3,3,0,0,0,0,1,1,4,4,2,2,17,0,0,0,0,0,0,0,2,2,2,2,2,0,12,4,0,0,6,0,0,0,0,32,19,0,0
0,0,0,0,0,0,0,0,0,0,1,2,2,0,0,0,0,1,4,9,9,5,5,23,0,0,0,0,0,0,0,2,2,2,2,2,0,0,0,0,0,0,0,0,0,0,6,18,0,0
4,4,3,0,4,4,4,0,0,0,1,24,24,0,198,198,198,1,2,6,6,3,3,49,0,0,0,0,9,0,0,6,6,6,2,2,1,104,60,4,4,183,765,0,4,0,154,51,0,0
5,5,383,0,1,1,1,4,4,0,0,5,5,0,3,3,3,1,3,12,12,0,0,18,0,0,0,0,0,0,0,6,6,6,2,2,4,0,6,1,1,24,1,0,4,0,129,36,0,0
2,2,371,0,2,2,2,0,0,0,0,3,3,0,12,12,12,1,13,5,5,4,4,18,0,0,0,0,0,0,0,3,3,3,2,2,1,0,1,0,1,1,0,0,1,0,33,24,0,0
0,0,0,0,0,0,0,0,0,0,0,4,4,0,53,53,53,1,14,5,5,9,9,17,0,0,0,0,0,0,0,2,2,2,2,2,0,0,3,0,1,0,0,0,0,0,18,16,0,0
4,4,1119,0,4,4,4,0,0,0,0,15,15,0,7,7,7,1,6,6,6,1,1,51,0,0,0,0,0,0,0,7,7,7,3,3,4,42,43,0,1,176,24,22,6,1,244,8874,0,0
5,5,997,0,5,5,5,1,1,0,0,12,12,0,8,8,8,1,7,3,3,1,1,43,0,0,0,0,0,0,0,4,4,4,3,3,1,19,13,1,1,97,31,0,4,1,111,33,0,0
2,2,371,0,0,0,0,0,0,0,1,13,13,0,102,102,102,1,18,3,3,21,21,17,0,0,0,0,0,0,0,5,5,5,2,2,3,7,26,23,20,8,36,0,3,0,114,62,0,0
1,1,0,0,1,1,1,0,0,0,0,1,1,0,0,0,0,1,1,3,3,9,9,17,0,0,0,0,0,0,0,2,2,2,2,2,0,12,4,0,0,6,0,0,0,0,32,19,0,0
1,1,8,0,1,1,1,0,0,0,0,7,7,0,53,53,53,1,1,3,3,2,2,44,0,0,0,0,0,0,0,2,2,2,2,2,0,66,36,0,4,154,0,0,0,0,69,18,0,0
1,1,492,0,1,1,1,0,0,0,0,3,3,0,1,1,1,0,0,0,0,0,0,17,0,0,0,0,0,0,0,2,2,2,2,2,0,0,10,0,1,35,0,0,0,0,49,21,0,0
11,11,2113,0,10,10,10,0,0,0,0,12,12,0,21,21,21,1,6,3,3,0,0,57,0,0,0,0,0,0,0,11,11,11,11,11,0,26,11,0,1,37,1,2,3,1,201,58,0,0
5,5,745,0,5,5,5,2,2,0,1,29,29,0,123,123,123,1,3,5,5,0,0,60,0,0,0,0,0,0,0,17,17,17,8,8,9,8,28,1,3596,59,9,1,15,0,414,4152,0,0
1,1,5,5,1,1,1,0,0,0,0,6,6,0,41,41,41,1,1,3,3,2,2,18,0,0,0,0,0,0,0,2,2,2,2,2,0,28,15,0,1,45,0,0,0,0,56,19,0,0
7,7,1857,0,8,8,8,0,0,0,0,24,24,0,45,45,45,1,4,4,4,1,1,18,0,0,0,0,0,0,0,6,6,6,2,2,1,427,29,1,17,2329,15,5,6,0,220,42,0,0
5,5,1115,0,5,5,5,0,0,0,0,20,20,0,23,23,23,1,8,4,4,0,0,17,0,0,0,0,0,0,0,4,4,4,2,2,1,425,29,1,17,2329,15,5,5,0,196,34,0,0
1,1,0,0,1,1,1,0,0,0,0,4,4,0,4,4,4,1,3,5,5,2,2,17,0,0,0,0,0,0,0,2,2,2,2,2,0,4,0,0,1,5,0,0,0,1,33,21,0,0
5,5,412,0,4,4,4,2,2,0,0,13,13,0,2,2,2,1,1,3,3,0,0,19,0,0,0,0,0,0,0,6,6,6,2,2,2,0,13,119,32,35,13,0,4,0,132,181,0,0
1,1,0,0,1,1,1,0,0,0,0,4,4,0,9,9,9,1,1,5,5,0,0,21,0,0,0,0,0,0,0,3,3,3,2,2,1,3,18,0,1,2,0,0,1,0,45,22,0,0
43,43,9950,0,36,36,36,1,1,0,0,44,44,0,296,296,296,1,4,9,9,9,9,54,0,0,0,0,0,0,0,25,25,25,4,4,17,1316,96,720,2233,3606,590,86,25,0,2463,4311,1,0
35,35,9293,0,29,29,29,1,1,0,0,36,36,0,196,196,196,1,10,4,4,2,2,55,0,0,0,0,0,0,0,21,21,21,4,4,16,1114,90,116,2214,3255,14084,80,20,0,1713,2718,1,0
43,43,9949,0,37,37,37,1,1,0,0,43,43,0,297,297,297,1,7,9,9,2,2,54,0,0,0,0,0,0,0,25,25,25,4,4,17,1325,95,720,2232,3611,590,86,25,0,2457,4320,1,0
1,1,0,0,1,1,1,0,0,0,0,0,0,0,0,0,0,1,1,3,3,2,2,17,0,0,0,0,0,0,0,2,2,2,2,2,0,12,4,0,0,6,3,0,0,0,30,19,0,0
1,1,0,0,1,1,1,0,0,0,0,0,0,0,0,0,0,1,1,3,3,2,2,18,0,0,0,0,0,0,0,2,2,2,2,2,0,12,4,0,0,6,0,0,0,0,32,19,0,0
1,1,0,0,1,1,1,0,0,0,0,1,1,0,0,0,0,1,1,3,3,5,5,18,0,0,0,0,0,0,0,2,2,2,2,2,0,12,4,0,0,6,3,0,0,0,30,19,0,0
3,3,503,9,3,3,3,0,0,0,0,7,7,0,18,18,18,1,13,8,8,12,12,42,0,0,0,0,0,0,0,3,3,3,2,2,1,3,2,0,1,26,11,0,1,0,46,196,0,0
3,3,501,2,3,3,3,0,0,0,0,7,7,0,18,18,18,1,13,8,8,12,12,40,0,0,0,0,0,0,0,3,3,3,2,2,1,3,2,0,1,26,11,0,1,0,46,194,0,0
3,3,502,9,3,3,3,0,0,0,0,7,7,0,18,18,18,1,13,8,8,12,12,40,0,0,0,0,0,0,0,3,3,3,2,2,1,3,2,0,1,26,11,0,1,0,46,197,0,0
28,28,3766,9,10,10,10,4,4,0,1,40,40,0,268,268,268,1,4,4,4,3,3,50,0,0,0,0,0,0,0,28,28,28,17,17,7,542,64,986,552,2785,546,21,16,1,805,781,1,0
2,2,371,0,2,2,2,0,0,0,0,4,4,0,1,1,1,1,2,5,5,1,1,18,0,0,0,0,0,0,0,3,3,3,2,2,1,0,1,0,1,1,0,0,1,0,32,24,0,0
0,0,0,0,0,0,0,0,0,0,0,23,23,0,176,176,176,1,1,5,5,55,55,49,0,0,0,0,2,0,0,3,3,3,3,3,0,2,32,696,3272,30,819,0,1,0,96,4694,0,0
