{"started_on": {"$dt": "2023-07-14T16:51:55.269704"}, "duration": 152, "sample_id": 33, "owner": null, "id": 51, "category": "file", "priority": 2, "guest": {"status": "stopped", "name": "cuckoo1", "label": "cuckoo1", "manager": "VirtualBox", "started_on": "2023-07-14 16:51:55", "shutdown_on": "2023-07-14 16:54:28"}, "clock": {"$dt": "2023-07-14T16:51:54.847910"}, "custom": null, "machine": null, "platform": "windows", "memory": false, "status": "completed", "tags": [], "processing": null, "enforce_timeout": false, "completed_on": {"$dt": "2023-07-14T16:54:28.147866"}, "target": "/tmp/cuckoo-tmp-root/tmp5LnSYE/c0cf40b8830d666a24bdd4febdc162e95aa30ed968fa3675e26ad97b2e88e03a", "package": "exe", "route": "none", "timeout": 120, "submit_id": 53, "options": {"procmemdump": "yes", "route": "none"}, "added_on": {"$dt": "2023-07-14T16:51:54.847924"}}