{"started_on": {"$dt": "2023-07-14T16:35:09.813255"}, "duration": 21, "sample_id": 24, "owner": null, "id": 42, "category": "file", "priority": 2, "guest": {"status": "stopped", "name": "cuckoo1", "label": "cuckoo1", "manager": "VirtualBox", "started_on": "2023-07-14 16:35:09", "shutdown_on": "2023-07-14 16:35:30"}, "clock": {"$dt": "2023-07-14T16:35:09.056904"}, "custom": null, "machine": null, "platform": "windows", "memory": false, "status": "completed", "tags": [], "processing": null, "enforce_timeout": false, "completed_on": {"$dt": "2023-07-14T16:35:30.939112"}, "target": "/tmp/cuckoo-tmp-root/tmpSexjDK/51B4EF5DC9D26B7A26E214CEE90598631E2EAA67", "package": "exe", "route": "none", "timeout": 120, "submit_id": 44, "options": {"procmemdump": "yes", "route": "none"}, "added_on": {"$dt": "2023-07-14T16:35:09.056914"}}