{
    "info": {
        "added": 1689354286.956253, 
        "started": 1689354287.951888, 
        "duration": 187, 
        "ended": 1689354475.782864, 
        "owner": null, 
        "score": 2.8, 
        "id": 55, 
        "category": "file", 
        "git": {
            "head": "13cbe0d9e457be3673304533043e992ead1ea9b2", 
            "fetch_head": "13cbe0d9e457be3673304533043e992ead1ea9b2"
        }, 
        "monitor": "2deb9ccd75d5a7a3fe05b2625b03a8639d6ee36b", 
        "package": "exe", 
        "route": "none", 
        "custom": null, 
        "machine": {
            "status": "stopped", 
            "name": "cuckoo1", 
            "label": "cuckoo1", 
            "manager": "VirtualBox", 
            "started_on": "2023-07-14 17:04:47", 
            "shutdown_on": "2023-07-14 17:07:55"
        }, 
        "platform": "windows", 
        "version": "2.0.7", 
        "options": "procmemdump=yes,route=none"
    }, 
    "signatures": [
        {
            "families": [], 
            "description": "The binary likely contains encrypted or compressed data indicative of a packer", 
            "severity": 2, 
            "ttp": {
                "T1045": {
                    "short": "Software Packing", 
                    "long": "Software packing is a method of compressing or encrypting an executable. Packing an executable changes the file signature in an attempt to avoid signature-based detection. Most decompression techniques decompress the executable code in memory."
                }
            }, 
            "markcount": 1, 
            "references": [
                "http://www.forensickb.com/2013/03/file-entropy-explained.html", 
                "http://virii.es/U/Using%20Entropy%20Analysis%20to%20Find%20Encrypted%20and%20Packed%20Malware.pdf"
            ], 
            "marks": [
                {
                    "entropy": 7.25581602471619, 
                    "section": {
                        "size_of_data": "0x00001e00", 
                        "virtual_address": "0x0000f000", 
                        "entropy": 7.25581602471619, 
                        "name": ".rdata", 
                        "virtual_size": "0x00001c8e"
                    }, 
                    "type": "generic", 
                    "description": "A section with a high entropy has been found"
                }
            ], 
            "name": "packer_entropy"
        }, 
        {
            "families": [], 
            "description": "Generates some ICMP traffic", 
            "severity": 4, 
            "ttp": {}, 
            "markcount": 0, 
            "references": [], 
            "marks": [], 
            "name": "network_icmp"
        }, 
        {
            "families": [], 
            "description": "Connects to IP addresses that are no longer responding to requests (legitimate services will remain up-and-running  usually)", 
            "severity": 8, 
            "ttp": {}, 
            "markcount": 3, 
            "references": [], 
            "marks": [
                {
                    "category": "dead_host", 
                    "ioc": "192.168.56.1:139", 
                    "type": "ioc", 
                    "description": null
                }, 
                {
                    "category": "dead_host", 
                    "ioc": "192.168.56.100:139", 
                    "type": "ioc", 
                    "description": null
                }, 
                {
                    "category": "dead_host", 
                    "ioc": "192.168.56.101:49162", 
                    "type": "ioc", 
                    "description": null
                }
            ], 
            "name": "dead_host"
        }
    ], 
    "target": {
        "category": "file", 
        "file": {
            "yara": [], 
            "sha1": "2da8e9f1ce74cfc6a3a7f70742d37829fa23ee9c", 
            "name": "Ransom (17.06.05) .exe", 
            "type": "PE32 executable (GUI) Intel 80386, for MS Windows", 
            "sha256": "dcf5da82c4785d8cca8f4d4478bebbf4ff7af25e584ee6fe86e8ce65363ff28c", 
            "urls": [], 
            "crc32": "136EF64A", 
            "path": "/root/.cuckoo/storage/binaries/dcf5da82c4785d8cca8f4d4478bebbf4ff7af25e584ee6fe86e8ce65363ff28c", 
            "ssdeep": null, 
            "size": 78848, 
            "sha512": "8bdb49aa13f804043adbc363344a855ccea5ae9129125431df09ec5078ddd17b86a6fdc80c9dc59e582f464782fff94a007bc616045964a1ab05d153c730855d", 
            "md5": "0bd2a86516a4ebcc88f37f77dc618a0b"
        }
    }, 
    "network": {
        "tls": [], 
        "udp": [
            {
                "src": "192.168.56.100", 
                "dst": "192.168.56.101", 
                "offset": 263486, 
                "time": 161.97468400001526, 
                "dport": 68, 
                "sport": 67
            }, 
            {
                "src": "192.168.56.101", 
                "dst": "192.168.56.255", 
                "offset": 264786, 
                "time": 6.131540775299072, 
                "dport": 137, 
                "sport": 137
            }, 
            {
                "src": "192.168.56.101", 
                "dst": "224.0.0.252", 
                "offset": 278710, 
                "time": 8.585041999816895, 
                "dport": 5355, 
                "sport": 50100
            }, 
            {
                "src": "192.168.56.101", 
                "dst": "224.0.0.252", 
                "offset": 279070, 
                "time": 17.41184091567993, 
                "dport": 5355, 
                "sport": 50322
            }, 
            {
                "src": "192.168.56.101", 
                "dst": "224.0.0.252", 
                "offset": 279398, 
                "time": 6.412199974060059, 
                "dport": 5355, 
                "sport": 52573
            }, 
            {
                "src": "192.168.56.101", 
                "dst": "224.0.0.252", 
                "offset": 279758, 
                "time": 9.45944595336914, 
                "dport": 5355, 
                "sport": 54060
            }, 
            {
                "src": "192.168.56.101", 
                "dst": "224.0.0.252", 
                "offset": 280086, 
                "time": 20.052745819091797, 
                "dport": 5355, 
                "sport": 55998
            }, 
            {
                "src": "192.168.56.101", 
                "dst": "224.0.0.252", 
                "offset": 280414, 
                "time": 3.2029428482055664, 
                "dport": 5355, 
                "sport": 57689
            }, 
            {
                "src": "192.168.56.101", 
                "dst": "224.0.0.252", 
                "offset": 280742, 
                "time": 12.038165807723999, 
                "dport": 5355, 
                "sport": 60020
            }, 
            {
                "src": "192.168.56.101", 
                "dst": "224.0.0.252", 
                "offset": 281102, 
                "time": 2.9556519985198975, 
                "dport": 5355, 
                "sport": 60637
            }, 
            {
                "src": "192.168.56.101", 
                "dst": "224.0.0.252", 
                "offset": 281462, 
                "time": 162.30221390724182, 
                "dport": 5355, 
                "sport": 61309
            }, 
            {
                "src": "192.168.56.101", 
                "dst": "224.0.0.252", 
                "offset": 281782, 
                "time": 14.756195783615112, 
                "dport": 5355, 
                "sport": 61672
            }, 
            {
                "src": "192.168.56.101", 
                "dst": "224.0.0.252", 
                "offset": 282110, 
                "time": 8.89619779586792, 
                "dport": 5355, 
                "sport": 62669
            }, 
            {
                "src": "192.168.56.101", 
                "dst": "224.0.0.252", 
                "offset": 282470, 
                "time": 3.9927639961242676, 
                "dport": 5355, 
                "sport": 63033
            }, 
            {
                "src": "192.168.56.101", 
                "dst": "224.0.0.252", 
                "offset": 282830, 
                "time": 6.506134986877441, 
                "dport": 5355, 
                "sport": 63210
            }, 
            {
                "src": "192.168.56.101", 
                "dst": "224.0.0.252", 
                "offset": 283158, 
                "time": 12.178517818450928, 
                "dport": 5355, 
                "sport": 63635
            }, 
            {
                "src": "192.168.56.101", 
                "dst": "224.0.0.252", 
                "offset": 283486, 
                "time": 6.037292957305908, 
                "dport": 5355, 
                "sport": 63880
            }, 
            {
                "src": "192.168.56.101", 
                "dst": "255.255.255.255", 
                "offset": 283846, 
                "time": 7.958870887756348, 
                "dport": 67, 
                "sport": 68
            }
        ], 
        "dns_servers": [], 
        "http": [], 
        "icmp": [
            {
                "src": "192.168.56.100", 
                "dst": "192.168.56.101", 
                "type": 3, 
                "data": ""
            }, 
            {
                "src": "192.168.56.100", 
                "dst": "192.168.56.101", 
                "type": 3, 
                "data": ""
            }, 
            {
                "src": "192.168.56.100", 
                "dst": "192.168.56.101", 
                "type": 3, 
                "data": ""
            }
        ], 
        "smtp": [], 
        "tcp": [], 
        "smtp_ex": [], 
        "mitm": [], 
        "hosts": [], 
        "pcap_sha256": "fa0dc1b49b2be9e124a5f55c60d0af16669004357109d35342ab7fe67dc18f87", 
        "dns": [], 
        "http_ex": [], 
        "domains": [], 
        "dead_hosts": [
            [
                "192.168.56.1", 
                139
            ], 
            [
                "192.168.56.100", 
                139
            ], 
            [
                "192.168.56.101", 
                49162
            ]
        ], 
        "sorted_pcap_sha256": "f8cc3f1def5e6fa15e8ea7065352fd5391adbcf21485abf48f0814a8343c6bf3", 
        "irc": [], 
        "https_ex": []
    }, 
    "static": {
        "pdb_path": null, 
        "pe_imports": [
            {
                "imports": [
                    {
                        "name": "Sleep", 
                        "address": "0x40f000"
                    }, 
                    {
                        "name": "CreateEventW", 
                        "address": "0x40f004"
                    }
                ], 
                "dll": "KERNEL32.dll"
            }
        ], 
        "peid_signatures": null, 
        "keys": [], 
        "signature": [], 
        "pe_timestamp": "2014-11-07 03:26:59", 
        "pe_exports": [], 
        "imported_dll_count": 1, 
        "pe_imphash": "5d6c401a6b949a20cdf7ef6568832788", 
        "pe_resources": [
            {
                "name": "RT_ICON", 
                "language": "LANG_ENGLISH", 
                "filetype": "Device independent bitmap graphic, 16 x 32 x 4, image size 128", 
                "sublanguage": "SUBLANG_ENGLISH_US", 
                "offset": "0x00015838", 
                "size": "0x00000128"
            }, 
            {
                "name": "RT_ICON", 
                "language": "LANG_ENGLISH", 
                "filetype": "Device independent bitmap graphic, 16 x 32 x 4, image size 128", 
                "sublanguage": "SUBLANG_ENGLISH_US", 
                "offset": "0x00015838", 
                "size": "0x00000128"
            }, 
            {
                "name": "RT_ICON", 
                "language": "LANG_ENGLISH", 
                "filetype": "Device independent bitmap graphic, 16 x 32 x 4, image size 128", 
                "sublanguage": "SUBLANG_ENGLISH_US", 
                "offset": "0x00015838", 
                "size": "0x00000128"
            }, 
            {
                "name": "RT_ICON", 
                "language": "LANG_ENGLISH", 
                "filetype": "Device independent bitmap graphic, 16 x 32 x 4, image size 128", 
                "sublanguage": "SUBLANG_ENGLISH_US", 
                "offset": "0x00015838", 
                "size": "0x00000128"
            }, 
            {
                "name": "RT_ICON", 
                "language": "LANG_ENGLISH", 
                "filetype": "Device independent bitmap graphic, 16 x 32 x 4, image size 128", 
                "sublanguage": "SUBLANG_ENGLISH_US", 
                "offset": "0x00015838", 
                "size": "0x00000128"
            }, 
            {
                "name": "RT_DIALOG", 
                "language": "LANG_ENGLISH", 
                "filetype": "data", 
                "sublanguage": "SUBLANG_ENGLISH_US", 
                "offset": "0x00015eb0", 
                "size": "0x000000e8"
            }, 
            {
                "name": "RT_DIALOG", 
                "language": "LANG_ENGLISH", 
                "filetype": "data", 
                "sublanguage": "SUBLANG_ENGLISH_US", 
                "offset": "0x00015eb0", 
                "size": "0x000000e8"
            }, 
            {
                "name": "RT_GROUP_ICON", 
                "language": "LANG_ENGLISH", 
                "filetype": "data", 
                "sublanguage": "SUBLANG_ENGLISH_US", 
                "offset": "0x00015fc8", 
                "size": "0x00000024"
            }, 
            {
                "name": "RT_GROUP_ICON", 
                "language": "LANG_ENGLISH", 
                "filetype": "data", 
                "sublanguage": "SUBLANG_ENGLISH_US", 
                "offset": "0x00015fc8", 
                "size": "0x00000024"
            }, 
            {
                "name": "RT_VERSION", 
                "language": "LANG_NEUTRAL", 
                "filetype": "data", 
                "sublanguage": "SUBLANG_NEUTRAL", 
                "offset": "0x00015fec", 
                "size": "0x000003e4"
            }, 
            {
                "name": "RT_MANIFEST", 
                "language": "LANG_ENGLISH", 
                "filetype": "XML 1.0 document, ASCII text, with CRLF line terminators", 
                "sublanguage": "SUBLANG_ENGLISH_US", 
                "offset": "0x000163d0", 
                "size": "0x0000038c"
            }
        ], 
        "pe_versioninfo": [
            {
                "name": "LegalCopyright", 
                "value": "Copyright \\xa9 Andrew J Glina 2000-2008"
            }, 
            {
                "name": "InternalName", 
                "value": "InstallerA"
            }, 
            {
                "name": "Mailing Address", 
                "value": "PO Box 1669 GPO Hobart 7001 Tas Australia"
            }, 
            {
                "name": "FileVersion", 
                "value": "0.892"
            }, 
            {
                "name": "CompanyName", 
                "value": "ACAPsoft"
            }, 
            {
                "name": "Comments", 
                "value": "Website: http://www.ACAPsoft.com EMail: Support@ACAPsoft.com"
            }, 
            {
                "name": "ProductName", 
                "value": "InstallerA"
            }, 
            {
                "name": "ProductVersion", 
                "value": "0.892"
            }, 
            {
                "name": "FileDescription", 
                "value": "Install Automator"
            }, 
            {
                "name": "OriginalFilename", 
                "value": "Setup.exe"
            }, 
            {
                "name": "Translation", 
                "value": "0x0409 0x04e4"
            }
        ], 
        "pe_sections": [
            {
                "size_of_data": "0x0000d200", 
                "virtual_address": "0x00001000", 
                "entropy": 6.4528797950786, 
                "name": ".text", 
                "virtual_size": "0x0000d027"
            }, 
            {
                "size_of_data": "0x00001e00", 
                "virtual_address": "0x0000f000", 
                "entropy": 7.25581602471619, 
                "name": ".rdata", 
                "virtual_size": "0x00001c8e"
            }, 
            {
                "size_of_data": "0x00000c00", 
                "virtual_address": "0x00011000", 
                "entropy": 6.781441791327994, 
                "name": ".data", 
                "virtual_size": "0x00001ef0"
            }, 
            {
                "size_of_data": "0x00000c00", 
                "virtual_address": "0x00013000", 
                "entropy": 6.1584365484383286, 
                "name": ".reloc", 
                "virtual_size": "0x00000a0c"
            }, 
            {
                "size_of_data": "0x00002800", 
                "virtual_address": "0x00014000", 
                "entropy": 4.41017190816712, 
                "name": ".rsrc", 
                "virtual_size": "0x00003000"
            }
        ]
    }, 
    "debug": {
        "action": [], 
        "dbgview": [], 
        "errors": [], 
        "log": [
            "2023-07-14 17:04:46,108 [analyzer] DEBUG: Starting analyzer from: C:\\tmpbhv_ec\n", 
            "2023-07-14 17:04:46,108 [analyzer] DEBUG: Pipe server name: \\??\\PIPE\\OOmyMvdISmcOYnjOBxoINvmHdrz\n", 
            "2023-07-14 17:04:46,108 [analyzer] DEBUG: Log pipe server name: \\??\\PIPE\\WueRqphQzecnVAaZgMzQlkkKqDvzA\n", 
            "2023-07-14 17:04:46,250 [analyzer] DEBUG: Started auxiliary module DbgView\n", 
            "2023-07-14 17:04:46,640 [analyzer] DEBUG: Started auxiliary module Disguise\n"
        ], 
        "cuckoo": [
            "2023-07-14 17:04:47,977 [cuckoo.core.scheduler] INFO: Task #55: acquired machine cuckoo1 (label=cuckoo1)\n", 
            "2023-07-14 17:04:47,977 [cuckoo.core.resultserver] DEBUG: Now tracking machine 192.168.56.101 for task #55\n", 
            "2023-07-14 17:04:47,977 [cuckoo.core.plugins] DEBUG: Started auxiliary module: Replay\n", 
            "2023-07-14 17:04:47,980 [cuckoo.auxiliary.sniffer] INFO: Started sniffer with PID 31540 (interface=vboxnet0, host=192.168.56.101)\n", 
            "2023-07-14 17:04:47,981 [cuckoo.core.plugins] DEBUG: Started auxiliary module: Sniffer\n", 
            "2023-07-14 17:04:47,992 [cuckoo.machinery.virtualbox] DEBUG: Starting vm cuckoo1\n", 
            "2023-07-14 17:04:48,044 [cuckoo.machinery.virtualbox] DEBUG: Restoring virtual machine cuckoo1 to its current snapshot\n", 
            "2023-07-14 17:04:49,570 [cuckoo.core.guest] INFO: Starting analysis #55 on guest (id=cuckoo1, ip=192.168.56.101)\n", 
            "2023-07-14 17:04:50,572 [cuckoo.core.guest] DEBUG: cuckoo1: not ready yet\n", 
            "2023-07-14 17:04:51,575 [cuckoo.core.guest] DEBUG: cuckoo1: not ready yet\n", 
            "2023-07-14 17:04:52,578 [cuckoo.core.guest] DEBUG: cuckoo1: not ready yet\n", 
            "2023-07-14 17:04:52,626 [cuckoo.core.guest] DEBUG: cuckoo1: not ready yet\n", 
            "2023-07-14 17:04:53,633 [cuckoo.core.guest] INFO: Guest is running Cuckoo Agent 0.10 (id=cuckoo1, ip=192.168.56.101)\n", 
            "2023-07-14 17:04:53,648 [cuckoo.core.guest] DEBUG: Uploading analyzer to guest (id=cuckoo1, ip=192.168.56.101, monitor=latest, size=3884763)\n", 
            "2023-07-14 17:04:53,849 [cuckoo.core.resultserver] DEBUG: Task #55: live log analysis.log initialized.\n", 
            "2023-07-14 17:04:59,776 [cuckoo.core.guest] DEBUG: cuckoo1: analysis #55 still processing\n", 
            "2023-07-14 17:05:02,234 [cuckoo.core.resultserver] DEBUG: Task #55: File upload for 'shots/0001.jpg'\n", 
            "2023-07-14 17:05:02,237 [cuckoo.core.resultserver] DEBUG: Task #55 uploaded file length: 125093\n", 
            "2023-07-14 17:05:03,347 [cuckoo.core.resultserver] DEBUG: Task #55: File upload for 'shots/0002.jpg'\n", 
            "2023-07-14 17:05:03,350 [cuckoo.core.resultserver] DEBUG: Task #55 uploaded file length: 124845\n", 
            "2023-07-14 17:05:04,797 [cuckoo.core.guest] DEBUG: cuckoo1: analysis #55 still processing\n", 
            "2023-07-14 17:05:09,816 [cuckoo.core.guest] DEBUG: cuckoo1: analysis #55 still processing\n", 
            "2023-07-14 17:05:14,836 [cuckoo.core.guest] DEBUG: cuckoo1: analysis #55 still processing\n", 
            "2023-07-14 17:05:19,867 [cuckoo.core.guest] DEBUG: cuckoo1: analysis #55 still processing\n", 
            "2023-07-14 17:05:22,733 [cuckoo.core.resultserver] DEBUG: Task #55: File upload for 'shots/0003.jpg'\n", 
            "2023-07-14 17:05:22,737 [cuckoo.core.resultserver] DEBUG: Task #55 uploaded file length: 126452\n", 
            "2023-07-14 17:05:24,889 [cuckoo.core.guest] DEBUG: cuckoo1: analysis #55 still processing\n", 
            "2023-07-14 17:05:29,916 [cuckoo.core.guest] DEBUG: cuckoo1: analysis #55 still processing\n", 
            "2023-07-14 17:05:34,944 [cuckoo.core.guest] DEBUG: cuckoo1: analysis #55 still processing\n", 
            "2023-07-14 17:05:39,970 [cuckoo.core.guest] DEBUG: cuckoo1: analysis #55 still processing\n", 
            "2023-07-14 17:05:44,992 [cuckoo.core.guest] DEBUG: cuckoo1: analysis #55 still processing\n", 
            "2023-07-14 17:05:50,012 [cuckoo.core.guest] DEBUG: cuckoo1: analysis #55 still processing\n", 
            "2023-07-14 17:05:55,033 [cuckoo.core.guest] DEBUG: cuckoo1: analysis #55 still processing\n", 
            "2023-07-14 17:06:00,052 [cuckoo.core.guest] DEBUG: cuckoo1: analysis #55 still processing\n", 
            "2023-07-14 17:06:05,083 [cuckoo.core.guest] DEBUG: cuckoo1: analysis #55 still processing\n", 
            "2023-07-14 17:06:10,104 [cuckoo.core.guest] DEBUG: cuckoo1: analysis #55 still processing\n", 
            "2023-07-14 17:06:15,124 [cuckoo.core.guest] DEBUG: cuckoo1: analysis #55 still processing\n", 
            "2023-07-14 17:06:20,143 [cuckoo.core.guest] DEBUG: cuckoo1: analysis #55 still processing\n", 
            "2023-07-14 17:06:25,163 [cuckoo.core.guest] DEBUG: cuckoo1: analysis #55 still processing\n", 
            "2023-07-14 17:06:30,182 [cuckoo.core.guest] DEBUG: cuckoo1: analysis #55 still processing\n", 
            "2023-07-14 17:06:35,202 [cuckoo.core.guest] DEBUG: cuckoo1: analysis #55 still processing\n", 
            "2023-07-14 17:06:40,243 [cuckoo.core.guest] DEBUG: cuckoo1: analysis #55 still processing\n", 
            "2023-07-14 17:06:45,266 [cuckoo.core.guest] DEBUG: cuckoo1: analysis #55 still processing\n", 
            "2023-07-14 17:06:50,294 [cuckoo.core.gue"
        ]
    }, 
    "screenshots": [
        {
            "path": "/root/.cuckoo/storage/analyses/55/shots/0001.jpg", 
            "ocr": ""
        }, 
        {
            "path": "/root/.cuckoo/storage/analyses/55/shots/0002.jpg", 
            "ocr": ""
        }, 
        {
            "path": "/root/.cuckoo/storage/analyses/55/shots/0003.jpg", 
            "ocr": ""
        }
    ], 
    "strings": [
        "!This program cannot be run in DOS mode.", 
        "`.rdata", 
        "@.data", 
        ".reloc", 
        "B.rsrc", 
        "fffff.", 
        "ffffff.", 
        "fffff.", 
        "fffff.", 
        "ffffff.", 
        "fffff.", 
        "SVWj 3", 
        "SVWj 3", 
        "|$L.u f", 
        "U+hd#A", 
        "hw4/vh #A", 
        "8bh\\\"A", 
        "dGh0#A", 
        "h5.OAh@$A", 
        "u^h $A", 
        "h,Zi\\hT#A", 
        "01hH#A", 
        "<GtPfff", 
        "D$Xj P", 
        "D$Xj P", 
        ":ineIu", 
        ":ntelt", 
        ":Authu", 
        ":entiu", 
        ":cAMDt", 
        "=j&&LZ66lA??~", 
        "}{))R>", 
        "f\"\"D~**T", 
        "V22dN::t", 
        "o%%Jr..\\$", 
        "ggV}++", 
        "Lj&&lZ66~A??", 
        "bS11*?", 
        "Xt,,4.", 
        "RRvM;;", 
        "MMfU33", 
        "PPxD<<%", 
        "Bc!! 0", 
        "~~zG==", 
        "Df\"\"T~**;", 
        "dV22tN::", 
        "xxJo%%\\r..8$", 
        "tt>!\u001f\u001f", 
        "pp|B>>q", 
        "aaj_55", 
        "UUPx((", 
        "&Lj&6lZ6?~A?", 
        "~=zG=d", 
        "\"Df\"*T~*", 
        "2dV2:tN:", 
        "x%Jo%.\\r.", 
        "t\u001f>!\u001fK", 
        "a5j_5W", 
        "&&Lj66lZ??~A", 
        "99rKJJ", 
        "==zGdd", 
        "\"\"Df**T~", 
        ";22dV::tN", 
        "$$Hl\\\\", 
        "C77nYmm", 
        "%%Jo..\\r", 
        "\u001f\u001f>!KK", 
        "55j_WW", 
        "789__KEY__", 
        ".text$mn", 
        ".idata$5", 
        ".rdata", 
        ".rdata$sxdata", 
        ".rdata$zzzdbg", 
        ".xdata$x", 
        ".idata$2", 
        ".idata$3", 
        ".idata$4", 
        ".idata$6", 
        "CreateEventW", 
        "KERNEL32.dll", 
        "WWWWWWWWWWWW", 
        "WccccWWWWT", 
        "SSWWWWWWWWWWW", 
        "@@@@AI@@@@LB@@@@@@@@ODS@@@DWC\\@`@@@@@@@@@@@@@@dfnk@@jF@@DF@@[D@@", 
        "d[[[[[", 
        "[[[[[[[[[[[[js", 
        "[RRRR[[[[w|w", 
        "vv[[[[[[[[[[[", 
        "@@@@AI@@@@LB@@@@@@@@ODS@@@DWC\\@`@@@@@@@@@@@@@@dfnk@@jF@@DF@@[D@@", 
        "_U%!+t", 
        "5|%\u001fl?UI\\~", 
        "h012=2I2U2", 
        "536H6\\6r6", 
        "8 8=8D8P8]8{8", 
        "9!9-979V9]9j9t9", 
        ":#:-:J:Q:^:k:", 
        ";';:;L;", 
        "<%<<<y<", 
        "=(=2=@=F=P=Z=d=q=", 
        "?^?j?~?", 
        "0 080>0", 
        "1=1I1z1", 
        "282>2E2Q2e2", 
        "2&3+324;4U4[4k4q4", 
        "6)6/6}6", 
        "8\u001f8)8I9", 
        "4h5q5z5", 
        "2\"2=2C2^2j2p2z2", 
        "3d3l3r3", 
        "4B4H4O4Z4n4", 
        "5%5*51575B5I5q5w5", 
        "6 6)6:6", 
        "7-7s7}7", 
        ";\";<;B;V;_;f;", 
        "0A0F0N0T0f0o0", 
        "0\u001f1%1b1k1", 
        "2!2A2G2Z2`2", 
        "293B3u3{3", 
        "5#5C5o5u5", 
        "6&6,6;6C6f6z6", 
        "6?7E7Z7f7l7s7", 
        "8,838O8U8", 
        "9\u001f9*9C9R9X9c9|9", 
        "=\"=7===P=V=l=r=", 
        ">1>R>s>", 
        "?9?Z?~?", 
        "0#0D0e0", 
        "1+1L1m1", 
        "232T2u2", 
        "3;3\\3}3", 
        "4\"4C4d4", 
        "5*5K5l5", 
        "626S6w6", 
        "8$8E8f8", 
        "9,9M9n9", 
        ":7:X:y:", 
        "<&<G<h<", 
        "=.=O=p=", 
        ">9>Z>{>", 
        ">#?G?h?", 
        "0.0O0p0", 
        "161W1x1", 
        "3(3I3j3", 
        "4$4T4`4", 
        "5+515m5s5", 
        "6.646F6L6V6\\6g6s6", 
        "7f7l7w7}7", 
        ":$:*:A:J:<;B;I;Q;W;d;j;", 
        "<4<=<C<V<_<q<w<", 
        "=V=\\=c=x=~=", 
        ">J>P>Y>", 
        "?S?[?v?", 
        "F0P0_0e0r0", 
        "1R1X1q1z1", 
        "4/4=4]4c4", 
        "5A5G5e5k5r5x5", 
        "5,626D6L6S6Y6i6", 
        "637;7S7Y7l7r7~7", 
        "7\"8(8Z8c8", 
        ":\":A:J:Z:`:l:r:", 
        ":%;+;3;x;~;", 
        "<!<-<5<;<Q<W<h<o<u<~<", 
        "=P=\\=m=s=", 
        ">+>9>K>Q>V>", 
        ">#?6?<?L?R?", 
        "0\u001f0/0S0b0", 
        "12181Z1`1", 
        "2#23292T2Z2", 
        "4\"4+4A4G4T4Z4m4v4", 
        "4&5u5{5", 
        "81878>8D8f8l8z8", 
        ":':0:::D:t:z:", 
        ";.;4;W;];$</<><D<[<j<p<y<", 
        "=%=Q=W=_=", 
        "\"\"\"\"\"\"", 
        "\"\"\"\"\"\"(", 
        "\"\"\"\"\"\"(", 
        "\"\"\"\"\"\"", 
        "\"\"\"\"\"\"", 
        "\"\"\"\"\"\"(", 
        "\"\"\"\"\"\"(", 
        "\"\"\"\"\"\"", 
        "<?xml version=\"1.0\" encoding=\"UTF-8\" standalone=\"yes\"?>", 
        "  <assembly xmlns=\"urn:schemas-microsoft-com:asm.v1\" manifestVersion=\"1.0\">", 
        "  <assemblyIdentity", 
        "    version=\"0.8.9.0\"", 
        "    processorArchitecture=\"X86\"", 
        "    name=\"ACAPsoft.Setup.Setup.exe\"", 
        "    type=\"win32\"", 
        "  <description>Installer</description>", 
        "  <dependency>", 
        "    <dependentAssembly>", 
        "      <assemblyIdentity", 
        "        type=\"win32\"", 
        "        name=\"Microsoft.Windows.Common-Controls\"", 
        "        version=\"6.0.0.0\"", 
        "        processorArchitecture=\"X86\"", 
        "        publicKeyToken=\"6595b64144ccf1df\"", 
        "        language=\"*\"", 
        "      />", 
        "    </dependentAssembly>", 
        "  </dependency>   ", 
        "  <trustInfo xmlns=\"urn:schemas-microsoft-com:asm.v3\">", 
        "    <security>", 
        "      <requestedPrivileges>", 
        "        <requestedExecutionLevel", 
        "          level=\"asInvoker\"", 
        "          uiAccess=\"false\"/>", 
        "        </requestedPrivileges>", 
        "       </security>", 
        "  </trustInfo>", 
        "</assembly>", 
        "jjjjjj", 
        "Ajjjjjjj", 
        "Ajjjjj", 
        "Ajjjjjjjjj", 
        "Ajjjjjjjjjjj", 
        "Global\\{bb198875-b049-4c53-a7a8-fc2b400cc06d}", 
        "%u.%u.%u.%u", 
        "ACAPsoft's To-The-Point Installer", 
        "MS Sans Serif", 
        "Install", 
        "Choose", 
        "Program", 
        "ReadMe", 
        "UnInstall", 
        "Desktop", 
        "Quick Launch", 
        "Run Program", 
        "View ReadMe", 
        "I agree to these terms (Mandatory)", 
        "Cancel", 
        "Admin Install", 
        "Purpose", 
        "Version", 
        "Install Location", 
        "Start Menu Additions", 
        "After Installation", 
        "Other Shortcuts", 
        "InstallerA", 
        "MS Sans Serif", 
        "VS_VERSION_INFO", 
        "StringFileInfo", 
        "040904e4", 
        "CompanyName", 
        "ACAPsoft", 
        "Comments", 
        "Website: http://www.ACAPsoft.com EMail: Support@ACAPsoft.com", 
        "FileDescription", 
        "Install Automator", 
        "FileVersion", 
        "InternalName", 
        "InstallerA", 
        "LegalCopyright", 
        "Copyright ", 
        " Andrew J Glina 2000-2008", 
        "Mailing Address", 
        "PO Box 1669 GPO Hobart 7001 Tas Australia", 
        "OriginalFilename", 
        "Setup.exe", 
        "ProductName", 
        "InstallerA", 
        "ProductVersion", 
        "VarFileInfo", 
        "Translation"
    ], 
    "metadata": {
        "output": {
            "pcap": {
                "basename": "dump.pcap", 
                "sha256": "fa0dc1b49b2be9e124a5f55c60d0af16669004357109d35342ab7fe67dc18f87", 
                "dirname": ""
            }
        }
    }
}