{"started_on": {"$dt": "2023-07-14T16:41:27.017721"}, "duration": 19, "sample_id": 27, "owner": null, "id": 45, "category": "file", "priority": 2, "guest": {"status": "stopped", "name": "cuckoo1", "label": "cuckoo1", "manager": "VirtualBox", "started_on": "2023-07-14 16:41:27", "shutdown_on": "2023-07-14 16:41:46"}, "clock": {"$dt": "2023-07-14T16:41:26.772263"}, "custom": null, "machine": null, "platform": "windows", "memory": false, "status": "completed", "tags": [], "processing": null, "enforce_timeout": false, "completed_on": {"$dt": "2023-07-14T16:41:46.142381"}, "target": "/tmp/cuckoo-tmp-root/tmps79Vae/5d40615701c48a122e44f831e7c8643d07765629a83b15d090587f469c77693d", "package": "exe", "route": "none", "timeout": 120, "submit_id": 47, "options": {"procmemdump": "yes", "route": "none"}, "added_on": {"$dt": "2023-07-14T16:41:26.772276"}}