{
    "info": {
        "added": 1689351661.97396, 
        "started": 1689351662.051034, 
        "duration": 97, 
        "ended": 1689351759.6235, 
        "owner": null, 
        "score": 0.4, 
        "id": 36, 
        "category": "file", 
        "git": {
            "head": "13cbe0d9e457be3673304533043e992ead1ea9b2", 
            "fetch_head": "13cbe0d9e457be3673304533043e992ead1ea9b2"
        }, 
        "monitor": "2deb9ccd75d5a7a3fe05b2625b03a8639d6ee36b", 
        "package": "exe", 
        "route": "none", 
        "custom": null, 
        "machine": {
            "status": "stopped", 
            "name": "cuckoo1", 
            "label": "cuckoo1", 
            "manager": "VirtualBox", 
            "started_on": "2023-07-14 16:21:02", 
            "shutdown_on": "2023-07-14 16:22:39"
        }, 
        "platform": "windows", 
        "version": "2.0.7", 
        "options": "procmemdump=yes,route=none"
    }, 
    "signatures": [
        {
            "families": [], 
            "description": "The binary likely contains encrypted or compressed data indicative of a packer", 
            "severity": 2, 
            "ttp": {
                "T1045": {
                    "short": "Software Packing", 
                    "long": "Software packing is a method of compressing or encrypting an executable. Packing an executable changes the file signature in an attempt to avoid signature-based detection. Most decompression techniques decompress the executable code in memory."
                }
            }, 
            "markcount": 3, 
            "references": [
                "http://www.forensickb.com/2013/03/file-entropy-explained.html", 
                "http://virii.es/U/Using%20Entropy%20Analysis%20to%20Find%20Encrypted%20and%20Packed%20Malware.pdf"
            ], 
            "marks": [
                {
                    "entropy": 7.090412959772185, 
                    "section": {
                        "size_of_data": "0x00092e00", 
                        "virtual_address": "0x00002000", 
                        "entropy": 7.090412959772185, 
                        "name": ".text", 
                        "virtual_size": "0x00092dd0"
                    }, 
                    "type": "generic", 
                    "description": "A section with a high entropy has been found"
                }, 
                {
                    "entropy": 7.554428088019519, 
                    "section": {
                        "size_of_data": "0x0001ce00", 
                        "virtual_address": "0x00096000", 
                        "entropy": 7.554428088019519, 
                        "name": ".rsrc", 
                        "virtual_size": "0x0001cd61"
                    }, 
                    "type": "generic", 
                    "description": "A section with a high entropy has been found"
                }, 
                {
                    "entropy": 0.9992892679459844, 
                    "type": "generic", 
                    "description": "Overall entropy of this PE file is high"
                }
            ], 
            "name": "packer_entropy"
        }
    ], 
    "target": {
        "category": "file", 
        "file": {
            "yara": [], 
            "sha1": "dd52fcc042a44a2af9e43c15a8e520b54128cdc8", 
            "name": "svchost.exe", 
            "type": "PE32 executable (GUI) Intel 80386 Mono/.Net assembly, for MS Windows", 
            "sha256": "e5c643f1d8ecc0fd739d0bbe4a1c6c7de2601d86ab0fff74fd89c40908654be5", 
            "urls": [], 
            "crc32": "5F34453A", 
            "path": "/root/.cuckoo/storage/binaries/e5c643f1d8ecc0fd739d0bbe4a1c6c7de2601d86ab0fff74fd89c40908654be5", 
            "ssdeep": null, 
            "size": 720896, 
            "sha512": "89d9e63d5f3b34be3d25317933031815a42c039fbee30ce8c86f8b1b7c6ca9ccfc8731da99b9246381a2c05a95ada423f4944ff72111eb0451a44e9dcb3e053e", 
            "md5": "d2ec63b63e88ece47fbaab1ca22da1ef"
        }
    }, 
    "network": {
        "tls": [], 
        "udp": [
            {
                "src": "192.168.56.101", 
                "dst": "192.168.56.255", 
                "offset": 1010, 
                "time": 6.050334930419922, 
                "dport": 137, 
                "sport": 137
            }, 
            {
                "src": "192.168.56.101", 
                "dst": "224.0.0.252", 
                "offset": 13866, 
                "time": 8.392931938171387, 
                "dport": 5355, 
                "sport": 50100
            }, 
            {
                "src": "192.168.56.101", 
                "dst": "224.0.0.252", 
                "offset": 14226, 
                "time": 17.267048835754395, 
                "dport": 5355, 
                "sport": 50322
            }, 
            {
                "src": "192.168.56.101", 
                "dst": "224.0.0.252", 
                "offset": 14554, 
                "time": 6.2679150104522705, 
                "dport": 5355, 
                "sport": 52573
            }, 
            {
                "src": "192.168.56.101", 
                "dst": "224.0.0.252", 
                "offset": 14882, 
                "time": 9.316614866256714, 
                "dport": 5355, 
                "sport": 54060
            }, 
            {
                "src": "192.168.56.101", 
                "dst": "224.0.0.252", 
                "offset": 15210, 
                "time": 19.875809907913208, 
                "dport": 5355, 
                "sport": 55998
            }, 
            {
                "src": "192.168.56.101", 
                "dst": "224.0.0.252", 
                "offset": 15538, 
                "time": 3.197007894515991, 
                "dport": 5355, 
                "sport": 57689
            }, 
            {
                "src": "192.168.56.101", 
                "dst": "224.0.0.252", 
                "offset": 15866, 
                "time": 11.845310926437378, 
                "dport": 5355, 
                "sport": 60020
            }, 
            {
                "src": "192.168.56.101", 
                "dst": "224.0.0.252", 
                "offset": 16226, 
                "time": 2.945422887802124, 
                "dport": 5355, 
                "sport": 60637
            }, 
            {
                "src": "192.168.56.101", 
                "dst": "224.0.0.252", 
                "offset": 16586, 
                "time": 14.626001834869385, 
                "dport": 5355, 
                "sport": 61672
            }, 
            {
                "src": "192.168.56.101", 
                "dst": "224.0.0.252", 
                "offset": 16914, 
                "time": 8.719766855239868, 
                "dport": 5355, 
                "sport": 62669
            }, 
            {
                "src": "192.168.56.101", 
                "dst": "224.0.0.252", 
                "offset": 17274, 
                "time": 3.9606308937072754, 
                "dport": 5355, 
                "sport": 63033
            }, 
            {
                "src": "192.168.56.101", 
                "dst": "224.0.0.252", 
                "offset": 17634, 
                "time": 6.361085891723633, 
                "dport": 5355, 
                "sport": 63210
            }, 
            {
                "src": "192.168.56.101", 
                "dst": "224.0.0.252", 
                "offset": 17994, 
                "time": 11.985559940338135, 
                "dport": 5355, 
                "sport": 63635
            }, 
            {
                "src": "192.168.56.101", 
                "dst": "224.0.0.252", 
                "offset": 18322, 
                "time": 6.002584934234619, 
                "dport": 5355, 
                "sport": 63880
            }, 
            {
                "src": "192.168.56.101", 
                "dst": "255.255.255.255", 
                "offset": 18682, 
                "time": 7.73923397064209, 
                "dport": 67, 
                "sport": 68
            }
        ], 
        "dns_servers": [], 
        "http": [], 
        "icmp": [], 
        "smtp": [], 
        "tcp": [], 
        "smtp_ex": [], 
        "mitm": [], 
        "hosts": [], 
        "pcap_sha256": "bbd0d01cf148225a2237f948bf3d5b1ff0997f768212d6b8f4a0cccd0fe62afb", 
        "dns": [], 
        "http_ex": [], 
        "domains": [], 
        "dead_hosts": [], 
        "sorted_pcap_sha256": "148d89ed3e4606a026bc4832bb852f7e180eaeb3864b6ceeb22c825a7b123942", 
        "irc": [], 
        "https_ex": []
    }, 
    "static": {
        "pdb_path": null, 
        "pe_imports": [
            {
                "imports": [
                    {
                        "name": "_CorExeMain", 
                        "address": "0x402000"
                    }
                ], 
                "dll": "mscoree.dll"
            }
        ], 
        "peid_signatures": null, 
        "keys": [], 
        "signature": [], 
        "pe_timestamp": "2017-06-27 12:13:34", 
        "pe_exports": [], 
        "imported_dll_count": 1, 
        "pe_imphash": "f34d5f2d4577ed6d9ceec516c1f5a744", 
        "pe_resources": [
            {
                "name": "RT_ICON", 
                "language": "LANG_NEUTRAL", 
                "filetype": "Device independent bitmap graphic, 16 x 32 x 32, image size 1088", 
                "sublanguage": "SUBLANG_NEUTRAL", 
                "offset": "0x000b230b", 
                "size": "0x00000468"
            }, 
            {
                "name": "RT_ICON", 
                "language": "LANG_NEUTRAL", 
                "filetype": "Device independent bitmap graphic, 16 x 32 x 32, image size 1088", 
                "sublanguage": "SUBLANG_NEUTRAL", 
                "offset": "0x000b230b", 
                "size": "0x00000468"
            }, 
            {
                "name": "RT_ICON", 
                "language": "LANG_NEUTRAL", 
                "filetype": "Device independent bitmap graphic, 16 x 32 x 32, image size 1088", 
                "sublanguage": "SUBLANG_NEUTRAL", 
                "offset": "0x000b230b", 
                "size": "0x00000468"
            }, 
            {
                "name": "RT_ICON", 
                "language": "LANG_NEUTRAL", 
                "filetype": "Device independent bitmap graphic, 16 x 32 x 32, image size 1088", 
                "sublanguage": "SUBLANG_NEUTRAL", 
                "offset": "0x000b230b", 
                "size": "0x00000468"
            }, 
            {
                "name": "RT_ICON", 
                "language": "LANG_NEUTRAL", 
                "filetype": "Device independent bitmap graphic, 16 x 32 x 32, image size 1088", 
                "sublanguage": "SUBLANG_NEUTRAL", 
                "offset": "0x000b230b", 
                "size": "0x00000468"
            }, 
            {
                "name": "RT_ICON", 
                "language": "LANG_NEUTRAL", 
                "filetype": "Device independent bitmap graphic, 16 x 32 x 32, image size 1088", 
                "sublanguage": "SUBLANG_NEUTRAL", 
                "offset": "0x000b230b", 
                "size": "0x00000468"
            }, 
            {
                "name": "RT_ICON", 
                "language": "LANG_NEUTRAL", 
                "filetype": "Device independent bitmap graphic, 16 x 32 x 32, image size 1088", 
                "sublanguage": "SUBLANG_NEUTRAL", 
                "offset": "0x000b230b", 
                "size": "0x00000468"
            }, 
            {
                "name": "RT_ICON", 
                "language": "LANG_NEUTRAL", 
                "filetype": "Device independent bitmap graphic, 16 x 32 x 32, image size 1088", 
                "sublanguage": "SUBLANG_NEUTRAL", 
                "offset": "0x000b230b", 
                "size": "0x00000468"
            }, 
            {
                "name": "RT_ICON", 
                "language": "LANG_NEUTRAL", 
                "filetype": "Device independent bitmap graphic, 16 x 32 x 32, image size 1088", 
                "sublanguage": "SUBLANG_NEUTRAL", 
                "offset": "0x000b230b", 
                "size": "0x00000468"
            }, 
            {
                "name": "RT_GROUP_ICON", 
                "language": "LANG_NEUTRAL", 
                "filetype": "data", 
                "sublanguage": "SUBLANG_NEUTRAL", 
                "offset": "0x000b27af", 
                "size": "0x00000084"
            }, 
            {
                "name": "RT_VERSION", 
                "language": "LANG_NEUTRAL", 
                "filetype": "data", 
                "sublanguage": "SUBLANG_NEUTRAL", 
                "offset": "0x000b286f", 
                "size": "0x000002cc"
            }, 
            {
                "name": "RT_MANIFEST", 
                "language": "LANG_NEUTRAL", 
                "filetype": "XML 1.0 document, Unicode text, UTF-8 (with BOM) text, with CRLF line terminators", 
                "sublanguage": "SUBLANG_NEUTRAL", 
                "offset": "0x000b2b77", 
                "size": "0x000001ea"
            }
        ], 
        "pe_versioninfo": [], 
        "pe_sections": [
            {
                "size_of_data": "0x00092e00", 
                "virtual_address": "0x00002000", 
                "entropy": 7.090412959772185, 
                "name": ".text", 
                "virtual_size": "0x00092dd0"
            }, 
            {
                "size_of_data": "0x0001ce00", 
                "virtual_address": "0x00096000", 
                "entropy": 7.554428088019519, 
                "name": ".rsrc", 
                "virtual_size": "0x0001cd61"
            }, 
            {
                "size_of_data": "0x00000200", 
                "virtual_address": "0x000b4000", 
                "entropy": 0.10191042566270775, 
                "name": ".reloc", 
                "virtual_size": "0x0000000c"
            }
        ]
    }, 
    "debug": {
        "action": [], 
        "dbgview": [], 
        "errors": [], 
        "log": [
            "2023-07-14 16:21:01,078 [analyzer] DEBUG: Starting analyzer from: C:\\tmpbhv_ec\n", 
            "2023-07-14 16:21:01,078 [analyzer] DEBUG: Pipe server name: \\??\\PIPE\\LRINtfRylijpUBHF\n", 
            "2023-07-14 16:21:01,078 [analyzer] DEBUG: Log pipe server name: \\??\\PIPE\\IqZeiJJqklknsnXwGqjlYimy\n", 
            "2023-07-14 16:21:01,217 [analyzer] DEBUG: Started auxiliary module DbgView\n", 
            "2023-07-14 16:21:01,608 [analyzer] DEBUG: Started auxiliary module Disguise\n"
        ], 
        "cuckoo": [
            "2023-07-14 16:21:02,078 [cuckoo.core.scheduler] INFO: Task #36: acquired machine cuckoo1 (label=cuckoo1)\n", 
            "2023-07-14 16:21:02,078 [cuckoo.core.resultserver] DEBUG: Now tracking machine 192.168.56.101 for task #36\n", 
            "2023-07-14 16:21:02,078 [cuckoo.core.plugins] DEBUG: Started auxiliary module: Replay\n", 
            "2023-07-14 16:21:02,085 [cuckoo.auxiliary.sniffer] INFO: Started sniffer with PID 20354 (interface=vboxnet0, host=192.168.56.101)\n", 
            "2023-07-14 16:21:02,085 [cuckoo.core.plugins] DEBUG: Started auxiliary module: Sniffer\n", 
            "2023-07-14 16:21:02,097 [cuckoo.machinery.virtualbox] DEBUG: Starting vm cuckoo1\n", 
            "2023-07-14 16:21:02,153 [cuckoo.machinery.virtualbox] DEBUG: Restoring virtual machine cuckoo1 to its current snapshot\n", 
            "2023-07-14 16:21:03,755 [cuckoo.core.guest] INFO: Starting analysis #36 on guest (id=cuckoo1, ip=192.168.56.101)\n", 
            "2023-07-14 16:21:04,757 [cuckoo.core.guest] DEBUG: cuckoo1: not ready yet\n", 
            "2023-07-14 16:21:05,760 [cuckoo.core.guest] DEBUG: cuckoo1: not ready yet\n", 
            "2023-07-14 16:21:06,764 [cuckoo.core.guest] DEBUG: cuckoo1: not ready yet\n", 
            "2023-07-14 16:21:06,834 [cuckoo.core.guest] DEBUG: cuckoo1: not ready yet\n", 
            "2023-07-14 16:21:07,847 [cuckoo.core.guest] INFO: Guest is running Cuckoo Agent 0.10 (id=cuckoo1, ip=192.168.56.101)\n", 
            "2023-07-14 16:21:07,863 [cuckoo.core.guest] DEBUG: Uploading analyzer to guest (id=cuckoo1, ip=192.168.56.101, monitor=latest, size=3884763)\n", 
            "2023-07-14 16:21:08,069 [cuckoo.core.resultserver] DEBUG: Task #36: live log analysis.log initialized.\n", 
            "2023-07-14 16:21:13,000 [cuckoo.core.guest] DEBUG: cuckoo1: analysis #36 still processing\n", 
            "2023-07-14 16:21:16,226 [cuckoo.core.resultserver] DEBUG: Task #36: File upload for 'shots/0001.jpg'\n", 
            "2023-07-14 16:21:16,232 [cuckoo.core.resultserver] DEBUG: Task #36 uploaded file length: 125010\n", 
            "2023-07-14 16:21:17,337 [cuckoo.core.resultserver] DEBUG: Task #36: File upload for 'shots/0002.jpg'\n", 
            "2023-07-14 16:21:17,342 [cuckoo.core.resultserver] DEBUG: Task #36 uploaded file length: 124373\n", 
            "2023-07-14 16:21:18,024 [cuckoo.core.guest] DEBUG: cuckoo1: analysis #36 still processing\n", 
            "2023-07-14 16:21:23,086 [cuckoo.core.guest] DEBUG: cuckoo1: analysis #36 still processing\n", 
            "2023-07-14 16:21:28,108 [cuckoo.core.guest] DEBUG: cuckoo1: analysis #36 still processing\n", 
            "2023-07-14 16:21:33,129 [cuckoo.core.guest] DEBUG: cuckoo1: analysis #36 still processing\n", 
            "2023-07-14 16:21:38,149 [cuckoo.core.guest] DEBUG: cuckoo1: analysis #36 still processing\n", 
            "2023-07-14 16:21:43,168 [cuckoo.core.guest] DEBUG: cuckoo1: analysis #36 still processing\n", 
            "2023-07-14 16:21:48,188 [cuckoo.core.guest] DEBUG: cuckoo1: analysis #36 still processing\n", 
            "2023-07-14 16:21:53,209 [cuckoo.core.guest] DEBUG: cuckoo1: analysis #36 still processing\n", 
            "2023-07-14 16:21:58,231 [cuckoo.core.guest] DEBUG: cuckoo1: analysis #36 still processing\n", 
            "2023-07-14 16:22:03,254 [cuckoo.core.guest] DEBUG: cuckoo1: analysis #36 still processing\n", 
            "2023-07-14 16:22:08,278 [cuckoo.core.guest] DEBUG: cuckoo1: analysis #36 still processing\n", 
            "2023-07-14 16:22:13,305 [cuckoo.core.guest] DEBUG: cuckoo1: analysis #36 still processing\n", 
            "2023-07-14 16:22:18,322 [cuckoo.core.guest] DEBUG: cuckoo1: analysis #36 still processing\n", 
            "2023-07-14 16:22:23,341 [cuckoo.core.guest] DEBUG: cuckoo1: analysis #36 still processing\n", 
            "2023-07-14 16:22:28,368 [cuckoo.core.guest] DEBUG: cuckoo1: analysis #36 still processing\n", 
            "2023-07-14 16:22:33,389 [cuckoo.core.guest] DEBUG: cuckoo1: analysis #36 still processing\n", 
            "2023-07-14 16:22:37,587 [cuckoo.core.resultserver] DEBUG: Task #36: File upload for 'shots/0003.jpg'\n", 
            "2023-07-14 16:22:37,604 [cuckoo.core.resultserver] DEBUG: Task #36 uploaded file length: 125825\n", 
            "2023-07-14 16:22:38,439 [cuckoo.core.guest] INFO: cuckoo1: analysis completed successfully\n", 
            "2023-07-14 16:22:38,443 [cuckoo.core.plugins] DEBUG: Stopped auxiliary module: Replay\n", 
            "2023-07-14 16:22:38,502 [cuckoo.core.plugins] DEBUG: Stopped auxiliary module: Sniffer\n", 
            "2023-07-14 16:22:38,502 [cuckoo.machinery.virtualbox] DEBUG: Stopping vm cuckoo1\n", 
            "2023-07-14 16:22:39,615 [cuckoo.core.resultserver] DEBUG: Stopped tracking machine 192.168.56.101 for task #36\n", 
            "2023-07-14 16:22:39,615 [cuckoo.co"
        ]
    }, 
    "screenshots": [
        {
            "path": "/root/.cuckoo/storage/analyses/36/shots/0001.jpg", 
            "ocr": ""
        }, 
        {
            "path": "/root/.cuckoo/storage/analyses/36/shots/0002.jpg", 
            "ocr": ""
        }, 
        {
            "path": "/root/.cuckoo/storage/analyses/36/shots/0003.jpg", 
            "ocr": ""
        }
    ], 
    "strings": [
        "!This program cannot be run in DOS mode.", 
        "`.rsrc", 
        "@.reloc", 
        "+;+@+A,,", 
        " UUUU%,=_", 
        "d UUUU_`8y", 
        " 3333_", 
        "%,!b8p", 
        "d 3333_`+k+l ", 
        "+T+U+V+W&", 
        "+&+'}T", 
        "+#+$}V", 
        "+ +!(T", 
        "+8+9}X", 
        "+2+3}V", 
        "+,+-}Y", 
        ",#+\"+#", 
        "+# PK00.", 
        "+;+<+A~R", 
        "--+D+E}", 
        ",3+;+<+=", 
        "+\u001f+7+8", 
        "+R\u001f\\+Q", 
        "\u001f\u001f_b2#", 
        "-2+c~'", 
        "+ +!+&", 
        "+K+L~&", 
        "+L+M+R+W~Z", 
        "+n+v8w", 
        "+A+B,0+A+B+C+D+E+J", 
        "+&+'+,", 
        "+6+7}X", 
        "+*++}V", 
        "+'+(}]", 
        "+R+W(f", 
        "+H+I+N", 
        "+G+H+M~t", 
        "+I+J+K", 
        "+B+C+D+I", 
        "+%+*++", 
        "3$+M+N", 
        "+\u001f+ +!*", 
        "+\u001f+ +!{", 
        ",J\u001f\u001f_b`", 
        "Y\u001f\u001f_b`", 
        "+\\+`8e", 
        "+7+8{f", 
        "+3*+7{", 
        "+&+'{h", 
        "+\u001f+$+%+*", 
        "+R+Z8_", 
        "+M+R+W", 
        "+<+A+B+C+D", 
        "-,+#+N+O", 
        "+C+D{e", 
        "+?+D+-+C{", 
        "+^+_}8", 
        "+&+'+(+-+.+/+0,", 
        "+A+B,0+A+B+C+D+E+J", 
        "jZXi},", 
        "+\"+#+$+%{", 
        "%-\"+d8e", 
        ".++]+a{", 
        "+`+a+b+j8k", 
        "%,s%,p1g8", 
        ",E&+E+J+K", 
        ",O&+O~", 
        "+AX+A+B+C", 
        "+e+j{s", 
        "+6+7}X", 
        "+*++}V", 
        "+'+(}]", 
        "+.+3+4", 
        "+++,~G", 
        "+6+72!+6+7", 
        "*+**+**", 
        "j%+?}6", 
        "+_+`+d}{", 
        "+G+L{{", 
        "+X+]z~n", 
        "+Q+Vz+Z", 
        "+!*+%{", 
        "+ +%+&+'", 
        "+Y+Z+[3", 
        "+A+B,9+A+B+G+H{", 
        "+ +%+&+'", 
        ",\"+3X+3", 
        "+/+0+1", 
        "-++@+A}u", 
        "+7+8}v", 
        "+i+j*+q+u*8y", 
        "X\u001f\u001f],.", 
        "%-7+6~*", 
        "+/+0{8", 
        "+\"+#+$+%", 
        "+%+&+'", 
        "+T+Y+Z", 
        "\u001f\\\u001f/(A", 
        "+&_+&3", 
        "+%+&_+&", 
        ",Q+V{w", 
        "+/+4{s", 
        "+'+(+-s'", 
        "+\u001fz+#+$}", 
        "+B+G+H", 
        "+F.3~\\", 
        "+F+G+H+I*~", 
        "+\"z+&+'}", 
        "z+ +!}", 
        "+8+9,0+8+9+>+?{", 
        "Y\u001f\u001f_b`}4", 
        "+5+6*+:{", 
        ",ai1$~*", 
        "+-+.}X", 
        "+*++}V", 
        "+'+(}^", 
        "c\u001f\u001f_X<", 
        "c\u001f\u001f_X0", 
        "+6+7}X", 
        "+*++}V", 
        "+'+(}]", 
        "\u001f\u001fd`}}", 
        "+\"z+&+'}", 
        "+\u001f+ +!{", 
        "-1a+^+_+`{D", 
        "+\"z+&+'+(+-+.+3o8", 
        ",=-98j", 
        "+V+W&\u001f", 
        "+?+@+AQ+E", 
        "+B+DP+D+EQ+I", 
        "+0+1+2", 
        "_`+-+.", 
        "+\"+'+(+)}V", 
        "+%+&}Y", 
        "+\"+#}Z", 
        "-1+B+C+D", 
        "[+:+;+<", 
        "+3+4,++3+4+9+:+?+@", 
        "\u001f _,4~8", 
        "\u001f\u001f_b`}", 
        "*\u001f\u001f_c ", 
        "+\"z+&+'+(+-+.+3o8", 
        ", +/,#+.+/+4", 
        "-8&+8+9", 
        "+7+8+9+:X+:+", 
        "+6+7+8+9(", 
        "+*+++0+1", 
        "+(+)+.(w", 
        "+ +!a ", 
        "-T+]+^+_+g8h", 
        "+\u001f\u001f\u001f_d}", 
        "+-+.+/{", 
        "+%+*+/", 
        "+%+*++", 
        "+E+F}<", 
        "+,+1z+5+6+7}9", 
        "+2+(+1", 
        "+'+(+)", 
        "+\u001f+ +%", 
        "+A+Fz+J~", 
        "+9+:+;", 
        "+\u001f+ +%+*", 
        "+/+0+1+6+7}", 
        "X+8+:+;", 
        "+D+E+F", 
        "_h`h}0", 
        "Y\u001f\u001f_dh}0", 
        "_h`h}0", 
        "+K+L,@+K-", 
        "+J+K+P+Q{", 
        "+(+-+2", 
        "+2+3+8", 
        "+7+8+9", 
        "+@+E+F{", 
        "+ +%+&+'", 
        "+A+B,9", 
        "-(+;+<+A~", 
        "+=+>+C", 
        "+\u001f+$}s", 
        "+.+3+4+5+6+;+<-", 
        "&+ +0+1+6", 
        "+0+5+6+7{", 
        "+2+3+4", 
        "-/+<+={", 
        "+ +%+&+'", 
        "+-+=+>", 
        "+*+#+)+*++X++{\"", 
        "+'+(+)X", 
        "+#z+'+(+-+.+/", 
        "+\"z+&+'}", 
        ", +!+&", 
        "z+\"+#+$+)*sI", 
        ",2&+2,#+1+2+3+4+9+>", 
        ", +/,#+.+/+4", 
        "-8&+8+9", 
        "+8+9}X", 
        "+2+3}V", 
        "+,+-}Y", 
        "%->%-(", 
        "+\u001f+$+)+*++~*", 
        "+&+++0+5", 
        "+\u001f+ +!+&oC", 
        "X\u001f\u001f_b})", 
        "Y\u001f\u001f_bX", 
        "Y\u001f\u001f_cX", 
        "Y\u001f\u001f_bY", 
        "Y\u001f\u001f_bX", 
        "Y\u001f\u001f_bX", 
        "+Q+Vz~", 
        "+%+&++", 
        "+!+\"+#+(", 
        "+\u001f+$z+(+){", 
        "Y+.+/+4+5{", 
        "+\u001f+ +!*sK", 
        "+#+$+%{X", 
        "+ +!+&+'", 
        "-0+D+E+F+K", 
        "+D+E+F~", 
        "+\u001f+ +!{", 
        ",&+){8", 
        "\u001f\u001f_b`}", 
        "+Q+R+S+X+Y+", 
        "+H+I+5~", 
        "+B+C+H+", 
        "+++,{v", 
        "_\u001f\u001f_d}", 
        "+3+8z+<{", 
        ",%+-+.~", 
        "+%+*+++0+5", 
        "+M+Rz~", 
        "+C+D+I", 
        "-h+g8h", 
        "+&+'+,+-", 
        "-k+j8k", 
        "+\u001f+5+6", 
        "+7+8,/+7+8+=+>{", 
        "1=+I{4", 
        "+.+3+4", 
        "+++,~G", 
        "Z+#+$+%+&", 
        "+&+'}T", 
        "+#+$}V", 
        "+V+[+`{", 
        "-'+*+W{l", 
        "+e+j+r{", 
        "+ +!+\"*", 
        "+T+Y+^{", 
        "-5\u001fD%,..", 
        "+*+++0+1{", 
        "-1\u001fD%,-.", 
        "+T+Y+^{", 
        "+!+\"+#+$", 
        "%-Z/$~)", 
        "1>+P+Q~G", 
        "+\u001f+ +!+&", 
        "+ jX}0", 
        "+ +!+\"+#", 
        "+!jX}/", 
        "+B+C{j", 
        "+$+)z+-", 
        "lZ[YZ*", 
        "+=+Bz+F+G}", 
        "-M+L+M}", 
        "-:+<,#+;~", 
        "+-+2+7+<", 
        "+H+M+R~\u001f", 
        ",J&&~ ", 
        "+N+Sz~", 
        "-A+C,&+B~", 
        "+,+4+5+:", 
        ",\u001f+9+:}", 
        "+#+$+)z", 
        ",'+&+'}", 
        "z+\"+#}", 
        "+\"z+&+'}", 
        "-.&+.+/+0t", 
        "-.&+.+/+0t", 
        "-.&+.+/+0t", 
        "-.&+.+/+0t", 
        "-.&+.+/+0t", 
        "-.&+.+/+0t", 
        "-.&+.+/+0t", 
        "-.&+.+/+0t", 
        "-.&+.+/+0t", 
        "-.&+.+/+0t", 
        "-|i13~\\", 
        "-F+H{w", 
        ",:+B,6+", 
        "+#+$+%", 
        "+#+$+%", 
        "+\u001f+ +!", 
        "-H+H{B", 
        "-*+;{A", 
        "+.+/{A", 
        "jX*+E{A", 
        "+P+Uz+Y{A", 
        "3!+M{A", 
        "+?+@+A}@", 
        "+ z+ {", 
        "+Rz+R{", 
        ",F+H{\"", 
        "%-8*+f{H", 
        "-%+*{G", 
        "+&+'+(+)~G", 
        "+ +!+&{I", 
        "+=+>+C", 
        "+9+:+?", 
        "+\\+]}r", 
        "+`+d+h+l+p}y", 
        "+/+0+5+6", 
        "+5+6+;+<+A+B", 
        "+`+d+h+l+p}}", 
        "+4+5+:([", 
        "+5+6+7~E", 
        "+7+8+=+>X}z", 
        "+1+2+7(b", 
        "+4+5+:([", 
        "+\u001f+ ~E", 
        "+ +!+&+'X}z", 
        "+\u001f+ ~E", 
        "+ +!+&+'X}z", 
        "+G+H+M+N", 
        "+L+M+RX~", 
        "+C+D+I+J&+N", 
        "+>+?+D+E", 
        "+ +%+*+/", 
        "+s+w8|", 
        "+Y+Z+b+f8k", 
        "+O+P+U+V", 
        "+^+_,7", 
        "+Y+Z+b+f8k", 
        "+O+P+U+V", 
        "+^+_,7", 
        "+++,+1+2", 
        "+4+9+:", 
        "+-+.+3+4", 
        "+-+.+3+4", 
        "+A+B+G+H+M+N", 
        "+L+M,+", 
        "+++,+1~", 
        "+,+1+2+7", 
        "+5+:+?+D+I", 
        "-(+Grl", 
        "+9+>+?", 
        "+I+N8S", 
        "+*+U+Y", 
        "+\\+`+do", 
        "+!+&+++", 
        ",$&+$,", 
        "+A+B+G+H+M+N", 
        "+L+M,+", 
        "v2.0.50727", 
        "#Strings", 
        "@4@:@@@F@R@g@l@t@y@~@", 
        "A5AFAZAeAkAqAvA", 
        "C$C0COC\\CbCkC}C", 
        "D%D0D<DNDTDpD", 
        "E#E8ECE_EsE", 
        "F$F7FLFQF_FfFoF", 
        "G\u001fG3G@GMGpGxG", 
        "HSH]HsH", 
        "J1J?JJJQJ^JdJ", 
        "K)K>KFKVK|K", 
        "L$L1L9LALELfLpL", 
        "M2M;MAMzM", 
        "N!N/NBNcN|N", 
        "N'O-O3O<ODOIOPOUOZO", 
        "R R'R;RIR[RfRpRwR", 
        "T*T5TGTMTSTeT", 
        ">(>L>Y>`>g>n>{>", 
        "D4DXDaD", 
        "karo.exe", 
        "<Module>", 
        "mscorlib", 
        "Object", 
        "System", 
        "IEnumerable`1", 
        "System.Collections.Generic", 
        "IEnumerable", 
        "System.Collections", 
        "IEnumerator`1", 
        "IDisposable", 
        "IEnumerator", 
        "System.Windows.Forms", 
        "Settings", 
        "karo.Properties", 
        "ApplicationSettingsBase", 
        "System.Configuration", 
        "ValueType", 
        "ITextStream", 
        "IWshRuntimeLibrary", 
        "IWshShell", 
        "IWshCollection", 
        "IWshEnvironment", 
        "IWshShell2", 
        "IWshShell3", 
        "IWshExec", 
        "WshExecStatus", 
        "__MIDL___MIDL_itf_iwshom_0001_0017_0001", 
        "IWshShortcut", 
        "IWshNetwork", 
        "IWshNetwork2", 
        "IWshURLShortcut", 
        "CompareMethod", 
        "IOMode", 
        "Tristate", 
        "FileAttribute", 
        "__MIDL___MIDL_itf_iwshom_0000_0000_0001", 
        "IFileSystem", 
        "IDriveCollection", 
        "IDrive", 
        "DriveTypeConst", 
        "__MIDL___MIDL_itf_iwshom_0000_0000_0002", 
        "IFolder", 
        "IFolderCollection", 
        "IFileCollection", 
        "SpecialFolderConst", 
        "__MIDL___MIDL_itf_iwshom_0000_0000_0003", 
        "IFileSystem3", 
        "StandardStreamTypes", 
        "__MIDL___MIDL_itf_iwshom_0000_0000_0004", 
        "FileSystemObjectClass", 
        "FileSystemObject", 
        "DriveClass", 
        "DrivesClass", 
        "Drives", 
        "FolderClass", 
        "Folder", 
        "FoldersClass", 
        "Folders", 
        "FileClass", 
        "FilesClass", 
        "TextStreamClass", 
        "TextStream", 
        "WshWindowStyle", 
        "__MIDL___MIDL_itf_iwshom_0001_0008_0001", 
        "WshShellClass", 
        "WshShell", 
        "IWshShell_ClassClass", 
        "IWshShell_Class", 
        "WshShortcutClass", 
        "WshShortcut", 
        "IWshShortcut_ClassClass", 
        "IWshShortcut_Class", 
        "WshNetworkClass", 
        "WshNetwork", 
        "IWshNetwork_ClassClass", 
        "IWshNetwork_Class", 
        "WshCollectionClass", 
        "WshCollection", 
        "IWshCollection_ClassClass", 
        "IWshCollection_Class", 
        "WshEnvironmentClass", 
        "WshEnvironment", 
        "IWshEnvironment_ClassClass", 
        "IWshEnvironment_Class", 
        "WshURLShortcutClass", 
        "WshURLShortcut", 
        "IWshURLShortcut_ClassClass", 
        "IWshURLShortcut_Class", 
        "WshExecClass", 
        "WshExec", 
        "Stream", 
        "System.IO", 
        "RwMode", 
        "ZipSegmentedStream", 
        "Ionic.Zip", 
        "LogicalConjunction", 
        "WhichTime", 
        "ComparisonOperator", 
        "ZipException", 
        "Exception", 
        "BadPasswordException", 
        "BadReadException", 
        "BadCrcException", 
        "SfxGenerationException", 
        "BadStateException", 
        "MulticastDelegate", 
        "EventArgs", 
        "CompressionMethod", 
        "SelfExtractorFlavor", 
        "IAsyncResult", 
        "Socket", 
        "System.Net.Sockets", 
        "Attribute", 
        "GetString", 
        "SmartAssembly.Delegates", 
        "MemberRefsProxy", 
        "SmartAssembly.HouseOfCards", 
        "Strings", 
        "MemoryManager", 
        "SmartAssembly.MemoryManagement", 
        "MemoryStream", 
        "IWebProxy", 
        "System.Net", 
        "PoweredByAttribute", 
        "SmartAssembly.Attributes", 
        "System.Core", 
        "HashSet`1", 
        "Queue`1", 
        "Process", 
        "System.Diagnostics", 
        "IContainer", 
        "System.ComponentModel", 
        "<>9__19_0", 
        "Func`2", 
        "System.Management", 
        "ManagementObject", 
        "<>9__24_0", 
        "DriveInfo", 
        "<>9__24_1", 
        "FileIOPermission", 
        "System.Security.Permissions", 
        "value__", 
        "WshRunning", 
        "WshFinished", 
        "WshFailed", 
        "BinaryCompare", 
        "TextCompare", 
        "DatabaseCompare", 
        "ForReading", 
        "ForWriting", 
        "ForAppending", 
        "TristateTrue", 
        "TristateFalse", 
        "TristateUseDefault", 
        "TristateMixed", 
        "Normal", 
        "ReadOnly", 
        "Hidden", 
        "Volume", 
        "Directory", 
        "Archive", 
        "Compressed", 
        "UnknownType", 
        "Removable", 
        "Remote", 
        "RamDisk", 
        "WindowsFolder", 
        "SystemFolder", 
        "TemporaryFolder", 
        "StdOut", 
        "StdErr", 
        "WshHide", 
        "WshNormalFocus", 
        "WshMinimizedFocus", 
        "WshMaximizedFocus", 
        "WshNormalNoFocus", 
        "WshMinimizedNoFocus", 
        "Dictionary`2", 
        "Encoding", 
        "System.Text", 
        "GreaterThan", 
        "GreaterThanOrEqualTo", 
        "LesserThan", 
        "LesserThanOrEqualTo", 
        "EqualTo", 
        "NotEqualTo", 
        "DateTime", 
        "System.Text.RegularExpressions", 
        "FileAttributes", 
        "HMACSHA1", 
        "System.Security.Cryptography", 
        "RijndaelManaged", 
        "ICryptoTransform", 
        "Nullable`1", 
        "Deflate", 
        "TextWriter", 
        "List`1", 
        "EventHandler`1", 
        "StringComparison", 
        "ValueCollection", 
        "Enumerator", 
        "ConsoleApplication", 
        "WinFormsApplication", 
        "Version", 
        "IsVolatile", 
        "System.Runtime.CompilerServices", 
        "AutoResetEvent", 
        "System.Threading", 
        "ManualResetEvent", 
        "IPEndPoint", 
        "AsyncCallback", 
        "IPAddress", 
        "ArrayList", 
        "StringDictionary", 
        "System.Collections.Specialized", 
        "Assembly", 
        "System.Reflection", 
        "ModuleHandle", 
        "ICredentials", 
        "set_Opacity", 
        "Control", 
        "set_Visible", 
        "set_ShowInTaskbar", 
        "ProcessStartInfo", 
        "set_UseShellExecute", 
        "set_CreateNoWindow", 
        "set_RedirectStandardOutput", 
        "Thread", 
        "set_IsBackground", 
        "Dispose", 
        "HttpWebRequest", 
        "set_KeepAlive", 
        "ResumeLayout", 
        "CompilerParameters", 
        "System.CodeDom.Compiler", 
        "set_GenerateInMemory", 
        "set_GenerateExecutable", 
        "set_IncludeDebugInformation", 
        "ManagementObjectSearcher", 
        "ManagementObjectCollection", 
        "GetEnumerator", 
        "ManagementObjectEnumerator", 
        "get_Current", 
        "ManagementBaseObject", 
        "get_Item", 
        "ResourceManager", 
        "System.Resources", 
        "GetObject", 
        "GetPropertyValue", 
        "ToString", 
        "String", 
        "ToLower", 
        "ToUpperInvariant", 
        "get_Name", 
        "TextReader", 
        "ReadToEnd", 
        "FileSystemInfo", 
        "get_Extension", 
        "DescriptionAttribute", 
        "get_Description", 
        "ToUpper", 
        "Capture", 
        "get_Value", 
        "get_Message", 
        "AssemblyName", 
        "get_ProcessName", 
        "get_Location", 
        "get_CompilerOptions", 
        "ReadLine", 
        "StringEnumerator", 
        "CompilerError", 
        "get_ErrorNumber", 
        "get_ErrorText", 
        "op_Equality", 
        "op_Inequality", 
        "Contains", 
        "EndsWith", 
        "IsMatch", 
        "Equals", 
        "StartsWith", 
        "ContainsKey", 
        "MoveNext", 
        "get_IsReady", 
        "get_HasExited", 
        "get_CanSeek", 
        "get_CanRead", 
        "get_Success", 
        "get_IsCompleted", 
        "WaitHandle", 
        "WaitOne", 
        "get_CanWrite", 
        "EventWaitHandle", 
        "SecurityPermission", 
        "IsUnrestricted", 
        "get_IsWarning", 
        "SuspendLayout", 
        "CodeAccessPermission", 
        "System.Security", 
        "Demand", 
        "Finalize", 
        "set_FileName", 
        "set_Arguments", 
        "set_WorkingDirectory", 
        "WebRequest", 
        "set_Method", 
        "AsymmetricAlgorithm", 
        "FromXmlString", 
        "set_Name", 
        "set_Text", 
        "WriteLine", 
        "set_CompilerOptions", 
        "set_OutputAssembly", 
        "Application", 
        "EnableVisualStyles", 
        "Console", 
        "ResetColor", 
        "Environment", 
        "Marshal", 
        "System.Runtime.InteropServices", 
        "ThrowExceptionForHR", 
        "GetFolderPath", 
        "SpecialFolder", 
        "Concat", 
        "Combine", 
        "GetEnvironmentVariable", 
        "GetPathRoot", 
        "GetExtension", 
        "GetFileName", 
        "GetDirectoryName", 
        "GetFileNameWithoutExtension", 
        "GetFullPath", 
        "Escape", 
        "Intern", 
        "Convert", 
        "ToInt32", 
        "GetDrives", 
        "Exists", 
        "IsNullOrEmpty", 
        "get_UTF8", 
        "get_ASCII", 
        "get_Default", 
        "ReadAllBytes", 
        "FromBase64String", 
        "GetBytes", 
        "SHA256", 
        "Create", 
        "HashAlgorithm", 
        "ComputeHash", 
        "WriteAllBytes", 
        "SetAttributes", 
        "Delete", 
        "get_ExecutablePath", 
        "get_NewLine", 
        "GetRandomFileName", 
        "AppendAllText", 
        "WriteAllText", 
        "CreateDirectory", 
        "DirectoryInfo", 
        "GetFiles", 
        "GetDirectories", 
        "GetProcesses", 
        "WebClient", 
        "set_Proxy", 
        "Replace", 
        "DownloadFile", 
        "FileInfo", 
        "get_Length", 
        "get_Position", 
        "set_StartInfo", 
        "Connect", 
        "EndPoint", 
        "Shutdown", 
        "SocketShutdown", 
        "set_Priority", 
        "ThreadPriority", 
        "GetExecutingAssembly", 
        "GetManifestResourceStream", 
        "get_Id", 
        "get_Index", 
        "ReadByte", 
        "get_CodePage", 
        "SymmetricAlgorithm", 
        "get_KeySize", 
        "get_BlockSize", 
        "GetHashCode", 
        "CollectionBase", 
        "get_Count", 
        "get_Line", 
        "get_Column", 
        "get_Port", 
        "GetProcessById", 
        "Interlocked", 
        "Increment", 
        "FileStream", 
        "FileMode", 
        "BinaryReader", 
        "ReadBytes", 
        "DeriveBytes", 
        "BinaryWriter", 
        "Random", 
        "NextBytes", 
        "set_Key", 
        "set_IV", 
        "RandomNumberGenerator", 
        "SetCompatibleTextRenderingDefault", 
        "SettingsBase", 
        "Synchronized", 
        "Format", 
        "get_Now", 
        "get_UtcNow", 
        "SpecifyKind", 
        "DateTimeKind", 
        "SeekOrigin", 
        "SetLength", 
        "set_Position", 
        "BitConverter", 
        "Buffer", 
        "BlockCopy", 
        "IndexOf", 
        "LastIndexOf", 
        "get_RootDirectory", 
        "Substring", 
        "GetType", 
        "GetField", 
        "FieldInfo", 
        "GetTypeFromHandle", 
        "RuntimeTypeHandle", 
        "MemberInfo", 
        "GetCustomAttributes", 
        "FileAccess", 
        "FileShare", 
        "Monitor", 
        "SuppressFinalize", 
        "set_Timeout", 
        "Listen", 
        "set_KeySize", 
        "set_BlockSize", 
        "GetResponse", 
        "WebResponse", 
        "GetResponseStream", 
        "System.Drawing", 
        "FromStream", 
        "ImageFormat", 
        "System.Drawing.Imaging", 
        "get_Jpeg", 
        "OpenWrite", 
        "OpenRead", 
        "StringCollection", 
        "get_Groups", 
        "GroupCollection", 
        "get_ProcessorCount", 
        "IntPtr", 
        "get_Size", 
        "GetHRForLastWin32Error", 
        "get_AddressFamily", 
        "AddressFamily", 
        "BeginAccept", 
        "TryEnter", 
        "ToUInt16", 
        "ToUInt32", 
        "SetCreationTimeUtc", 
        "SetLastAccessTimeUtc", 
        "SetLastWriteTimeUtc", 
        "SetLastWriteTime", 
        "GetEncoding", 
        "get_Chars", 
        "op_GreaterThanOrEqual", 
        "op_GreaterThan", 
        "op_LessThanOrEqual", 
        "op_LessThan", 
        "RSACryptoServiceProvider", 
        "Encrypt", 
        "TransformFinalBlock", 
        "GetName", 
        "NewGuid", 
        "RuntimeHelpers", 
        "InitializeArray", 
        "RuntimeFieldHandle", 
        "StringBuilder", 
        "Append", 
        "op_Subtraction", 
        "TimeSpan", 
        "GetAttributes", 
        "get_Properties", 
        "PropertyDataCollection", 
        "PropertyData", 
        "ToBase64String", 
        "ToInt64", 
        "GetValues", 
        "ContainerControl", 
        "set_AutoScaleDimensions", 
        "set_AutoScaleMode", 
        "AutoScaleMode", 
        "set_ClientSize", 
        "set_Icon", 
        "add_Load", 
        "EventHandler", 
        "TextInfo", 
        "System.Globalization", 
        "ToTitleCase", 
        "FromFileTimeUtc", 
        "WriteByte", 
        "ToCharArray", 
        "LastIndexOfAny", 
        "get_Hash", 
        "ToArray", 
        "get_Keys", 
        "ICollection", 
        "CultureInfo", 
        "get_CurrentCulture", 
        "get_TextInfo", 
        "TransformBlock", 
        "IPGlobalProperties", 
        "System.Net.NetworkInformation", 
        "GetIPGlobalProperties", 
        "GetActiveTcpListeners", 
        "set_Mode", 
        "CipherMode", 
        "CreateEncryptor", 
        "BeginResolve", 
        "GetHRForException", 
        "StringComparer", 
        "get_OrdinalIgnoreCase", 
        "get_Ordinal", 
        "BeginReceive", 
        "SocketFlags", 
        "BeginSend", 
        "GetLastWriteTime", 
        "GetCreationTime", 
        "GetLastAccessTime", 
        "op_Addition", 
        "get_ProtocolType", 
        "ProtocolType", 
        "ToInt16", 
        "get_DriveType", 
        "DriveType", 
        "ParseExact", 
        "IFormatProvider", 
        "get_CurrentThread", 
        "set_ForegroundColor", 
        "ConsoleColor", 
        "get_Version", 
        "get_Assembly", 
        "get_ReferencedAssemblies", 
        "get_EmbeddedResources", 
        "CompilerResults", 
        "get_Output", 
        "CodeDomProvider", 
        "CompileAssemblyFromSource", 
        "get_Errors", 
        "CompilerErrorCollection", 
        "ThreadPool", 
        "QueueUserWorkItem", 
        "WaitCallback", 
        "GetLowerBound", 
        "GetLength", 
        "Compare", 
        "EndResolve", 
        "IPHostEntry", 
        "get_AddressList", 
        "BeginConnect", 
        "EndConnect", 
        "Invoke", 
        "EndSend", 
        "EndReceive", 
        "get_RemoteEndPoint", 
        "get_Address", 
        "Remove", 
        "Resolve", 
        "SetSocketOption", 
        "SocketOptionLevel", 
        "SocketOptionName", 
        "EndAccept", 
        ".cctor", 
        "ICollection`1", 
        "SystemParametersInfo", 
        "user32.dll", 
        "VirtualProtect", 
        "kernel32", 
        "MoveFileEx", 
        "CallWindowProcW", 
        "user32", 
        "ResolveEventArgs", 
        "RNGCryptoServiceProvider", 
        "GetModuleHandle", 
        "kernel32.dll", 
        "ReadOnlyCollection`1", 
        "System.Collections.ObjectModel", 
        "get_AtEndOfStream", 
        "get_AtEndOfLine", 
        "Characters", 
        "ReadAll", 
        "WriteBlankLines", 
        "SkipLine", 
        "get_SpecialFolders", 
        "get_Environment", 
        "Command", 
        "WindowStyle", 
        "WaitOnReturn", 
        "SecondsToWait", 
        "CreateShortcut", 
        "PathLink", 
        "ExpandEnvironmentStrings", 
        "RegRead", 
        "RegWrite", 
        "RegDelete", 
        "get_length", 
        "set_Item", 
        "out_Value", 
        "LogEvent", 
        "Message", 
        "Target", 
        "AppActivate", 
        "SendKeys", 
        "get_CurrentDirectory", 
        "set_CurrentDirectory", 
        "out_Directory", 
        "get_Status", 
        "get_StdIn", 
        "get_StdOut", 
        "get_StdErr", 
        "get_ProcessID", 
        "get_ExitCode", 
        "Terminate", 
        "get_FullName", 
        "get_Arguments", 
        "out_Arguments", 
        "set_Description", 
        "out_Description", 
        "get_Hotkey", 
        "set_Hotkey", 
        "out_HotKey", 
        "get_IconLocation", 
        "set_IconLocation", 
        "out_IconPath", 
        "set_RelativePath", 
        "get_TargetPath", 
        "set_TargetPath", 
        "out_Path", 
        "get_WindowStyle", 
        "set_WindowStyle", 
        "out_ShowCmd", 
        "get_WorkingDirectory", 
        "out_WorkingDirectory", 
        "get_UserDomain", 
        "get_UserName", 
        "get_UserProfile", 
        "get_ComputerName", 
        "get_Organization", 
        "get_Site", 
        "MapNetworkDrive", 
        "LocalName", 
        "RemoteName", 
        "UpdateProfile", 
        "UserName", 
        "Password", 
        "RemoveNetworkDrive", 
        "EnumNetworkDrives", 
        "AddPrinterConnection", 
        "RemovePrinterConnection", 
        "EnumPrinterConnections", 
        "SetDefaultPrinter", 
        "AddWindowsPrinterConnection", 
        "PrinterName", 
        "DriverName", 
        "get_Drives", 
        "BuildPath", 
        "GetDriveName", 
        "GetParentFolderName", 
        "GetBaseName", 
        "GetExtensionName", 
        "GetAbsolutePathName", 
        "GetTempName", 
        "DriveExists", 
        "DriveSpec", 
        "FileExists", 
        "FileSpec", 
        "FolderExists", 
        "FolderSpec", 
        "GetDrive", 
        "GetFile", 
        "FilePath", 
        "GetFolder", 
        "FolderPath", 
        "GetSpecialFolder", 
        "DeleteFile", 
        "DeleteFolder", 
        "MoveFile", 
        "Source", 
        "Destination", 
        "MoveFolder", 
        "CopyFile", 
        "OverWriteFiles", 
        "CopyFolder", 
        "CreateFolder", 
        "CreateTextFile", 
        "FileName", 
        "Overwrite", 
        "Unicode", 
        "OpenTextFile", 
        "get_Path", 
        "get_DriveLetter", 
        "get_ShareName", 
        "get_RootFolder", 
        "get_AvailableSpace", 
        "get_FreeSpace", 
        "get_TotalSize", 
        "get_VolumeName", 
        "set_VolumeName", 
        "pbstrName", 
        "get_FileSystem", 
        "get_SerialNumber", 
        "get_ShortPath", 
        "get_ShortName", 
        "get_Drive", 
        "get_ParentFolder", 
        "get_Attributes", 
        "set_Attributes", 
        "get_DateCreated", 
        "get_DateLastModified", 
        "get_DateLastAccessed", 
        "get_Type", 
        "get_IsRootFolder", 
        "get_SubFolders", 
        "get_Files", 
        "OpenAsTextStream", 
        "GetStandardStream", 
        "StandardStreamType", 
        "GetFileVersion", 
        "SerializationInfo", 
        "System.Runtime.Serialization", 
        "StreamingContext", 
        "BeginInvoke", 
        "EndInvoke", 
        "SocketType", 
        "assemblyFullName", 
        "object", 
        "method", 
        "callback", 
        "result", 
        "CreateMemberRefsDelegates", 
        "typeID", 
        "CreateGetStringDelegate", 
        "ownerType", 
        "SetProcessWorkingSetSize", 
        "config", 
        "allowBypass", 
        "SaveProgress", 
        "ReadProgress", 
        "ExtractProgress", 
        "AddProgress", 
        "ZipError", 
        "Default", 
        "Column", 
        "AtEndOfStream", 
        "AtEndOfLine", 
        "SpecialFolders", 
        "length", 
        "CurrentDirectory", 
        "Status", 
        "ProcessID", 
        "ExitCode", 
        "FullName", 
        "Arguments", 
        "Description", 
        "Hotkey", 
        "IconLocation", 
        "RelativePath", 
        "TargetPath", 
        "WorkingDirectory", 
        "UserDomain", 
        "UserProfile", 
        "ComputerName", 
        "Organization", 
        "DriveLetter", 
        "ShareName", 
        "RootFolder", 
        "AvailableSpace", 
        "FreeSpace", 
        "TotalSize", 
        "VolumeName", 
        "FileSystem", 
        "SerialNumber", 
        "IsReady", 
        "ShortPath", 
        "ShortName", 
        "ParentFolder", 
        "Attributes", 
        "DateCreated", 
        "DateLastModified", 
        "DateLastAccessed", 
        "IsRootFolder", 
        "SubFolders", 
        "AttributesIndicateDirectory", 
        "LastModified", 
        "BufferSize", 
        "ModifiedTime", 
        "AccessedTime", 
        "CreationTime", 
        "EmitTimesInWindowsFormatWhenSaving", 
        "EmitTimesInUnixFormatWhenSaving", 
        "Timestamp", 
        "LocalFileName", 
        "InputStream", 
        "InputStreamWasJitProvided", 
        "VersionNeeded", 
        "Comment", 
        "RequiresZip64", 
        "OutputUsedZip64", 
        "BitField", 
        "CompressionLevel", 
        "CompressedSize", 
        "UncompressedSize", 
        "CompressionRatio", 
        "IsDirectory", 
        "UsesEncryption", 
        "Encryption", 
        "IsChanged", 
        "ExtractExistingFile", 
        "ZipErrorAction", 
        "IncludedInMostRecentSave", 
        "SetCompression", 
        "UseUnicodeAsNecessary", 
        "ProvisionalAlternateEncoding", 
        "AlternateEncoding", 
        "AlternateEncodingUsage", 
        "IsText", 
        "ArchiveStream", 
        "FileDataPosition", 
        "LengthOfHeader", 
        "UnsupportedAlgorithm", 
        "UnsupportedCompressionMethod", 
        "FullScan", 
        "SortEntriesBeforeSaving", 
        "AddDirectoryWillTraverseReparsePoints", 
        "CodecBufferSize", 
        "FlattenFoldersOnExtract", 
        "Strategy", 
        "Verbose", 
        "CaseSensitiveRetrieval", 
        "UseZip64WhenSaving", 
        "InputUsesZip64", 
        "DefaultEncoding", 
        "StatusMessageTextWriter", 
        "TempFileFolder", 
        "MaxOutputSegmentSize", 
        "NumberOfSegmentsForMostRecentSave", 
        "ParallelDeflateThreshold", 
        "ParallelDeflateMaxBufferPairs", 
        "LibraryVersion", 
        "ZipEntriesAsList", 
        "EntryFileNames", 
        "Entries", 
        "EntriesSorted", 
        "ReadStream", 
        "WriteStream", 
        "ArchiveNameForEvent", 
        "LengthOfReadStream", 
        "Adler32", 
        "TotalBytesRead", 
        "Crc32Result", 
        "IsWebApplication", 
        "get_CompletedSynchronously", 
        "get_AsyncState", 
        "get_AsyncWaitHandle", 
        "get_Credentials", 
        "set_Credentials", 
        "GetProxy", 
        "IsBypassed", 
        "CompilationRelaxationsAttribute", 
        "RuntimeCompatibilityAttribute", 
        "DebuggableAttribute", 
        "DebuggingModes", 
        "AssemblyTitleAttribute", 
        "AssemblyDescriptionAttribute", 
        "AssemblyConfigurationAttribute", 
        "AssemblyCompanyAttribute", 
        "AssemblyProductAttribute", 
        "AssemblyCopyrightAttribute", 
        "AssemblyTrademarkAttribute", 
        "ComVisibleAttribute", 
        "GuidAttribute", 
        "AssemblyFileVersionAttribute", 
        "NeutralResourcesLanguageAttribute", 
        "CLSCompliantAttribute", 
        "SuppressIldasmAttribute", 
        "CompilerGeneratedAttribute", 
        "GeneratedCodeAttribute", 
        "TypeLibTypeAttribute", 
        "DefaultMemberAttribute", 
        "CoClassAttribute", 
        "ClassInterfaceAttribute", 
        "ClassInterfaceType", 
        "FlagsAttribute", 
        "AttributeUsageAttribute", 
        "AttributeTargets", 
        "STAThreadAttribute", 
        "DispIdAttribute", 
        "ComAliasNameAttribute", 
        "TypeLibFuncAttribute", 
        "{98542371-8c60-497f-90d1-06e7bb84eeb8}", 
        "{8175e2c1-d077-43b3-8e9b-6232d4603826}", 
        "get_MachineName", 
        "GetTempPath", 
        "Enumerable", 
        "System.Linq", 
        "Loopback", 
        "ThreadStart", 
        "StreamReader", 
        "Dequeue", 
        "get_ManagedThreadId", 
        "FileIOPermissionAccess", 
        "SelectMany", 
        "NotSupportedException", 
        "FileNotFoundException", 
        "ArgumentOutOfRangeException", 
        "UInt32", 
        "InvalidOperationException", 
        "ObjectDisposedException", 
        "ArgumentNullException", 
        "Rfc2898DeriveBytes", 
        "IOException", 
        "ArgumentException", 
        "HttpWebResponse", 
        "OverflowException", 
        "Enqueue", 
        "SocketException", 
        "GetPublicKey", 
        "UnauthorizedAccessException", 
        "Select", 
        "FirstOrDefault", 
        "get_HasValue", 
        "get_TotalSeconds", 
        "AddSeconds", 
        "ComponentResourceManager", 
        "ToFileTime", 
        "CryptoStream", 
        "CryptoStreamMode", 
        "FormatException", 
        "GetCallingAssembly", 
        "StackFrame", 
        "GetMethod", 
        "MethodBase", 
        "get_DeclaringType", 
        "ResolveEventHandler", 
        "AppDomain", 
        "get_CurrentDomain", 
        "add_AssemblyResolve", 
        "LoadFile", 
        "FileLoadException", 
        "BadImageFormatException", 
        "CreateDecryptor", 
        "IEqualityComparer`1", 
        "IDictionary`2", 
        "get_Kind", 
        "ToUniversalTime", 
        "get_OSVersion", 
        "OperatingSystem", 
        "get_Platform", 
        "PlatformID", 
        "DESCryptoServiceProvider", 
        "ProtocolViolationException", 
        "ToLocalTime", 
        "get_Day", 
        "get_Month", 
        "get_Year", 
        "get_Second", 
        "get_Minute", 
        "get_Hour", 
        "StreamWriter", 
        "PathTooLongException", 
        "IsDaylightSavingTime", 
        "SecurityPermissionFlag", 
        "Boolean", 
        "AddRange", 
        "AsReadOnly", 
        "get_Values", 
        "NotImplementedException", 
        "RegexOptions", 
        "Stack`1", 
        "TryGetValue", 
        "set_Padding", 
        "PaddingMode", 
        "UInt16", 
        "KeyCollection", 
        "Comparison`1", 
        "CompareExchange", 
        "Delegate", 
        "Double", 
        "CSharpCodeProvider", 
        "Microsoft.CSharp", 
        "IndexOutOfRangeException", 
        "GetCurrentProcess", 
        "get_MainModule", 
        "ProcessModule", 
        "get_ModuleName", 
        "ResolveTypeHandle", 
        "ResolveMethodHandle", 
        "RuntimeMethodHandle", 
        "GetMethodFromHandle", 
        "MethodInfo", 
        "get_IsStatic", 
        "get_FieldType", 
        "CreateDelegate", 
        "GetParameters", 
        "ParameterInfo", 
        "get_ParameterType", 
        "get_ReturnType", 
        "DynamicMethod", 
        "System.Reflection.Emit", 
        "GetILGenerator", 
        "ILGenerator", 
        "OpCodes", 
        "Ldarg_0", 
        "OpCode", 
        "Ldarg_1", 
        "Ldarg_2", 
        "Ldarg_3", 
        "Ldarg_S", 
        "Tailcall", 
        "Callvirt", 
        "SetValue", 
        "GetFields", 
        "BindingFlags", 
        "GetModules", 
        "Module", 
        "get_ModuleHandle", 
        "get_Module", 
        "GetMethods", 
        "Ldc_I4", 
        "get_MetadataToken", 
        "get_Handle", 
        "get_Ticks", 
        "add_Idle", 
        "add_ResourceResolve", 
        "GetManifestResourceNames", 
        "StackTrace", 
        "GetFrames", 
        "System.Runtime.InteropServices.CustomMarshalers.EnumeratorToEnumVariantMarshaler, CustomMarshalers, Version=2.0.0.0, Culture=neutral, PublicKeyToken=b03f5f7f11d50a3a", 
        "WrapNonExceptionThrows", 
        "$2f84182c-db91-4187-a381-821cb5112a09", 
        "1.0.0.0", 
        "\"Powered by SmartAssembly 6.8.0.121", 
        "KMicrosoft.VisualStudio.Editors.SettingsDesigner.SettingsSingleFileGenerator", 
        "14.0.0.0", 
        "$53BAD8C1-E718-11CF-893D-00A0C9054228", 
        "$F935DC21-1CF0-11D0-ADB9-00C04FD58A0B", 
        "$F935DC27-1CF0-11D0-ADB9-00C04FD58A0B", 
        "$F935DC29-1CF0-11D0-ADB9-00C04FD58A0B", 
        "$24BE5A30-EDFE-11D2-B933-00104B365C9F", 
        "$41904400-BE18-11D3-A28B-00104BD35090", 
        "$08FED190-BE19-11D3-A28B-00104BD35090", 
        "FullName", 
        "$F935DC23-1CF0-11D0-ADB9-00C04FD58A0B", 
        "$F935DC25-1CF0-11D0-ADB9-00C04FD58A0B", 
        "$24BE5A31-EDFE-11D2-B933-00104B365C9F", 
        "$F935DC2B-1CF0-11D0-ADB9-00C04FD58A0B", 
        "$0AB5A3D0-E5B6-11D0-ABF5-00A0C90FFFC0", 
        "$C7C3F5A1-88A3-11D0-ABCB-00A0C90FFFC0", 
        "$C7C3F5A0-88A3-11D0-ABCB-00A0C90FFFC0", 
        "$C7C3F5A2-88A3-11D0-ABCB-00A0C90FFFC0", 
        "$C7C3F5A3-88A3-11D0-ABCB-00A0C90FFFC0", 
        "$C7C3F5A5-88A3-11D0-ABCB-00A0C90FFFC0", 
        "$C7C3F5A4-88A3-11D0-ABCB-00A0C90FFFC0", 
        "$2A0B9D10-4B87-11D3-A97A-00104B365C9F", 
        "(IWshRuntimeLibrary.FileSystemObjectClass", 
        "$0D43FE01-F093-11CF-8940-00A0C9054228", 
        "IWshRuntimeLibrary.DriveClass", 
        "$C7C3F5B1-88A3-11D0-ABCB-00A0C90FFFC0", 
        "IWshRuntimeLibrary.DrivesClass", 
        "$C7C3F5B2-88A3-11D0-ABCB-00A0C90FFFC0", 
        "IWshRuntimeLibrary.FolderClass", 
        "$C7C3F5B3-88A3-11D0-ABCB-00A0C90FFFC0", 
        "\u001fIWshRuntimeLibrary.FoldersClass", 
        "$C7C3F5B4-88A3-11D0-ABCB-00A0C90FFFC0", 
        "IWshRuntimeLibrary.FileClass", 
        "$C7C3F5B5-88A3-11D0-ABCB-00A0C90FFFC0", 
        "IWshRuntimeLibrary.FilesClass", 
        "$C7C3F5B6-88A3-11D0-ABCB-00A0C90FFFC0", 
        "\"IWshRuntimeLibrary.TextStreamClass", 
        "$0BB02EC0-EF49-11CF-8940-00A0C9054228", 
        "$F935DC1F-1CF0-11D0-ADB9-00C04FD58A0B", 
        " IWshRuntimeLibrary.WshShellClass", 
        "$72C24DD5-D70A-438B-8A42-98424B88AFB8", 
        "'IWshRuntimeLibrary.IWshShell_ClassClass", 
        "$F935DC22-1CF0-11D0-ADB9-00C04FD58A0B", 
        "#IWshRuntimeLibrary.WshShortcutClass", 
        "$A548B8E4-51D5-4661-8824-DAA1D893DFB2", 
        "*IWshRuntimeLibrary.IWshShortcut_ClassClass", 
        "$F935DC24-1CF0-11D0-ADB9-00C04FD58A0B", 
        "\"IWshRuntimeLibrary.WshNetworkClass", 
        "$093FF999-1EA0-4079-9525-9614C3504B74", 
        ")IWshRuntimeLibrary.IWshNetwork_ClassClass", 
        "$F935DC26-1CF0-11D0-ADB9-00C04FD58A0B", 
        "%IWshRuntimeLibrary.WshCollectionClass", 
        "$387DAFF4-DA03-44D2-B0D1-80C927C905AC", 
        ",IWshRuntimeLibrary.IWshCollection_ClassClass", 
        "$F935DC28-1CF0-11D0-ADB9-00C04FD58A0B", 
        "&IWshRuntimeLibrary.WshEnvironmentClass", 
        "$F48229AF-E28C-42B5-BB92-E114E62BDD54", 
        "-IWshRuntimeLibrary.IWshEnvironment_ClassClass", 
        "$F935DC2A-1CF0-11D0-ADB9-00C04FD58A0B", 
        "&IWshRuntimeLibrary.WshURLShortcutClass", 
        "$50E13488-6F1E-4450-96B0-873755403955", 
        "-IWshRuntimeLibrary.IWshURLShortcut_ClassClass", 
        "$F935DC2C-1CF0-11D0-ADB9-00C04FD58A0B", 
        "\u001fIWshRuntimeLibrary.WshExecClass", 
        "$08FED191-BE19-11D3-A28B-00104BD35090", 
        "$ebc25cf6-9120-4283-b972-0e5520d00006", 
        "$ebc25cf6-9120-4283-b972-0e5520d0000B", 
        "$ebc25cf6-9120-4283-b972-0e5520d0000A", 
        "$ebc25cf6-9120-4283-b972-0e5520d00009", 
        "$ebc25cf6-9120-4283-b972-0e5520d00008", 
        "$ebc25cf6-9120-4283-b972-0e5520d00007", 
        "$ebc25cf6-9120-4283-b972-0e5520d00004", 
        "$ebc25cf6-9120-4283-b972-0e5520d00005", 
        "$ebc25cf6-9120-4283-b972-0e5520d0000E", 
        "$ebc25cf6-9120-4283-b972-0e5520d0000D", 
        "$ebc25cf6-9120-4283-b972-0e5520d0000C", 
        " IWshRuntimeLibrary.WshExecStatus", 
        "%IWshRuntimeLibrary.SpecialFolderConst", 
        "!IWshRuntimeLibrary.DriveTypeConst", 
        " IWshRuntimeLibrary.FileAttribute", 
        "&IWshRuntimeLibrary.StandardStreamTypes", 
        "VjEvKj", 
        "&477}4", 
        "/%!78 1;D", 
        "i\\*31t/1", 
        "%1!,w3", 
        "\u001f:ZZg$+*", 
        "RCR6/p", 
        "hZky^7", 
        "ZFMsZe", 
        "&S\"g_2", 
        "9C;BpA/", 
        "F\u001fN<tF", 
        "YQcbgj", 
        "1[5;q;", 
        "X~DLGi", 
        "dJ5+MD", 
        "`T*e)~d", 
        "=Xjhkm", 
        "QR6nG#v", 
        "w)-9`H6U", 
        "ap^P-\"\\+=", 
        "[n\"k ?", 
        "K-@VqU", 
        "`6{:1-", 
        "ka<ecE8", 
        "YSH'GB?", 
        "i}3[~yk", 
        "h[~g08", 
        "OyPX^8", 
        "-%])78z", 
        "L\"aaau", 
        "q5I[92", 
        "_<B5zZ8", 
        "WJ/xsF", 
        "6\u001f7tj-", 
        "D`f1=2I", 
        "w2)N*i", 
        "t32\\=$", 
        "cU/5Yt", 
        "oV?+EW:", 
        "6Kb\u001fx~t", 
        "x>N6<u ", 
        "y]>.}e", 
        "<\"!_Jn", 
        "g~m^ts", 
        "q5~>i'\u001fC", 
        "rz-<oh", 
        "; QRt}", 
        "_dkqx/", 
        "la c2T\\B>", 
        "&kRsSD_SJspQ", 
        "!aQ4?$R", 
        "k67 Vk", 
        "z!!fwf", 
        "96rvcv", 
        "0/?lZ>", 
        "T}0Qkj", 
        "myBGtq", 
        "|iSWj0f", 
        ":I_,pb", 
        ">UeP6M", 
        ":4t'4x", 
        "@Y<p!zf&", 
        "M4;R}L", 
        "p>wDL4Q2}", 
        ":%k-|2", 
        "3Hq6ML", 
        "+DJZ3d", 
        ",q \"-r|", 
        "$`\\FrM", 
        "/grH/ym", 
        "N9EHYt4", 
        "}C%#0xc", 
        "6LV>.%", 
        "\"%;5g\"", 
        "C+#>@HO", 
        "B=X.)Pg", 
        "9\u001fM'}He", 
        "0uGN>Pp", 
        "\\>CR4.B", 
        "s#,v<-", 
        "BW,\\Hb", 
        "~9;s-[", 
        ",g|9nAWM#", 
        "Z\"t;<|", 
        "']9IT0E{", 
        "3Y6^Gm", 
        "fni[lDN", 
        "YkV>&uU", 
        "dZC$x5-", 
        "7x=qmjt\"2JU", 
        "\u001fxj+^d", 
        "}  {,1}", 
        "G9tXjE", 
        "|s*%%4", 
        "\u001fqcn@YB", 
        "FB`GrH", 
        "+W#^pE", 
        "B*YQI7", 
        ".[s2LJ", 
        "kd{,k0)", 
        "8%^$hL", 
        "/O-fk)?2", 
        "~6>n_L", 
        "h\u001fqhPI", 
        "rIMfXbM?", 
        "95W0<1", 
        "tSI~uP5", 
        "1er9$\u001f", 
        "q|c7XL", 
        "0{zwug", 
        "T&G^zk", 
        "AsFS(n", 
        "n9)Qk8:", 
        "HC*6oc", 
        ".w1--%", 
        "SGzih&", 
        "a-4PS>", 
        "acA(ibq'", 
        "|IRY~a", 
        "q`jDDq", 
        "8}5(CQ-0", 
        "m3/-D'2", 
        "4bDA} ", 
        "amc1Qf", 
        ":87f^a", 
        "Vp4G{x\u001f", 
        "5Qk80G)", 
        "r@Uvcw", 
        "c'B+ G", 
        "L*.3jP", 
        "~ik y8\\%", 
        "^q7LX`2^", 
        "+owbY<F", 
        "Z+Qu8Z7", 
        "8|h>pNc", 
        "\u001f&C{?1HM4q.}", 
        "mB>Hx4", 
        "hRZBhT", 
        "C'\"Zu~", 
        "|jR}ny]", 
        "]PJ+.i", 
        "Li>&$\\", 
        "kNhu8JD", 
        "9L'Z9EGa", 
        "C.>rku", 
        "TP73!k", 
        "%qOBXS", 
        "cun-w ", 
        "\">olqV", 
        "[ga6TZ", 
        "}#7/&t", 
        "q1Q|b?\\", 
        "\"u+2t2Q", 
        "Tg(~hq", 
        "KX5OX]", 
        "Q^F9Av", 
        "+~Uu6E", 
        "O`om~X", 
        "'gNc:V", 
        "HSL$ Bh9_|", 
        "\u001fZDy;S,", 
        "k_h$Mj?", 
        ",>\\`lwg", 
        "PG0nc9!", 
        "#0w?t3", 
        "|Fmz#]3", 
        "=.YoJ1%\u001f", 
        "mxc2h;", 
        "{`Rzy/F", 
        ")w3k.1", 
        "7&.vs$", 
        "2(+3wG]", 
        ",<#P8u", 
        "+!Z8Cf", 
        "FJ#9k7", 
        "d[bC?gaH", 
        " i+1d4", 
        "\u001fI2b=2Hnq_", 
        "W\\[5r[", 
        "~ewy?(0F", 
        "Rz,fH8n", 
        ";UFf&H", 
        "Q,LG4;", 
        "rw&@w-", 
        "v]1zG$X", 
        "n<}buPsc", 
        "u_u!mVVsI", 
        "|[HIb6", 
        "A=r/|R", 
        "\\FMN~4", 
        "N3t\\BT", 
        "[I\"'d]", 
        "%#^<_^", 
        "WfT|yj", 
        "Viu$LV", 
        "0l/!{[z", 
        "!F;\\oz", 
        "rw}x>w", 
        "ZXv:uXk", 
        ")WF*gt", 
        "hLDRD\"Y", 
        "B#g/$7", 
        "(Y46+b", 
        "';d:_K", 
        "0JAZ==", 
        "/MG/zB", 
        "@HI'8@E", 
        "\\Kt+V-a", 
        "z'pfPjh", 
        ")^b0^^", 
        "?h/[\\rfj", 
        "o%d`^hM", 
        "W9;-qz", 
        "SF,c<i", 
        "'BEUJm", 
        "|1ipUOXM", 
        "7aHpfS", 
        "~\"#3yE]", 
        "}F+T:l", 
        "=b^9o=", 
        ")y!da9", 
        "x,t_P\\'", 
        "LU(SS/", 
        "MOn4g\u001f", 
        "Swh*JQB", 
        "uj2o6J", 
        "/8Lbr$", 
        "h\u001f1{{h", 
        "?n4]f=", 
        "@ZZdR&", 
        "ysg;@-", 
        "7'`9%%", 
        ")d,y(B", 
        "7'i\"C&|", 
        ">>xb:I", 
        "_?QzLJ", 
        "UV*>hC", 
        "24'nOf>", 
        "oX5n3^", 
        "\\w!}&39", 
        "zzv(bz", 
        "]Q/l-W", 
        "\u001fp/>]!Y", 
        "P_'Dc%?\\", 
        "6*ivTO", 
        "\u001fkbJ%/#B", 
        ";\\S](.", 
        "O^gBp8", 
        "9RVe}*", 
        "Ij\u001fWYtp", 
        "NqAC?H", 
        "%'NbPM", 
        "ia5xzd", 
        ">BQ+\\D", 
        "9\"mLbD", 
        "o)4m/:&1]", 
        "7\\ *?x", 
        "7&*6Bq}", 
        "r)X3b\u001f&", 
        "vA-.7IJ", 
        "EI50bCL0", 
        "_BeFP)", 
        "3GN)sN:", 
        "AcRrp.", 
        "3&@swj", 
        "a 23P-)", 
        "FDxi`S-", 
        "d;*p|R", 
        "/Q}N~5", 
        "h?nzSp!", 
        "uu&'5\u001fs", 
        ",jo`a_gzG9P", 
        "\\V~s4NS", 
        "{h>t;{", 
        "s4ixz+i\"74", 
        "TTM9j<", 
        "TS'4bQ", 
        "R/UY'bT(", 
        "o{w);oR", 
        "4\u001fi4yM}0~z<", 
        "0/v}Qd2", 
        "SBnlc}", 
        "P#*zp$~", 
        ":;=zK~", 
        "xp)[c\u001fQf", 
        "m\")Zo:", 
        "nr3LlH", 
        "3G4H\" ", 
        "v&KeZ%", 
        "pG&piqd", 
        ".\".QX&", 
        "U*s~9v", 
        "`WoHPU", 
        "(TDfj}^9", 
        "xkO[{.", 
        "\u001fvZles=", 
        "32'ga#", 
        "9(W{RlH", 
        "D+3$kr", 
        ",`hyf6", 
        "B;^S;q", 
        "e6ZGvI", 
        "X\"<nXC", 
        "6ME;=&", 
        ",QFvm5", 
        "c741=5n", 
        "d#xqoL5", 
        "unjf7J", 
        "?XhiHc", 
        "JJDkR!U+[", 
        "40=hu<", 
        "K\"}\\gi", 
        "#gCE*W", 
        "P&OIL/", 
        "=xP]#YI", 
        "a\u001f\\d~]", 
        "s.C^Ls", 
        "p7(+.,X", 
        "VtjKY:", 
        "ba$EvMA|2", 
        "')v#5Sy", 
        ".lZFJ;(", 
        "3%Q\"CBi", 
        "]qv>5t", 
        "kgi1?a6eF", 
        "~g}c8;", 
        "u\".}~ki|", 
        "!3?-V/R", 
        "wz_<.T", 
        "(lUWv8", 
        ".a=U;S", 
        "3Si\u001fVR", 
        "oxEqdoE", 
        "+\\|gLz", 
        "k^H4g\"", 
        "\u001f%Alg*", 
        "q&Mhgw", 
        "43Yr5p", 
        "(}M$6-", 
        "<|U|-'", 
        "5bR>YK", 
        "]M%B19", 
        "$E)m-x,", 
        ">~O~cG", 
        "YMv]eA", 
        "v@2!fGGE5%$[", 
        "8pJZ63", 
        "J|X;mS", 
        "B~Z`G7D", 
        "CJ`6)I", 
        "~Pf)bA", 
        "/Dzd6Y", 
        "8\\u)^E", 
        "pWs9lq$", 
        ";:E;@N", 
        "XrUSg=pF", 
        "*G:-%YMY", 
        "<i[9R6", 
        "2Eqd}1", 
        "wz/zN?", 
        "L)0&Yc", 
        "U|W<Z9)d-", 
        "3Xhk)^", 
        "#18p}I", 
        "wdY&@u", 
        "Ds>ey'", 
        "2aIZgg", 
        "0%]*^_", 
        "m9rWK:", 
        "e[G|%%K", 
        "\">PL~:", 
        "U9Q.;>", 
        "~y|BI'mON", 
        ",hT&oK", 
        "p{6~q7", 
        "({!jf3", 
        "Fn*,HY", 
        "1X8}A[", 
        "/2x0Z#", 
        "$F=\"T)", 
        "C>J6\u001fLKcg_", 
        "Hq\\6Dx", 
        "C_,\\bi", 
        "A^dYR.", 
        "N#y]-:`", 
        "g+L@k^", 
        "4.Fo=!i", 
        "I}.J,\\", 
        "8`4E}{<", 
        "qVe|rZ", 
        "Yo`9a*", 
        "6AB]Qc", 
        "-ptnGpY;_", 
        "UDb^|5D", 
        "CJ_\"0\"", 
        "B5)OU*", 
        "wPp6!Rl4", 
        "'Ia#w\u001f", 
        "X3=6Ru", 
        "KMYz9+W", 
        "&/eaeMO", 
        "MH0fNW", 
        "VlGUG8", 
        "CvrTst", 
        "rYuoAw", 
        "J>cZG/", 
        "J{F5oov", 
        "Y:IAM%}7", 
        "B;apGl3*'c", 
        "YGg,,El", 
        "( hJ6U}x,D", 
        "Y(K>L\"", 
        "1Td<:1)3", 
        "]H#-`A", 
        "y<\"*XNK", 
        "_CorExeMain", 
        "mscoree.dll", 
        "555555555", 
        "*;>>>@@@@@@??@", 
        "LBBAAKJAAAUAA", 
        "EEEEEE", 
        "PX_^^^", 
        "\u001f&'''&0*", 
        "mmmnpnm", 
        "009jsss", 
        "ggggggg", 
        "qwwswwwt", 
        ",33356Wwwww", 
        "xg||||||", 
        "x~wwwwww", 
        "73366Du|~|~~", 
        "~ww|~~~~", 
        "733666n~~", 
        "*33366k~~", 
        "0923366W~", 
        "53>5Wv", 
        "|||w||gg", 
        "qnid4.+++    ", 
        "&&&&&&&&", 
        "&&M22M222", 
        "TNNMNNOON", 
        "P``WPd``", 
        "F?&&$Vv|", 
        "?\"@@&$2b}}z", 
        "?$BG21No", 
        "&&&G22Ok", 
        "&&2I2O", 
        "++,2,5N`lpqqqqqrqrrr", 
        "uusmTPLK", 
        "7999:::", 
        "{@F~@@F", 
        "\u001f)(,}DDU", 
        " w,22Okd", 
        "6Nqqqp", 
        "126\\rrrrrrrrr", 
        "2:amkkkkkkkk", 
        "YY\\\\\\`bbiiiib", 
        "pA:964-", 
        "&***Cf", 
        "N303Hj", 
        "\" .25POTl", 
        "$1=<>;Uk", 
        "9@Q@BWn", 
        "M',CEREEYn", 
        "7HHSGGZo", 
        "'(CHHHHH^o", 
        "sHKKLV\\^bbbem", 
        "IDATx^", 
        "w\"]w]r", 
        "p^bW]q", 
        "bcblrN", 
        "m*R\\Pde%", 
        "9V]UmsgW[", 
        "`1iX<l", 
        "4X}c#3", 
        "176YmC", 
        "Eg&[dj", 
        "8D`!D$", 
        "X|\\2JM", 
        "ai+s,k-T", 
        "Z'X.HT", 
        "( 1Q(v", 
        "KWA[V3", 
        ">0p]z0", 
        "'KP|%d-", 
        "cJ(\\By", 
        "f ]lU6", 
        "3Y6P2,", 
        "bt  Kk1", 
        "}ZJ?MK", 
        "JIQ\\Y3z", 
        "r~Jp\u001f-X ", 
        "s8j6v3;", 
        ":*0ED3", 
        "fP4tRY", 
        "\\Zlqw&", 
        "\\G$`A3", 
        ":DSL4F", 
        " E4a'x", 
        "F]1Q)?c", 
        "V^@t-)", 
        "Pht'c'", 
        "JvPBl'", 
        "ij).aF", 
        "ht9m63", 
        "LD<t}w", 
        "+qYz5t0", 
        "Yg&E9 ", 
        "E6cEPl$", 
        "B!5(R#", 
        "sq\"R.<", 
        "R@TcD7", 
        "pa)!A*", 
        "^TQJu`B", 
        "'}  k@K", 
        "qz1 PF", 
        "1-\u001fBs0", 
        "J^|03rh", 
        "K@EE+9", 
        "_EE]ua", 
        "`!Zq85", 
        "9D8(S>", 
        "U-Byzg", 
        ",AI]=kx\"", 
        "[_Nl}9#,", 
        "?BNI7.d", 
        ".;2-v]", 
        "NHcgfZ", 
        "P0dN=!", 
        "E91>}we,z`", 
        "{F5O45", 
        "t}MSyyM", 
        ")/fU$n", 
        "2v@ wN]", 
        "&lB8lB", 
        "&A+N.&", 
        "%@]{5@\"n", 
        "VrTn, @", 
        "Fg6'#@", 
        "W3QTbf", 
        "\\g4Yrs", 
        "|p_taWd", 
        "cz7\"b_g0", 
        "rAx}{O", 
        "xk5Se1", 
        ".(bcVJ", 
        "2=(^\\`0r", 
        "[iNips", 
        "C0/F.dN", 
        "q,9G?Z", 
        "UW]e*V\""
    ], 
    "metadata": {
        "output": {
            "pcap": {
                "basename": "dump.pcap", 
                "sha256": "bbd0d01cf148225a2237f948bf3d5b1ff0997f768212d6b8f4a0cccd0fe62afb", 
                "dirname": ""
            }
        }
    }
}