{
    "info": {
        "added": 1689350843.684581, 
        "started": 1689350844.488287, 
        "duration": 87, 
        "ended": 1689350931.949661, 
        "owner": null, 
        "score": 0.6, 
        "id": 30, 
        "category": "file", 
        "git": {
            "head": "13cbe0d9e457be3673304533043e992ead1ea9b2", 
            "fetch_head": "13cbe0d9e457be3673304533043e992ead1ea9b2"
        }, 
        "monitor": "2deb9ccd75d5a7a3fe05b2625b03a8639d6ee36b", 
        "package": "exe", 
        "route": "none", 
        "custom": null, 
        "machine": {
            "status": "stopped", 
            "name": "cuckoo1", 
            "label": "cuckoo1", 
            "manager": "VirtualBox", 
            "started_on": "2023-07-14 16:07:24", 
            "shutdown_on": "2023-07-14 16:08:51"
        }, 
        "platform": "windows", 
        "version": "2.0.7", 
        "options": "procmemdump=yes,route=none"
    }, 
    "signatures": [
        {
            "families": [], 
            "description": "The executable contains unknown PE section names indicative of a packer (could be a false positive)", 
            "severity": 1, 
            "ttp": {
                "T1045": {
                    "short": "Software Packing", 
                    "long": "Software packing is a method of compressing or encrypting an executable. Packing an executable changes the file signature in an attempt to avoid signature-based detection. Most decompression techniques decompress the executable code in memory."
                }
            }, 
            "markcount": 2, 
            "references": [], 
            "marks": [
                {
                    "category": "section", 
                    "ioc": "\\x01\\x1e!mmUPp", 
                    "type": "ioc", 
                    "description": null
                }, 
                {
                    "category": "section", 
                    "ioc": "", 
                    "type": "ioc", 
                    "description": null
                }
            ], 
            "name": "pe_features"
        }, 
        {
            "families": [], 
            "description": "The binary likely contains encrypted or compressed data indicative of a packer", 
            "severity": 2, 
            "ttp": {
                "T1045": {
                    "short": "Software Packing", 
                    "long": "Software packing is a method of compressing or encrypting an executable. Packing an executable changes the file signature in an attempt to avoid signature-based detection. Most decompression techniques decompress the executable code in memory."
                }
            }, 
            "markcount": 2, 
            "references": [
                "http://www.forensickb.com/2013/03/file-entropy-explained.html", 
                "http://virii.es/U/Using%20Entropy%20Analysis%20to%20Find%20Encrypted%20and%20Packed%20Malware.pdf"
            ], 
            "marks": [
                {
                    "entropy": 7.9991208318285265, 
                    "section": {
                        "size_of_data": "0x00034400", 
                        "virtual_address": "0x00002000", 
                        "entropy": 7.9991208318285265, 
                        "name": "\\x01\\x1e!mmUPp", 
                        "virtual_size": "0x00034260"
                    }, 
                    "type": "generic", 
                    "description": "A section with a high entropy has been found"
                }, 
                {
                    "entropy": 0.7398230088495575, 
                    "type": "generic", 
                    "description": "Overall entropy of this PE file is high"
                }
            ], 
            "name": "packer_entropy"
        }
    ], 
    "target": {
        "category": "file", 
        "file": {
            "yara": [], 
            "sha1": "27d99fbca067f478bb91cdbcb92f13a828b00859", 
            "name": "jigsaw", 
            "type": "PE32 executable (GUI) Intel 80386 Mono/.Net assembly, for MS Windows", 
            "sha256": "3ae96f73d805e1d3995253db4d910300d8442ea603737a1428b613061e7f61e7", 
            "urls": [], 
            "crc32": "3C351D58", 
            "path": "/root/.cuckoo/storage/binaries/3ae96f73d805e1d3995253db4d910300d8442ea603737a1428b613061e7f61e7", 
            "ssdeep": null, 
            "size": 290304, 
            "sha512": "6ef530b209f8ec459cca66dbf2c31ec96c5f7d609f17fa3b877d276968032fbc6132ea4a45ed1450fb6c5d730a7c9349bf4481e28befaea6b119ec0ded842262", 
            "md5": "2773e3dc59472296cb0024ba7715a64e"
        }
    }, 
    "network": {
        "tls": [], 
        "udp": [
            {
                "src": "192.168.56.101", 
                "dst": "192.168.56.255", 
                "offset": 1010, 
                "time": 6.1142661571502686, 
                "dport": 137, 
                "sport": 137
            }, 
            {
                "src": "192.168.56.101", 
                "dst": "224.0.0.252", 
                "offset": 14082, 
                "time": 8.409901142120361, 
                "dport": 5355, 
                "sport": 50100
            }, 
            {
                "src": "192.168.56.101", 
                "dst": "224.0.0.252", 
                "offset": 14442, 
                "time": 17.020627975463867, 
                "dport": 5355, 
                "sport": 50322
            }, 
            {
                "src": "192.168.56.101", 
                "dst": "224.0.0.252", 
                "offset": 14770, 
                "time": 6.283995151519775, 
                "dport": 5355, 
                "sport": 52573
            }, 
            {
                "src": "192.168.56.101", 
                "dst": "224.0.0.252", 
                "offset": 15098, 
                "time": 9.102000951766968, 
                "dport": 5355, 
                "sport": 54060
            }, 
            {
                "src": "192.168.56.101", 
                "dst": "224.0.0.252", 
                "offset": 15426, 
                "time": 19.68973708152771, 
                "dport": 5355, 
                "sport": 55998
            }, 
            {
                "src": "192.168.56.101", 
                "dst": "224.0.0.252", 
                "offset": 15754, 
                "time": 3.20192813873291, 
                "dport": 5355, 
                "sport": 57689
            }, 
            {
                "src": "192.168.56.101", 
                "dst": "224.0.0.252", 
                "offset": 16082, 
                "time": 11.75262999534607, 
                "dport": 5355, 
                "sport": 60020
            }, 
            {
                "src": "192.168.56.101", 
                "dst": "224.0.0.252", 
                "offset": 16410, 
                "time": 2.9563989639282227, 
                "dport": 5355, 
                "sport": 60637
            }, 
            {
                "src": "192.168.56.101", 
                "dst": "224.0.0.252", 
                "offset": 16770, 
                "time": 14.394032001495361, 
                "dport": 5355, 
                "sport": 61672
            }, 
            {
                "src": "192.168.56.101", 
                "dst": "224.0.0.252", 
                "offset": 17098, 
                "time": 8.738453149795532, 
                "dport": 5355, 
                "sport": 62669
            }, 
            {
                "src": "192.168.56.101", 
                "dst": "224.0.0.252", 
                "offset": 17458, 
                "time": 3.9629740715026855, 
                "dport": 5355, 
                "sport": 63033
            }, 
            {
                "src": "192.168.56.101", 
                "dst": "224.0.0.252", 
                "offset": 17818, 
                "time": 6.330744028091431, 
                "dport": 5355, 
                "sport": 63210
            }, 
            {
                "src": "192.168.56.101", 
                "dst": "224.0.0.252", 
                "offset": 18178, 
                "time": 11.956753969192505, 
                "dport": 5355, 
                "sport": 63635
            }, 
            {
                "src": "192.168.56.101", 
                "dst": "224.0.0.252", 
                "offset": 18538, 
                "time": 6.0196449756622314, 
                "dport": 5355, 
                "sport": 63880
            }, 
            {
                "src": "192.168.56.101", 
                "dst": "255.255.255.255", 
                "offset": 18898, 
                "time": 7.70563817024231, 
                "dport": 67, 
                "sport": 68
            }
        ], 
        "dns_servers": [], 
        "http": [], 
        "icmp": [], 
        "smtp": [], 
        "tcp": [], 
        "smtp_ex": [], 
        "mitm": [], 
        "hosts": [], 
        "pcap_sha256": "4b5e3e8eb90bd5beaa296b8972b3bc8383888d1d411bed6ed950e3b48ce062ed", 
        "dns": [], 
        "http_ex": [], 
        "domains": [], 
        "dead_hosts": [], 
        "sorted_pcap_sha256": "05010c48e7c1937fdc8c015d5a3f6d22b24862558540c93e4aa49214112482bc", 
        "irc": [], 
        "https_ex": []
    }, 
    "static": {
        "pdb_path": null, 
        "pe_imports": [
            {
                "imports": [
                    {
                        "name": "_CorExeMain", 
                        "address": "0x44e000"
                    }
                ], 
                "dll": "mscoree.dll"
            }
        ], 
        "peid_signatures": null, 
        "keys": [], 
        "signature": [], 
        "pe_timestamp": "2016-03-31 02:28:14", 
        "pe_exports": [], 
        "imported_dll_count": 1, 
        "pe_imphash": "f34d5f2d4577ed6d9ceec516c1f5a744", 
        "pe_resources": [
            {
                "name": "RT_VERSION", 
                "language": "LANG_NEUTRAL", 
                "filetype": "data", 
                "sublanguage": "SUBLANG_NEUTRAL", 
                "offset": "0x0004a0a0", 
                "size": "0x000003c4"
            }, 
            {
                "name": "RT_MANIFEST", 
                "language": "LANG_NEUTRAL", 
                "filetype": "XML 1.0 document, Unicode text, UTF-8 (with BOM) text, with CRLF line terminators", 
                "sublanguage": "SUBLANG_NEUTRAL", 
                "offset": "0x0004a464", 
                "size": "0x000001ea"
            }
        ], 
        "pe_versioninfo": [
            {
                "name": "Translation", 
                "value": "0x0000 0x04b0"
            }, 
            {
                "name": "LegalCopyright", 
                "value": "Copyright 1999-2012 Firefox and Mozzilla developers. All rights reserved."
            }, 
            {
                "name": "Assembly Version", 
                "value": "37.0.2.5583"
            }, 
            {
                "name": "InternalName", 
                "value": "BitcoinBlackmailer.exe"
            }, 
            {
                "name": "FileVersion", 
                "value": "37.0.2.5583"
            }, 
            {
                "name": "CompanyName", 
                "value": ""
            }, 
            {
                "name": "LegalTrademarks", 
                "value": ""
            }, 
            {
                "name": "Comments", 
                "value": ""
            }, 
            {
                "name": "ProductName", 
                "value": "Firefox"
            }, 
            {
                "name": "ProductVersion", 
                "value": "37.0.2.5583"
            }, 
            {
                "name": "FileDescription", 
                "value": "Firefox"
            }, 
            {
                "name": "OriginalFilename", 
                "value": "BitcoinBlackmailer.exe"
            }
        ], 
        "pe_sections": [
            {
                "size_of_data": "0x00034400", 
                "virtual_address": "0x00002000", 
                "entropy": 7.9991208318285265, 
                "name": "\\x01\\x1e!mmUPp", 
                "virtual_size": "0x00034260"
            }, 
            {
                "size_of_data": "0x00011a00", 
                "virtual_address": "0x00038000", 
                "entropy": 5.390563948892011, 
                "name": ".text", 
                "virtual_size": "0x00011878"
            }, 
            {
                "size_of_data": "0x00000800", 
                "virtual_address": "0x0004a000", 
                "entropy": 3.5809928384245286, 
                "name": ".rsrc", 
                "virtual_size": "0x00000650"
            }, 
            {
                "size_of_data": "0x00000200", 
                "virtual_address": "0x0004c000", 
                "entropy": 0.09800417566270775, 
                "name": ".reloc", 
                "virtual_size": "0x0000000c"
            }, 
            {
                "size_of_data": "0x00000200", 
                "virtual_address": "0x0004e000", 
                "entropy": 0.13872951814887827, 
                "name": "", 
                "virtual_size": "0x00000010"
            }
        ]
    }, 
    "debug": {
        "action": [], 
        "dbgview": [], 
        "errors": [], 
        "log": [
            "2023-07-14 16:07:23,092 [analyzer] DEBUG: Starting analyzer from: C:\\tmpbhv_ec\n", 
            "2023-07-14 16:07:23,092 [analyzer] DEBUG: Pipe server name: \\??\\PIPE\\zUZcFUnDVeWYOpohzD\n", 
            "2023-07-14 16:07:23,092 [analyzer] DEBUG: Log pipe server name: \\??\\PIPE\\yqDXGxRsSOeoPGTkIbDatjK\n", 
            "2023-07-14 16:07:23,233 [analyzer] DEBUG: Started auxiliary module DbgView\n", 
            "2023-07-14 16:07:23,717 [analyzer] DEBUG: Started auxiliary module Disguise\n"
        ], 
        "cuckoo": [
            "2023-07-14 16:07:24,515 [cuckoo.core.scheduler] INFO: Task #30: acquired machine cuckoo1 (label=cuckoo1)\n", 
            "2023-07-14 16:07:24,515 [cuckoo.core.resultserver] DEBUG: Now tracking machine 192.168.56.101 for task #30\n", 
            "2023-07-14 16:07:24,515 [cuckoo.core.plugins] DEBUG: Started auxiliary module: Replay\n", 
            "2023-07-14 16:07:24,520 [cuckoo.auxiliary.sniffer] INFO: Started sniffer with PID 17105 (interface=vboxnet0, host=192.168.56.101)\n", 
            "2023-07-14 16:07:24,520 [cuckoo.core.plugins] DEBUG: Started auxiliary module: Sniffer\n", 
            "2023-07-14 16:07:24,532 [cuckoo.machinery.virtualbox] DEBUG: Starting vm cuckoo1\n", 
            "2023-07-14 16:07:24,584 [cuckoo.machinery.virtualbox] DEBUG: Restoring virtual machine cuckoo1 to its current snapshot\n", 
            "2023-07-14 16:07:26,121 [cuckoo.core.guest] INFO: Starting analysis #30 on guest (id=cuckoo1, ip=192.168.56.101)\n", 
            "2023-07-14 16:07:27,123 [cuckoo.core.guest] DEBUG: cuckoo1: not ready yet\n", 
            "2023-07-14 16:07:28,126 [cuckoo.core.guest] DEBUG: cuckoo1: not ready yet\n", 
            "2023-07-14 16:07:29,130 [cuckoo.core.guest] DEBUG: cuckoo1: not ready yet\n", 
            "2023-07-14 16:07:29,206 [cuckoo.core.guest] DEBUG: cuckoo1: not ready yet\n", 
            "2023-07-14 16:07:30,217 [cuckoo.core.guest] INFO: Guest is running Cuckoo Agent 0.10 (id=cuckoo1, ip=192.168.56.101)\n", 
            "2023-07-14 16:07:30,233 [cuckoo.core.guest] DEBUG: Uploading analyzer to guest (id=cuckoo1, ip=192.168.56.101, monitor=latest, size=3884763)\n", 
            "2023-07-14 16:07:30,641 [cuckoo.core.resultserver] DEBUG: Task #30: live log analysis.log initialized.\n", 
            "2023-07-14 16:07:33,470 [cuckoo.core.resultserver] DEBUG: Task #30 had connection reset for <Context for None>\n", 
            "2023-07-14 16:07:35,359 [cuckoo.core.guest] DEBUG: cuckoo1: analysis #30 still processing\n", 
            "2023-07-14 16:07:36,495 [cuckoo.core.resultserver] DEBUG: Task #30: File upload for 'shots/0001.jpg'\n", 
            "2023-07-14 16:07:36,509 [cuckoo.core.resultserver] DEBUG: Task #30 uploaded file length: 125078\n", 
            "2023-07-14 16:07:37,702 [cuckoo.core.resultserver] DEBUG: Task #30: File upload for 'shots/0002.jpg'\n", 
            "2023-07-14 16:07:37,706 [cuckoo.core.resultserver] DEBUG: Task #30 uploaded file length: 124364\n", 
            "2023-07-14 16:07:40,389 [cuckoo.core.guest] DEBUG: cuckoo1: analysis #30 still processing\n", 
            "2023-07-14 16:07:45,410 [cuckoo.core.guest] DEBUG: cuckoo1: analysis #30 still processing\n", 
            "2023-07-14 16:07:50,430 [cuckoo.core.guest] DEBUG: cuckoo1: analysis #30 still processing\n", 
            "2023-07-14 16:07:55,450 [cuckoo.core.guest] DEBUG: cuckoo1: analysis #30 still processing\n", 
            "2023-07-14 16:08:00,469 [cuckoo.core.guest] DEBUG: cuckoo1: analysis #30 still processing\n", 
            "2023-07-14 16:08:05,488 [cuckoo.core.guest] DEBUG: cuckoo1: analysis #30 still processing\n", 
            "2023-07-14 16:08:10,509 [cuckoo.core.guest] DEBUG: cuckoo1: analysis #30 still processing\n", 
            "2023-07-14 16:08:15,543 [cuckoo.core.guest] DEBUG: cuckoo1: analysis #30 still processing\n", 
            "2023-07-14 16:08:18,609 [cuckoo.core.resultserver] DEBUG: Task #30: File upload for 'shots/0003.jpg'\n", 
            "2023-07-14 16:08:18,616 [cuckoo.core.resultserver] DEBUG: Task #30 uploaded file length: 124869\n", 
            "2023-07-14 16:08:19,765 [cuckoo.core.resultserver] DEBUG: Task #30: File upload for 'shots/0004.jpg'\n", 
            "2023-07-14 16:08:19,769 [cuckoo.core.resultserver] DEBUG: Task #30 uploaded file length: 124365\n", 
            "2023-07-14 16:08:20,565 [cuckoo.core.guest] DEBUG: cuckoo1: analysis #30 still processing\n", 
            "2023-07-14 16:08:25,585 [cuckoo.core.guest] DEBUG: cuckoo1: analysis #30 still processing\n", 
            "2023-07-14 16:08:30,606 [cuckoo.core.guest] DEBUG: cuckoo1: analysis #30 still processing\n", 
            "2023-07-14 16:08:35,636 [cuckoo.core.guest] DEBUG: cuckoo1: analysis #30 still processing\n", 
            "2023-07-14 16:08:40,656 [cuckoo.core.guest] DEBUG: cuckoo1: analysis #30 still processing\n", 
            "2023-07-14 16:08:45,674 [cuckoo.core.guest] DEBUG: cuckoo1: analysis #30 still processing\n", 
            "2023-07-14 16:08:48,406 [cuckoo.core.resultserver] DEBUG: Task #30: File upload for 'shots/0005.jpg'\n", 
            "2023-07-14 16:08:48,411 [cuckoo.core.resultserver] DEBUG: Task #30 uploaded file length: 124006\n", 
            "2023-07-14 16:08:49,436 [cuckoo.core.resultserver] DEBUG: Task #30: File upload for 'shots/0006.jpg'\n", 
            "2023-07-14 16:08:49,440 [cuckoo.core.resultserver] DEBUG: Task #"
        ]
    }, 
    "screenshots": [
        {
            "path": "/root/.cuckoo/storage/analyses/30/shots/0001.jpg", 
            "ocr": ""
        }, 
        {
            "path": "/root/.cuckoo/storage/analyses/30/shots/0002.jpg", 
            "ocr": ""
        }, 
        {
            "path": "/root/.cuckoo/storage/analyses/30/shots/0003.jpg", 
            "ocr": ""
        }, 
        {
            "path": "/root/.cuckoo/storage/analyses/30/shots/0004.jpg", 
            "ocr": ""
        }, 
        {
            "path": "/root/.cuckoo/storage/analyses/30/shots/0005.jpg", 
            "ocr": ""
        }, 
        {
            "path": "/root/.cuckoo/storage/analyses/30/shots/0006.jpg", 
            "ocr": ""
        }, 
        {
            "path": "/root/.cuckoo/storage/analyses/30/shots/0007.jpg", 
            "ocr": ""
        }
    ], 
    "strings": [
        "!This program cannot be run in DOS mode.", 
        "!mmUPp`B", 
        "`.rsrc", 
        "@.reloc", 
        "_gp?-wU", 
        "Sxw!3o,", 
        "M,:y[&", 
        "<xc&0)&", 
        "~f_['a", 
        "9$[4Elm&[h", 
        "Kc\\BIEW", 
        "Eg/VEs", 
        "~\\)ZKk", 
        "D03?5OV", 
        "B}\\]I@]", 
        "i)dz~%-", 
        "`MsGQW", 
        "ZN`iR1", 
        "Zgu_jU", 
        "*4luG{u+A", 
        "Eq#{K:", 
        "/aCL@*", 
        "(OC$r'", 
        "wDm-3N", 
        "K5][pX", 
        "s\\nhdY", 
        "8(SS1]", 
        "xdKrXg", 
        "iC:T+;", 
        "ZER_kC", 
        "k|uO+I", 
        "hnqD9G", 
        "\\U+05n9D", 
        "DYx([d", 
        "+ ?qz3", 
        "yMx__S+", 
        "BF4Q^r", 
        "o57 D~", 
        "hf7{#h", 
        ")T;[0Ny", 
        "K)FJOvKU", 
        "-Tn55i", 
        "Hk\\Dm9", 
        "O.u2<1", 
        "\"Wzdn4t", 
        "~>}b@o[", 
        "?w7N`A", 
        "{(}!#Z", 
        "]1$8U3", 
        "14C9}h4?,", 
        ">+Gz; O", 
        "6F<a4~", 
        "^yZP-`", 
        "Gm/GE[H", 
        "gg4NuwI", 
        "Aa@l=|O", 
        "h^[[f/", 
        "weu<?}", 
        "5RY+|}9H", 
        "q^h=r}", 
        "9{vQV7", 
        "#QG'?)", 
        "8.p<au", 
        "oL>#e8", 
        "*)?wKq", 
        "u(;EOz7", 
        " d;M{#F", 
        "9?~u<]", 
        "\\0=UK|u{", 
        "g2pt|.p[", 
        "ej5}-a", 
        "a/29yL-", 
        ")_Dbr!dP", 
        "YSBf6#", 
        "syfy+w", 
        "6P$ FF", 
        "gSzpKj", 
        "+]|h{$", 
        "1#n8R ", 
        "eK/4k/", 
        "rN?.l+", 
        "*v v'3N", 
        "arWGh=>p", 
        "W?n1F9", 
        "#v=yzy", 
        "!9;,f7'", 
        " &O5.{*r", 
        "s8[2iS", 
        "iDYb%p}", 
        "FoJ5F[", 
        "1W=5Pk", 
        "&PD:gk", 
        "oAN)`gI", 
        "WqKA78", 
        "!L!&G[h", 
        "d \"0`9", 
        "a\\1bNw", 
        "*L+}lqx(", 
        "ASX9S\"4|}B", 
        "*&32N*", 
        "wr`iEH", 
        "{B<2BV", 
        "\"+8ZWF", 
        "pXY-kO", 
        "`m:02Y]t", 
        "PXn?Fz", 
        "qax;4n", 
        "7~'.|-", 
        "4 =V((", 
        "[Y\\xv24)", 
        ",^[oKP", 
        "m*L#46`", 
        "E?,Xv,", 
        "nV.zM,", 
        "\"6R7<j", 
        "%@kZIal", 
        "8pzh1.-", 
        "q'g{]g", 
        "z|-`rbYX", 
        "vq|BR>", 
        "DMk`mc", 
        "gr<`g\"", 
        "REoS- ", 
        "WMRFa@", 
        "0(tN:j", 
        "|Mz.g%;", 
        "#+&q,j", 
        "}\"cJlg", 
        "L`5o&9*", 
        "0@V;UD", 
        "9Fj6eqo", 
        "r3QGe\\", 
        "a^21?@", 
        "Tr'oa4B=", 
        "g-<%GRA", 
        "y2EdE2", 
        "WZ.(%0", 
        "?HT]8z", 
        "\"^SQ|q~\"", 
        "AUv<pE", 
        ",I{{ykbj", 
        "\"X\"gJje", 
        "2gb`BIs", 
        "n?5%CA]", 
        "[s'UvpB", 
        "-Yt\\h{", 
        "0pe3Vl", 
        "?7kgiIQ", 
        ">ua'w\u001f ", 
        "V}WweXK", 
        "B`!n%(", 
        "x3<B}[", 
        "(y]@BF", 
        "+3~=om", 
        "%nDwH`", 
        "@r &GXt", 
        "Y^Q%?/", 
        "Lz#&$)", 
        "\\@@[D%", 
        "2w}|)x", 
        "T<a,h55", 
        "BLNjx5", 
        "xGS9J<", 
        "Vvv'=TV", 
        "dlvj.?", 
        ">0L88s", 
        "WJiIL3Q", 
        "\\eI+fW&", 
        "\\:WT=OU2", 
        "eGJlZy", 
        "$y}aKKm", 
        ">/g$$X", 
        "(\u001f_CY<", 
        "*m[;yMz6", 
        "jlE&@v", 
        ">'F;k%", 
        "/Lt|li", 
        "Rk BL/", 
        "'tF!w_", 
        "&ud&\\?y", 
        "g+A[1^", 
        "9=,\"bJ", 
        "xM\\.t<", 
        "/JKsn4", 
        "D[QK@[", 
        "0) J$W", 
        "H/8]+L", 
        "k~RrC]", 
        "+/$@[_M", 
        "??8?zIR", 
        "xf7,<F", 
        ")5`!<i", 
        "sZ?\u001fUC", 
        "p r,H=g", 
        "vM}6@}", 
        "2j\u001fUc4-", 
        "Jjyy9O", 
        "e@{\"6u", 
        "$dC]I>", 
        "l%S@!8", 
        "(<G+GxD6", 
        "I\";ugD", 
        "fWIl@/T1", 
        "f<_3x&", 
        "TPc*C+", 
        "[]Ct(g", 
        "L69\u001fr`", 
        "eRGx+=F]", 
        ",C>_XL", 
        "r<9aP^", 
        "0}kZoW5", 
        "&Nz+U4\u001f", 
        "LZJCUku\\", 
        "LpOp&87", 
        "WBsP?Qy0~", 
        "A)>@Ms", 
        "+7%$Co", 
        "HFv$mh]", 
        "^sF c~", 
        "d1kh/2", 
        "!l5)h=", 
        "yxY4+8", 
        "Ou|E0D", 
        "1~20OI", 
        "`X MC\"", 
        "[]l/:O|O", 
        "4&``A6", 
        "V}O3Iu", 
        "eE^U>i)", 
        ">xlcV=E", 
        "<XKcET", 
        "FGS|Sn", 
        " I!8D&'@", 
        "V$lJ[@", 
        "M_rBOw", 
        "-D$`<i", 
        "qA1Ns6", 
        "*>N:m]", 
        "1'd\"#0", 
        "2QL/}E", 
        "3Bbh'q", 
        "%cB;1b", 
        "nW;Hp@;dK", 
        "~h\u001f`|?O", 
        "Bl^0X=", 
        "CbdGl8", 
        "b2l&bF", 
        "`Y\\7Q ", 
        "i.y_#aH", 
        "b%8(b0|", 
        "N6V&P.", 
        "j\"%W,d1#", 
        "]/A$/E", 
        "@\\xb6k", 
        "^+K0S}V", 
        "e)E}Y~", 
        "LaW~ W", 
        "${b)<U", 
        "aUH C#", 
        "y&:Lqe", 
        "%jqIQX", 
        "a#,f+[", 
        "2ghM K", 
        " Lwpsj", 
        "`_J=o1", 
        "F4^d7r", 
        "pmQ;&|", 
        "CG|\u001fXK", 
        "].h%2x", 
        "\"c(kvo", 
        "bHMLQ[", 
        " Wm^\"::", 
        "1]\"*;w(J\"", 
        "/V'edw^", 
        "Op~v9Eq", 
        "t@,{x.Pg", 
        "UsFc`u", 
        "%1A*O<", 
        "4~~/9v-p", 
        "?e@i}C", 
        "J-e:E=", 
        "J0>s=wJ", 
        "^rX`f+", 
        "wYb(R0", 
        "?5,wTm", 
        "|f3'W1;)", 
        "*v_<Cv", 
        "Y= ,87", 
        "H5YmGG9", 
        "\u001f;S\"CV-", 
        "%(<Qn[", 
        "f@_ZAR", 
        "QVYX+1?", 
        "g;/3}E", 
        ")&\"EfB", 
        "wu<lf_/", 
        "gxwo`#/", 
        "4}igIr`", 
        "I~t\"?]", 
        "X&48;x", 
        "u_>JVu", 
        "Kh,B-\u001f", 
        "=&Iw.wN", 
        "# W(Lyf(", 
        "4@d!t0\u001f", 
        "(2)nhR", 
        "jU-fdm<H-^Y", 
        "eEkzcM", 
        "Er[*-\u001fz", 
        "STsrsg", 
        "Z-4AN,", 
        "Q7B{rU", 
        "pkC`f1", 
        "{&UpRO", 
        "&;5;_(", 
        "bodmOsR", 
        "\\n?+A$>f", 
        "N)Pgf$", 
        "H\\TlZZR:", 
        "kgoG[/", 
        "3pwzJt", 
        "crB7]y", 
        "M\u001f\\!?a", 
        "H4U\\<K.", 
        "3|jK]4", 
        "=(q#zC", 
        "dBKWh{", 
        "Td#oai", 
        "J7#tV[;", 
        "aud:Ox", 
        "Rz;1tv", 
        "GcR@J%", 
        "\u001fiOo8D", 
        "WG3nKr", 
        "ZBV Mh", 
        "3XmhHa", 
        "h2\\95Xg", 
        "dnN`>xu", 
        "o]wgO0", 
        "V;u\"fe", 
        "=jM;#M", 
        ":1hjXV", 
        "*X.)K;", 
        "dJ?{9(/", 
        "sI.?\"l", 
        "KW<`X9", 
        "a4J\u001fo(", 
        "*,!|xH", 
        "`as{=hx", 
        "jb[pjk", 
        "2b%-~ #", 
        "biTQ|j4", 
        "D3hhbHE", 
        "Q-P&/A", 
        ".X7''DCLr", 
        "\"o=F|m", 
        "iDaW94", 
        "}_vz]6", 
        "g9:@Uu", 
        ":/14@v", 
        "m3UT^,", 
        "wolp]Cz", 
        "#W@93U7", 
        "ZnToxf", 
        "vQtM8q", 
        "uB[MhiyT", 
        "9>lCX$", 
        "#0`7iZ&", 
        "@dWv8r", 
        "|DxPlIt", 
        "Y\u001f\u001f_cX*n", 
        "Z\u001f?_b`", 
        "\u001f\u001f_bj2", 
        "\u001f\u001f_bY*", 
        "Z\u001f\u001f_bX", 
        "_CorExeMain", 
        "mscoree.dll", 
        "v2.0.50727", 
        "#Strings", 
        "BitcoinBlackmailer.exe", 
        "<Module>", 
        "mscorlib", 
        "Assembly", 
        "System.Reflection", 
        ".cctor", 
        "ResolveEventArgs", 
        "System", 
        "VirtualProtect", 
        "kernel32.dll", 
        "ValueType", 
        "Object", 
        "Stream", 
        "System.IO", 
        "<>f__AnonymousType0`2", 
        "<file>j__TPar", 
        "<ext>j__TPar", 
        "<file>i__Field", 
        "<ext>i__Field", 
        "get_file", 
        "get_ext", 
        "Equals", 
        "GetHashCode", 
        "ToString", 
        "IFormatProvider", 
        "<>f__AnonymousType1`2", 
        "<fi>j__TPar", 
        "<fi>i__Field", 
        "get_fi", 
        "Config", 
        "AssemblyProdutAndTitle", 
        "AssemblyCopyright", 
        "AssemblyVersion", 
        "EncryptionFileExtension", 
        "MaxFilesizeToEncryptInBytes", 
        "EncryptionPassword", 
        "StartMode", 
        "ErrorMessage", 
        "ErrorTitle", 
        "StartupMethod", 
        "TempExeRelativePath", 
        "TempExePath", 
        "FinalExeRelativePath", 
        "FinalExePath", 
        "WorkFolderRelativePath", 
        "WorkFolderPath", 
        "OnlyRunAfterSysRestart", 
        "ActiveAfterDateTime", 
        "DateTime", 
        "Activated", 
        "TimerActivateCheckerInterval", 
        "WelcomeMessage", 
        "TaskMessage", 
        "RansomUsd", 
        "Environment", 
        "SpecialFolder", 
        "StartModeType", 
        "value__", 
        "NothingHappens", 
        "DeleteItself", 
        "FormBackground", 
        "System.Windows.Forms", 
        "components", 
        "IContainer", 
        "System.ComponentModel", 
        "timerActivateChecker", 
        "timerActivateChecker_Tick", 
        "EventArgs", 
        "sender", 
        "ImposeRestrictions", 
        "Dispose", 
        "disposing", 
        "InitializeComponent", 
        "IWin32Window", 
        "IDisposable", 
        "Container", 
        "Control", 
        "EventHandler", 
        "FormEncryptedFiles", 
        "dataGridViewEncryptedFiles", 
        "DataGridView", 
        "ColumnDeleted", 
        "DataGridViewTextBoxColumn", 
        "ColumnPath", 
        "FormEncryptedFiles_Load", 
        "DataGridViewRowCollection", 
        "ISupportInitialize", 
        "DataGridViewColumnHeadersHeightSizeMode", 
        "DataGridViewColumnCollection", 
        "DataGridViewColumn", 
        "DockStyle", 
        "FormGame", 
        "_timeLeftSec", 
        "_exponent", 
        "_indexNum", 
        "labelWelcome", 
        "timerTypingEffect", 
        "labelTask", 
        "textBoxAddress", 
        "TextBox", 
        "buttonCheckPayment", 
        "Button", 
        "buttonViewEncryptedFiles", 
        "timerCountDown", 
        "labelCountDown", 
        "labelFilesToDelete", 
        "FormGame_Load", 
        "DidRun", 
        "DeleteFiles", 
        "GetBitcoinAddess", 
        "get_CreateParams", 
        "CreateParams", 
        "FormGame_FormClosing", 
        "FormClosingEventArgs", 
        "timerTypingEffect_Tick", 
        "buttonCheckPayment_Click", 
        "buttonViewEncryptedFiles_Click", 
        "timerCountDown_Tick", 
        "FormStartPosition", 
        "TextBoxBase", 
        "StringSplitOptions", 
        "CancelEventArgs", 
        "DialogResult", 
        "System.Drawing", 
        "FontStyle", 
        "GraphicsUnit", 
        "<>9__8_0", 
        "System.Core", 
        "Func`2", 
        "<GetBitcoinAddess>b__8_0", 
        "Program", 
        "Resources", 
        "Main.Properties", 
        "resourceMan", 
        "ResourceManager", 
        "System.Resources", 
        "resourceCulture", 
        "CultureInfo", 
        "System.Globalization", 
        "get_ResourceManager", 
        "get_Culture", 
        "set_Culture", 
        "get_ExtensionsToEncrypt", 
        "get_Jigsaw", 
        "Bitmap", 
        "get_StartModeDebug", 
        "get_vanityAddresses", 
        "RuntimeTypeHandle", 
        "Culture", 
        "ExtensionsToEncrypt", 
        "Jigsaw", 
        "StartModeDebug", 
        "vanityAddresses", 
        "Settings", 
        "ApplicationSettingsBase", 
        "System.Configuration", 
        "defaultInstance", 
        "get_Default", 
        "SettingsBase", 
        "Default", 
        "Blockr", 
        "Main.Tools", 
        "get_BlockrAddress", 
        "GetPrice", 
        "GetBalanceBtc", 
        "address", 
        "WebClient", 
        "System.Net", 
        "Newtonsoft.Json", 
        "JObject", 
        "Newtonsoft.Json.Linq", 
        "JToken", 
        "Exception", 
        "BlockrAddress", 
        "Hacking", 
        "InitSoftware", 
        "startMode", 
        "ExeSmartCopy", 
        "targetExePath", 
        "overwrite", 
        "ShouldActivate", 
        "RemoveItself", 
        "WinExec", 
        "lpCmdLine", 
        "uCmdShow", 
        "DirectoryInfo", 
        "Process", 
        "System.Diagnostics", 
        "MessageBoxButtons", 
        "MessageBoxIcon", 
        "Encoding", 
        "System.Text", 
        "StreamWriter", 
        "TextWriter", 
        "<>c__DisplayClass0_0", 
        "exeFolderPath", 
        "<InitSoftware>b__0", 
        "ProcessModule", 
        "Locker", 
        "EncryptedFileListPath", 
        "EncryptedFiles", 
        "HashSet`1", 
        "System.Collections.Generic", 
        "EncryptFileSystem", 
        "GetEncryptedFiles", 
        "CreateFileSystemSimulation", 
        "GetExtensionsToEncrypt", 
        "IEnumerable`1", 
        "GetFiles", 
        "EncryptFiles", 
        "dirPath", 
        "encryptionExtension", 
        "extensionsToEncrypt", 
        "DecryptFiles", 
        "EncryptFile", 
        "DecryptFile", 
        "SymmetricAlgorithm", 
        "System.Security.Cryptography", 
        "inputFile", 
        "outputFile", 
        "DriveInfo", 
        "IEnumerator", 
        "System.Collections", 
        "StringComparison", 
        "AesCryptoServiceProvider", 
        "RuntimeFieldHandle", 
        "FileStream", 
        "FileMode", 
        "ICryptoTransform", 
        "CryptoStream", 
        "CryptoStreamMode", 
        "<>9__4_0", 
        "<>9__9_1", 
        "Func`3", 
        "<>9__9_2", 
        "<>9__9_3", 
        "<>9__9_4", 
        "FileInfo", 
        "<>9__9_5", 
        "<>9__9_6", 
        "<EncryptFileSystem>b__4_0", 
        "<EncryptFiles>b__9_1", 
        "<EncryptFiles>b__9_2", 
        "<>h__TransparentIdentifier0", 
        "<EncryptFiles>b__9_3", 
        "<EncryptFiles>b__9_4", 
        "<EncryptFiles>b__9_5", 
        "<EncryptFiles>b__9_6", 
        "FileSystemInfo", 
        "<GetFiles>d__8", 
        "IEnumerable", 
        "IEnumerator`1", 
        "<>1__state", 
        "<>2__current", 
        "<>l__initialThreadId", 
        "<>3__path", 
        "<queue>5__1", 
        "Queue`1", 
        "<>7__wrap1", 
        "<>7__wrap2", 
        "System.IDisposable.Dispose", 
        "MoveNext", 
        "System.Collections.Generic.IEnumerator<System.String>.get_Current", 
        "get_Current", 
        "System.Collections.IEnumerator.Reset", 
        "System.Collections.IEnumerator.get_Current", 
        "System.Collections.Generic.IEnumerable<System.String>.GetEnumerator", 
        "GetEnumerator", 
        "System.Collections.IEnumerable.GetEnumerator", 
        "Thread", 
        "System.Threading", 
        "NotSupportedException", 
        "System.Collections.Generic.IEnumerator<System.String>.Current", 
        "System.Collections.IEnumerator.Current", 
        "<>c__DisplayClass9_0", 
        "<>9__0", 
        "<EncryptFiles>b__0", 
        "Windows", 
        "HWND_TOPMOST", 
        "SWP_NOSIZE", 
        "SWP_NOMOVE", 
        "SetStartup", 
        "startupMethod", 
        "SetStartupFolder", 
        "SetStartupRegistry", 
        "exePath", 
        "RemoveStartupRegistry", 
        "SetWindowPos", 
        "user32.dll", 
        "hWndInsertAfter", 
        "uFlags", 
        "MakeTopMost", 
        "RegistryKey", 
        "Microsoft.Win32", 
        "StartupMethodType", 
        "StartupFolder", 
        "Registry", 
        "<PrivateImplementationDetails>", 
        "FBD2112E56A53790B3D53B084795822F604F11FC", 
        "__StaticArrayInitTypeSize=16", 
        "AssemblyLoader", 
        "Costura", 
        "nullCache", 
        "Dictionary`2", 
        "assemblyNames", 
        "symbolNames", 
        "CS$<>9__CachedAnonymousMethodDelegate1", 
        "ResolveEventHandler", 
        "CultureToString", 
        "culture", 
        "ReadExistingAssembly", 
        "AssemblyName", 
        "CopyTo", 
        "source", 
        "destination", 
        "LoadStream", 
        "fullname", 
        "resourceNames", 
        "ReadStream", 
        "stream", 
        "ReadFromEmbeddedResources", 
        "requestedAssemblyName", 
        "ResolveAssembly", 
        "assemblyName", 
        "<Attach>b__0", 
        "Attach", 
        "AppDomain", 
        "DeflateStream", 
        "System.IO.Compression", 
        "CompressionMode", 
        "MemoryStream", 
        "AssemblyNameFlags", 
        "ProcessedByFody", 
        "ConfusedByAttribute", 
        "Attribute", 
        "BitcoinBlackmailer", 
        "AssemblyTrademarkAttribute", 
        "AssemblyCopyrightAttribute", 
        "AssemblyProductAttribute", 
        "AssemblyCompanyAttribute", 
        "AssemblyConfigurationAttribute", 
        "AssemblyDescriptionAttribute", 
        "AssemblyTitleAttribute", 
        "DebuggableAttribute", 
        "DebuggingModes", 
        "RuntimeCompatibilityAttribute", 
        "System.Runtime.CompilerServices", 
        "CompilationRelaxationsAttribute", 
        "ComVisibleAttribute", 
        "System.Runtime.InteropServices", 
        "AssemblyFileVersionAttribute", 
        "CompilerGeneratedAttribute", 
        "DebuggerBrowsableAttribute", 
        "DebuggerBrowsableState", 
        "DebuggerHiddenAttribute", 
        "STAThreadAttribute", 
        "DebuggerNonUserCodeAttribute", 
        "GeneratedCodeAttribute", 
        "System.CodeDom.Compiler", 
        "EditorBrowsableAttribute", 
        "EditorBrowsableState", 
        "Main.Properties.Resources.resources", 
        "QbZlczhiHcyXUZulvpHjfBbHhhxY", 
        "costura.newtonsoft.json.dll.zip", 
        "ReadByte", 
        "get_Length", 
        "UInt32", 
        "RuntimeHelpers", 
        "InitializeArray", 
        "get_CurrentDomain", 
        "add_AssemblyResolve", 
        "get_FullName", 
        "get_Name", 
        "String", 
        "op_Equality", 
        "Module", 
        "GetTypeFromHandle", 
        "get_Module", 
        "get_FullyQualifiedName", 
        "get_Chars", 
        "Marshal", 
        "GetHINSTANCE", 
        "IntPtr", 
        "op_Explicit", 
        "Buffer", 
        "BlockCopy", 
        "EqualityComparer`1", 
        "Format", 
        "get_NewLine", 
        "Concat", 
        "Combine", 
        "Directory", 
        "Exists", 
        "CreateDirectory", 
        "GetFolderPath", 
        "ContainerControl", 
        "set_AutoScaleDimensions", 
        "set_AutoScaleMode", 
        "AutoScaleMode", 
        "set_ClientSize", 
        "set_Name", 
        "set_Text", 
        "ResumeLayout", 
        "set_Interval", 
        "set_Enabled", 
        "SuspendLayout", 
        "add_Tick", 
        "Enumerator", 
        "set_Location", 
        "set_Size", 
        "set_TabIndex", 
        "set_HeaderText", 
        "DataGridViewBand", 
        "set_ReadOnly", 
        "set_Width", 
        "get_Controls", 
        "ControlCollection", 
        "add_Load", 
        "EndInit", 
        "get_Rows", 
        "BeginInit", 
        "set_ColumnHeadersHeightSizeMode", 
        "get_Columns", 
        "AddRange", 
        "set_Dock", 
        "List`1", 
        "Enumerable", 
        "System.Linq", 
        "ToList", 
        "OrderBy", 
        "IOrderedEnumerable`1", 
        "FirstOrDefault", 
        "get_Lime", 
        "get_Tomato", 
        "get_Black", 
        "set_AutoSize", 
        "set_BackColor", 
        "set_Font", 
        "set_ForeColor", 
        "get_Gold", 
        "ButtonBase", 
        "set_UseVisualStyleBackColor", 
        "add_Click", 
        "get_Gray", 
        "set_BorderStyle", 
        "BorderStyle", 
        "get_DarkRed", 
        "set_BackgroundImage", 
        "FormClosingEventHandler", 
        "add_FormClosing", 
        "PerformLayout", 
        "set_MaximizeBox", 
        "set_MinimizeBox", 
        "set_StartPosition", 
        "set_Visible", 
        "WriteAllText", 
        "Delete", 
        "ReadAllText", 
        "get_ClassStyle", 
        "set_ClassStyle", 
        "set_Cancel", 
        "MessageBox", 
        "Substring", 
        "NewGuid", 
        "Application", 
        "get_Assembly", 
        "GetString", 
        "GetObject", 
        "Synchronized", 
        "DownloadString", 
        "get_Item", 
        "get_Now", 
        "op_GreaterThan", 
        "Replace", 
        "IsPathRooted", 
        "GetFileNameWithoutExtension", 
        "GetParent", 
        "GetProcessesByName", 
        "GetFileName", 
        "get_ExecutablePath", 
        "GetDirectoryName", 
        "get_MainModule", 
        "get_FileName", 
        "StartsWith", 
        "Select", 
        "ToArray", 
        "Remove", 
        "SelectMany", 
        "GetDrives", 
        "WriteAllLines", 
        "ReadAllLines", 
        "WriteLine", 
        "Convert", 
        "FromBase64String", 
        "set_Key", 
        "set_IV", 
        "EndsWith", 
        "CreateEncryptor", 
        "CreateDecryptor", 
        "get_RootDirectory", 
        "Enqueue", 
        "Dequeue", 
        "get_Count", 
        "get_CurrentThread", 
        "get_ManagedThreadId", 
        "GetDirectories", 
        "Console", 
        "get_Error", 
        "CurrentUser", 
        "OpenSubKey", 
        "SetValue", 
        "DeleteValue", 
        "get_Handle", 
        "TryGetValue", 
        "ContainsKey", 
        "GetAssemblies", 
        "GetName", 
        "get_CultureInfo", 
        "GetExecutingAssembly", 
        "GetManifestResourceStream", 
        "set_Position", 
        "ToLowerInvariant", 
        "IsNullOrEmpty", 
        "get_Flags", 
        "ConfuserEx v0.6.0", 
        "ICopyright 1999-2012 Firefox and Mozzilla developers. All rights reserved.", 
        "Firefox", 
        "WrapNonExceptionThrows", 
        "37.0.2.5583", 
        "3System.Resources.Tools.StronglyTypedResourceBuilder", 
        "4.0.0.0", 
        "KMicrosoft.VisualStudio.Editors.SettingsDesigner.SettingsSingleFileGenerator", 
        "14.0.0.0", 
        "<?xml version=\"1.0\" encoding=\"UTF-8\" standalone=\"yes\"?>", 
        "<assembly xmlns=\"urn:schemas-microsoft-com:asm.v1\" manifestVersion=\"1.0\">", 
        "  <assemblyIdentity version=\"1.0.0.0\" name=\"MyApplication.app\"/>", 
        "  <trustInfo xmlns=\"urn:schemas-microsoft-com:asm.v2\">", 
        "    <security>", 
        "      <requestedPrivileges xmlns=\"urn:schemas-microsoft-com:asm.v3\">", 
        "        <requestedExecutionLevel level=\"asInvoker\" uiAccess=\"false\"/>", 
        "      </requestedPrivileges>", 
        "    </security>", 
        "  </trustInfo>", 
        "</assembly>", 
        "{{ file = {0}, ext = {1} }}", 
        "{{ file = {0}, fi = {1} }}", 
        "Congratulations. Your software has been registered. Confirmation code 994759", 
        "Email us this code in the chat to active your software. It can take up to 48 hours.", 
        "Thank you", 
        "Drpbx\\drpbx.exe", 
        "Frfx\\firefox.exe", 
        "System32Work\\", 
        "Your computer files have been encrypted. Your photos, videos, documents, etc....", 
        "But, don't worry! I have not deleted them, yet.", 
        "You have 24 hours to pay 150 USD in Bitcoins to get the decryption key.", 
        "Every hour files will be deleted. Increasing in amount every time.", 
        "After 72 hours all that are left will be deleted.", 
        "If you do not have bitcoins Google the website localbitcoins.", 
        "Purchase 150 American Dollars worth of Bitcoins or .4 BTC. The system will accept either one.", 
        "Send to the Bitcoins address specified.", 
        "Within two minutes of receiving your payment your computer will receive the decryption key and return to normal.", 
        "Try anything funny and the computer has several safety measures to delete your files.", 
        "As soon as the payment is received the crypted files will be returned to normal.", 
        "       Thank you        ", 
        "Please, send $", 
        " worth of Bitcoin here:", 
        "FormBackground", 
        "dataGridViewEncryptedFiles", 
        "Deleted", 
        "ColumnDeleted", 
        "ColumnPath", 
        "FormEncryptedFiles", 
        "EncryptedFiles", 
        "Address.txt", 
        "You are about to make a very bad decision. Are you sure about it?", 
        "Great job, I'm decrypting your files...", 
        "Decrypting your files. It will take for a while. After done I will close and completely remove myself from your computer.", 
        "Great job", 
        "You did not sent me enough! Try again!", 
        "You haven't made payment yet! Try again!", 
        "Are you connected to the internet? Try again!", 
        " files will be deleted", 
        "Lucida Console", 
        "labelWelcome", 
        "I want to play a game", 
        "labelTask", 
        "All you have to do...", 
        "textBoxAddress", 
        "12Xspzstah37626slkwKhsKSHA", 
        "buttonCheckPayment", 
        "I made a payment, now give me back my files!", 
        "buttonViewEncryptedFiles", 
        "View encrypted files", 
        "Lucida Sans Unicode", 
        "labelCountDown", 
        "labelFilesToDelete", 
        "1 file will be deleted.", 
        "FormGame", 
        "Main.Properties.Resources", 
        "ExtensionsToEncrypt", 
        "Jigsaw", 
        "StartModeDebug", 
        "vanityAddresses", 
        "http://btc.blockr.io/api/v1/", 
        "coin/info/", 
        "status", 
        "markets", 
        "coinbase", 
        "address/balance/", 
        "balance", 
        "\\DeleteItself.bat", 
        " del \"{0}\"", 
        "if exist \"{0}\" goto del", 
        "del %0", 
        "FileSystemSimulation", 
        "TxtTest.txt", 
        "I am a txt test.", 
        "NotTxtTest.nottxt", 
        "I am NOT a txt test.", 
        "C:\\Windows", 
        "OoIsAwwF23cICQoLDA0ODe==", 
        "EncryptedFileList.txt", 
        "SOFTWARE\\Microsoft\\Windows\\CurrentVersion\\Run", 
        "{0}.{1}", 
        "newtonsoft.json", 
        "costura.newtonsoft.json.dll.zip", 
        "Firefox", 
        "Copyright 1999-2012 Firefox and Mozzilla developers. All rights reserved.", 
        "37.0.2.5583", 
        "OoIsAwwF23cICQoLDA0ODe==", 
        "VS_VERSION_INFO", 
        "VarFileInfo", 
        "Translation", 
        "StringFileInfo", 
        "000004b0", 
        "Comments", 
        "CompanyName", 
        "FileDescription", 
        "Firefox", 
        "FileVersion", 
        "37.0.2.5583", 
        "InternalName", 
        "BitcoinBlackmailer.exe", 
        "LegalCopyright", 
        "Copyright 1999-2012 Firefox and Mozzilla developers. All rights reserved.", 
        "LegalTrademarks", 
        "OriginalFilename", 
        "BitcoinBlackmailer.exe", 
        "ProductName", 
        "Firefox", 
        "ProductVersion", 
        "37.0.2.5583", 
        "Assembly Version", 
        "37.0.2.5583"
    ], 
    "metadata": {
        "output": {
            "pcap": {
                "basename": "dump.pcap", 
                "sha256": "4b5e3e8eb90bd5beaa296b8972b3bc8383888d1d411bed6ed950e3b48ce062ed", 
                "dirname": ""
            }
        }
    }
}