{"started_on": {"$dt": "2023-07-14T16:59:37.923853"}, "duration": 20, "sample_id": 35, "owner": null, "id": 53, "category": "file", "priority": 2, "guest": {"status": "stopped", "name": "cuckoo1", "label": "cuckoo1", "manager": "VirtualBox", "started_on": "2023-07-14 16:59:38", "shutdown_on": "2023-07-14 16:59:58"}, "clock": {"$dt": "2023-07-14T16:59:36.967416"}, "custom": null, "machine": null, "platform": "windows", "memory": false, "status": "completed", "tags": [], "processing": null, "enforce_timeout": false, "completed_on": {"$dt": "2023-07-14T16:59:58.123210"}, "target": "/tmp/cuckoo-tmp-root/tmpZg9Fhg/Win32.Wannacry.exe", "package": "dll", "route": "none", "timeout": 120, "submit_id": 55, "options": {"procmemdump": "yes", "route": "none"}, "added_on": {"$dt": "2023-07-14T16:59:36.967427"}}