{"started_on": {"$dt": "2023-07-14T16:45:30.509047"}, "duration": 20, "sample_id": 30, "owner": null, "id": 48, "category": "file", "priority": 2, "guest": {"status": "stopped", "name": "cuckoo1", "label": "cuckoo1", "manager": "VirtualBox", "started_on": "2023-07-14 16:45:30", "shutdown_on": "2023-07-14 16:45:50"}, "clock": {"$dt": "2023-07-14T16:45:29.916668"}, "custom": null, "machine": null, "platform": "windows", "memory": false, "status": "completed", "tags": [], "processing": null, "enforce_timeout": false, "completed_on": {"$dt": "2023-07-14T16:45:50.673946"}, "target": "/tmp/cuckoo-tmp-root/tmpedouNt/c460fc0d4fdaf5c68623e18de106f1c3601d7bd6ba80ddad86c10fd6ea123850", "package": "exe", "route": "none", "timeout": 120, "submit_id": 50, "options": {"procmemdump": "yes", "route": "none"}, "added_on": {"$dt": "2023-07-14T16:45:29.916683"}}