{"started_on": {"$dt": "2023-07-14T16:42:29.635615"}, "duration": 18, "sample_id": 28, "owner": null, "id": 46, "category": "file", "priority": 2, "guest": {"status": "stopped", "name": "cuckoo1", "label": "cuckoo1", "manager": "VirtualBox", "started_on": "2023-07-14 16:42:29", "shutdown_on": "2023-07-14 16:42:47"}, "clock": {"$dt": "2023-07-14T16:42:28.970154"}, "custom": null, "machine": null, "platform": "windows", "memory": false, "status": "completed", "tags": [], "processing": null, "enforce_timeout": false, "completed_on": {"$dt": "2023-07-14T16:42:47.785855"}, "target": "/tmp/cuckoo-tmp-root/tmpPhU7yS/58bfb9fa8889550d13f42473956dc2a7ec4f3abb18fd3faeaa38089d513c171f", "package": "exe", "route": "none", "timeout": 120, "submit_id": 48, "options": {"procmemdump": "yes", "route": "none"}, "added_on": {"$dt": "2023-07-14T16:42:28.970169"}}