{
    "info": {
        "added": 1689351484.289656, 
        "started": 1689351485.252002, 
        "duration": 25, 
        "ended": 1689351510.48746, 
        "owner": null, 
        "score": 0.2, 
        "id": 34, 
        "category": "file", 
        "git": {
            "head": "13cbe0d9e457be3673304533043e992ead1ea9b2", 
            "fetch_head": "13cbe0d9e457be3673304533043e992ead1ea9b2"
        }, 
        "monitor": "2deb9ccd75d5a7a3fe05b2625b03a8639d6ee36b", 
        "package": "exe", 
        "route": "none", 
        "custom": null, 
        "machine": {
            "status": "stopped", 
            "name": "cuckoo1", 
            "label": "cuckoo1", 
            "manager": "VirtualBox", 
            "started_on": "2023-07-14 16:18:05", 
            "shutdown_on": "2023-07-14 16:18:30"
        }, 
        "platform": "windows", 
        "version": "2.0.7", 
        "options": "procmemdump=yes,route=none"
    }, 
    "signatures": [
        {
            "families": [], 
            "description": "The file contains an unknown PE resource name possibly indicative of a packer", 
            "severity": 1, 
            "ttp": {
                "T1045": {
                    "short": "Software Packing", 
                    "long": "Software packing is a method of compressing or encrypting an executable. Packing an executable changes the file signature in an attempt to avoid signature-based detection. Most decompression techniques decompress the executable code in memory."
                }
            }, 
            "markcount": 1, 
            "references": [], 
            "marks": [
                {
                    "category": "resource name", 
                    "ioc": "None", 
                    "type": "ioc", 
                    "description": null
                }
            ], 
            "name": "pe_unknown_resource_name"
        }
    ], 
    "target": {
        "category": "file", 
        "file": {
            "yara": [], 
            "sha1": "1fc29938ec5c209ba900247d2919069b320d33b0", 
            "name": "Matsnu-MBRwipingRansomware_1B2D2A4B97C7C2727D571BBF9376F54F_Inkasso Rechnung vom 27.05.2013 .com_", 
            "type": "PE32 executable (GUI) Intel 80386, for MS Windows", 
            "sha256": "7634433f8fcf4d13fb46d680802e48eeb160e0f51e228cae058436845976381e", 
            "urls": [], 
            "crc32": "2B55D899", 
            "path": "/root/.cuckoo/storage/binaries/7634433f8fcf4d13fb46d680802e48eeb160e0f51e228cae058436845976381e", 
            "ssdeep": null, 
            "size": 104960, 
            "sha512": "506fc96423e5e2e38078806591e09a6eb3cf924eb748af528f7315aa0b929890823798a3ef2a5809c14023c3ff8a3db36277bc90c7b099218422aafa4e0c2ee0", 
            "md5": "1b2d2a4b97c7c2727d571bbf9376f54f"
        }
    }, 
    "network": {
        "tls": [], 
        "udp": [
            {
                "src": "192.168.56.101", 
                "dst": "192.168.56.255", 
                "offset": 1010, 
                "time": 6.12120795249939, 
                "dport": 137, 
                "sport": 137
            }, 
            {
                "src": "192.168.56.101", 
                "dst": "224.0.0.252", 
                "offset": 13866, 
                "time": 8.543179988861084, 
                "dport": 5355, 
                "sport": 50100
            }, 
            {
                "src": "192.168.56.101", 
                "dst": "224.0.0.252", 
                "offset": 14226, 
                "time": 17.401160955429077, 
                "dport": 5355, 
                "sport": 50322
            }, 
            {
                "src": "192.168.56.101", 
                "dst": "224.0.0.252", 
                "offset": 14554, 
                "time": 6.371194839477539, 
                "dport": 5355, 
                "sport": 52573
            }, 
            {
                "src": "192.168.56.101", 
                "dst": "224.0.0.252", 
                "offset": 14882, 
                "time": 9.372227907180786, 
                "dport": 5355, 
                "sport": 54060
            }, 
            {
                "src": "192.168.56.101", 
                "dst": "224.0.0.252", 
                "offset": 15210, 
                "time": 20.08863401412964, 
                "dport": 5355, 
                "sport": 55998
            }, 
            {
                "src": "192.168.56.101", 
                "dst": "224.0.0.252", 
                "offset": 15538, 
                "time": 3.2079968452453613, 
                "dport": 5355, 
                "sport": 57689
            }, 
            {
                "src": "192.168.56.101", 
                "dst": "224.0.0.252", 
                "offset": 15866, 
                "time": 11.886230945587158, 
                "dport": 5355, 
                "sport": 60020
            }, 
            {
                "src": "192.168.56.101", 
                "dst": "224.0.0.252", 
                "offset": 16226, 
                "time": 2.960798978805542, 
                "dport": 5355, 
                "sport": 60637
            }, 
            {
                "src": "192.168.56.101", 
                "dst": "224.0.0.252", 
                "offset": 16586, 
                "time": 14.745360851287842, 
                "dport": 5355, 
                "sport": 61672
            }, 
            {
                "src": "192.168.56.101", 
                "dst": "224.0.0.252", 
                "offset": 16914, 
                "time": 8.855368852615356, 
                "dport": 5355, 
                "sport": 62669
            }, 
            {
                "src": "192.168.56.101", 
                "dst": "224.0.0.252", 
                "offset": 17274, 
                "time": 3.9671759605407715, 
                "dport": 5355, 
                "sport": 63033
            }, 
            {
                "src": "192.168.56.101", 
                "dst": "224.0.0.252", 
                "offset": 17634, 
                "time": 6.417388916015625, 
                "dport": 5355, 
                "sport": 63210
            }, 
            {
                "src": "192.168.56.101", 
                "dst": "224.0.0.252", 
                "offset": 17994, 
                "time": 12.026822805404663, 
                "dport": 5355, 
                "sport": 63635
            }, 
            {
                "src": "192.168.56.101", 
                "dst": "224.0.0.252", 
                "offset": 18322, 
                "time": 6.07480788230896, 
                "dport": 5355, 
                "sport": 63880
            }, 
            {
                "src": "192.168.56.101", 
                "dst": "255.255.255.255", 
                "offset": 18682, 
                "time": 7.964298963546753, 
                "dport": 67, 
                "sport": 68
            }
        ], 
        "dns_servers": [], 
        "http": [], 
        "icmp": [], 
        "smtp": [], 
        "tcp": [], 
        "smtp_ex": [], 
        "mitm": [], 
        "hosts": [], 
        "pcap_sha256": "4394d21999490cb95182ae14e654182bb6ea9c91c3009f5680e6f510b99962e9", 
        "dns": [], 
        "http_ex": [], 
        "domains": [], 
        "dead_hosts": [], 
        "sorted_pcap_sha256": "ae7a803642902061e1c44b428aae98588b62a6e711c0edc0ec28d4f4b7c16f0a", 
        "irc": [], 
        "https_ex": []
    }, 
    "static": {
        "pdb_path": null, 
        "pe_imports": [
            {
                "imports": [
                    {
                        "name": "LookupPrivilegeDisplayNameW", 
                        "address": "0x40b000"
                    }
                ], 
                "dll": "ADVAPI32.dll"
            }, 
            {
                "imports": [
                    {
                        "name": "AbortPath", 
                        "address": "0x40b030"
                    }, 
                    {
                        "name": "AbortDoc", 
                        "address": "0x40b034"
                    }
                ], 
                "dll": "GDI32.dll"
            }, 
            {
                "imports": [
                    {
                        "name": "SymLoadModule64", 
                        "address": "0x40b158"
                    }, 
                    {
                        "name": "FindFileInSearchPath", 
                        "address": "0x40b15c"
                    }, 
                    {
                        "name": "SymGetLineFromAddr64", 
                        "address": "0x40b160"
                    }, 
                    {
                        "name": "SymGetSymFromAddr64", 
                        "address": "0x40b164"
                    }
                ], 
                "dll": "dbghelp.dll"
            }, 
            {
                "imports": [
                    {
                        "name": "FailClusterResource", 
                        "address": "0x40b008"
                    }, 
                    {
                        "name": "GetClusterFromNetwork", 
                        "address": "0x40b00c"
                    }, 
                    {
                        "name": "ClusterRegEnumKey", 
                        "address": "0x40b010"
                    }, 
                    {
                        "name": "ClusterGroupGetEnumCount", 
                        "address": "0x40b014"
                    }, 
                    {
                        "name": "RestoreClusterDatabase", 
                        "address": "0x40b018"
                    }, 
                    {
                        "name": "GetClusterNodeId", 
                        "address": "0x40b01c"
                    }, 
                    {
                        "name": "ClusterRegDeleteValue", 
                        "address": "0x40b020"
                    }, 
                    {
                        "name": "CloseClusterResource", 
                        "address": "0x40b024"
                    }, 
                    {
                        "name": "ClusterOpenEnum", 
                        "address": "0x40b028"
                    }
                ], 
                "dll": "CLUSAPI.dll"
            }, 
            {
                "imports": [
                    {
                        "name": "HeapSize", 
                        "address": "0x40b03c"
                    }, 
                    {
                        "name": "GetLastError", 
                        "address": "0x40b040"
                    }, 
                    {
                        "name": "MoveFileA", 
                        "address": "0x40b044"
                    }, 
                    {
                        "name": "GetCommandLineA", 
                        "address": "0x40b048"
                    }, 
                    {
                        "name": "HeapSetInformation", 
                        "address": "0x40b04c"
                    }, 
                    {
                        "name": "GetStartupInfoW", 
                        "address": "0x40b050"
                    }, 
                    {
                        "name": "UnhandledExceptionFilter", 
                        "address": "0x40b054"
                    }, 
                    {
                        "name": "SetUnhandledExceptionFilter", 
                        "address": "0x40b058"
                    }, 
                    {
                        "name": "IsDebuggerPresent", 
                        "address": "0x40b05c"
                    }, 
                    {
                        "name": "EncodePointer", 
                        "address": "0x40b060"
                    }, 
                    {
                        "name": "DecodePointer", 
                        "address": "0x40b064"
                    }, 
                    {
                        "name": "TerminateProcess", 
                        "address": "0x40b068"
                    }, 
                    {
                        "name": "GetCurrentProcess", 
                        "address": "0x40b06c"
                    }, 
                    {
                        "name": "HeapFree", 
                        "address": "0x40b070"
                    }, 
                    {
                        "name": "GetFileAttributesA", 
                        "address": "0x40b074"
                    }, 
                    {
                        "name": "EnterCriticalSection", 
                        "address": "0x40b078"
                    }, 
                    {
                        "name": "LeaveCriticalSection", 
                        "address": "0x40b07c"
                    }, 
                    {
                        "name": "SetStdHandle", 
                        "address": "0x40b080"
                    }, 
                    {
                        "name": "InitializeCriticalSectionAndSpinCount", 
                        "address": "0x40b084"
                    }, 
                    {
                        "name": "GetFileType", 
                        "address": "0x40b088"
                    }, 
                    {
                        "name": "WriteFile", 
                        "address": "0x40b08c"
                    }, 
                    {
                        "name": "WideCharToMultiByte", 
                        "address": "0x40b090"
                    }, 
                    {
                        "name": "GetConsoleCP", 
                        "address": "0x40b094"
                    }, 
                    {
                        "name": "GetConsoleMode", 
                        "address": "0x40b098"
                    }, 
                    {
                        "name": "SetHandleCount", 
                        "address": "0x40b09c"
                    }, 
                    {
                        "name": "GetStdHandle", 
                        "address": "0x40b0a0"
                    }, 
                    {
                        "name": "DeleteCriticalSection", 
                        "address": "0x40b0a4"
                    }, 
                    {
                        "name": "GetProcAddress", 
                        "address": "0x40b0a8"
                    }, 
                    {
                        "name": "GetModuleHandleW", 
                        "address": "0x40b0ac"
                    }, 
                    {
                        "name": "ExitProcess", 
                        "address": "0x40b0b0"
                    }, 
                    {
                        "name": "GetModuleFileNameW", 
                        "address": "0x40b0b4"
                    }, 
                    {
                        "name": "GetModuleFileNameA", 
                        "address": "0x40b0b8"
                    }, 
                    {
                        "name": "FreeEnvironmentStringsW", 
                        "address": "0x40b0bc"
                    }, 
                    {
                        "name": "GetEnvironmentStringsW", 
                        "address": "0x40b0c0"
                    }, 
                    {
                        "name": "TlsAlloc", 
                        "address": "0x40b0c4"
                    }, 
                    {
                        "name": "TlsGetValue", 
                        "address": "0x40b0c8"
                    }, 
                    {
                        "name": "TlsSetValue", 
                        "address": "0x40b0cc"
                    }, 
                    {
                        "name": "TlsFree", 
                        "address": "0x40b0d0"
                    }, 
                    {
                        "name": "InterlockedIncrement", 
                        "address": "0x40b0d4"
                    }, 
                    {
                        "name": "SetLastError", 
                        "address": "0x40b0d8"
                    }, 
                    {
                        "name": "GetCurrentThreadId", 
                        "address": "0x40b0dc"
                    }, 
                    {
                        "name": "InterlockedDecrement", 
                        "address": "0x40b0e0"
                    }, 
                    {
                        "name": "HeapCreate", 
                        "address": "0x40b0e4"
                    }, 
                    {
                        "name": "QueryPerformanceCounter", 
                        "address": "0x40b0e8"
                    }, 
                    {
                        "name": "GetTickCount", 
                        "address": "0x40b0ec"
                    }, 
                    {
                        "name": "GetCurrentProcessId", 
                        "address": "0x40b0f0"
                    }, 
                    {
                        "name": "GetSystemTimeAsFileTime", 
                        "address": "0x40b0f4"
                    }, 
                    {
                        "name": "Sleep", 
                        "address": "0x40b0f8"
                    }, 
                    {
                        "name": "GetExitCodeProcess", 
                        "address": "0x40b0fc"
                    }, 
                    {
                        "name": "WaitForSingleObject", 
                        "address": "0x40b100"
                    }, 
                    {
                        "name": "CloseHandle", 
                        "address": "0x40b104"
                    }, 
                    {
                        "name": "CreateProcessA", 
                        "address": "0x40b108"
                    }, 
                    {
                        "name": "GetCPInfo", 
                        "address": "0x40b10c"
                    }, 
                    {
                        "name": "GetACP", 
                        "address": "0x40b110"
                    }, 
                    {
                        "name": "GetOEMCP", 
                        "address": "0x40b114"
                    }, 
                    {
                        "name": "IsValidCodePage", 
                        "address": "0x40b118"
                    }, 
                    {
                        "name": "RtlUnwind", 
                        "address": "0x40b11c"
                    }, 
                    {
                        "name": "WriteConsoleW", 
                        "address": "0x40b120"
                    }, 
                    {
                        "name": "MultiByteToWideChar", 
                        "address": "0x40b124"
                    }, 
                    {
                        "name": "SetFilePointer", 
                        "address": "0x40b128"
                    }, 
                    {
                        "name": "LoadLibraryW", 
                        "address": "0x40b12c"
                    }, 
                    {
                        "name": "IsProcessorFeaturePresent", 
                        "address": "0x40b130"
                    }, 
                    {
                        "name": "HeapAlloc", 
                        "address": "0x40b134"
                    }, 
                    {
                        "name": "HeapReAlloc", 
                        "address": "0x40b138"
                    }, 
                    {
                        "name": "CompareStringW", 
                        "address": "0x40b13c"
                    }, 
                    {
                        "name": "SetEnvironmentVariableA", 
                        "address": "0x40b140"
                    }, 
                    {
                        "name": "FlushFileBuffers", 
                        "address": "0x40b144"
                    }, 
                    {
                        "name": "LCMapStringW", 
                        "address": "0x40b148"
                    }, 
                    {
                        "name": "GetStringTypeW", 
                        "address": "0x40b14c"
                    }, 
                    {
                        "name": "CreateFileW", 
                        "address": "0x40b150"
                    }
                ], 
                "dll": "KERNEL32.dll"
            }
        ], 
        "peid_signatures": null, 
        "keys": [], 
        "signature": [], 
        "pe_timestamp": "2013-05-27 12:35:27", 
        "pe_exports": [], 
        "imported_dll_count": 5, 
        "pe_imphash": "bd52eaa585e8f1c2fba85e8df7a2e191", 
        "pe_resources": [
            {
                "name": "RT_ICON", 
                "language": "LANG_NEUTRAL", 
                "filetype": "Device independent bitmap graphic, 48 x 96 x 32, image size 9600", 
                "sublanguage": "SUBLANG_NEUTRAL", 
                "offset": "0x00013700", 
                "size": "0x000025a8"
            }, 
            {
                "name": "RT_ICON", 
                "language": "LANG_NEUTRAL", 
                "filetype": "Device independent bitmap graphic, 48 x 96 x 32, image size 9600", 
                "sublanguage": "SUBLANG_NEUTRAL", 
                "offset": "0x00013700", 
                "size": "0x000025a8"
            }, 
            {
                "name": "RT_ICON", 
                "language": "LANG_NEUTRAL", 
                "filetype": "Device independent bitmap graphic, 48 x 96 x 32, image size 9600", 
                "sublanguage": "SUBLANG_NEUTRAL", 
                "offset": "0x00013700", 
                "size": "0x000025a8"
            }, 
            {
                "name": "None", 
                "language": "LANG_SYRIAC", 
                "filetype": "data", 
                "sublanguage": "SUBLANG_DEFAULT", 
                "offset": "0x0001cb00", 
                "size": "0x00000295"
            }, 
            {
                "name": "None", 
                "language": "LANG_SYRIAC", 
                "filetype": "data", 
                "sublanguage": "SUBLANG_DEFAULT", 
                "offset": "0x0001cb00", 
                "size": "0x00000295"
            }, 
            {
                "name": "None", 
                "language": "LANG_SYRIAC", 
                "filetype": "data", 
                "sublanguage": "SUBLANG_DEFAULT", 
                "offset": "0x0001cb00", 
                "size": "0x00000295"
            }, 
            {
                "name": "RT_GROUP_ICON", 
                "language": "LANG_NEUTRAL", 
                "filetype": "data", 
                "sublanguage": "SUBLANG_NEUTRAL", 
                "offset": "0x0001cd98", 
                "size": "0x00000030"
            }, 
            {
                "name": "RT_VERSION", 
                "language": "LANG_RUSSIAN", 
                "filetype": "data", 
                "sublanguage": "SUBLANG_RUSSIAN", 
                "offset": "0x0001cdc8", 
                "size": "0x00000228"
            }
        ], 
        "pe_versioninfo": [
            {
                "name": "LegalCopyright", 
                "value": "Artem Izmaylov"
            }, 
            {
                "name": "FileVersion", 
                "value": "3.0.0.810"
            }, 
            {
                "name": "CompanyName", 
                "value": "AIMP DevTeam"
            }, 
            {
                "name": "Comments", 
                "value": "Made in Russia"
            }, 
            {
                "name": "ProductName", 
                "value": "AIMP3"
            }, 
            {
                "name": "FileDescription", 
                "value": "AIMP3"
            }, 
            {
                "name": "Translation", 
                "value": "0x0419 0x04e3"
            }
        ], 
        "pe_sections": [
            {
                "size_of_data": "0x00009400", 
                "virtual_address": "0x00001000", 
                "entropy": 6.504552977484163, 
                "name": ".text", 
                "virtual_size": "0x0000934f"
            }, 
            {
                "size_of_data": "0x00002c00", 
                "virtual_address": "0x0000b000", 
                "entropy": 4.926972996679978, 
                "name": ".rdata", 
                "virtual_size": "0x00002b56"
            }, 
            {
                "size_of_data": "0x00001800", 
                "virtual_address": "0x0000e000", 
                "entropy": 5.183768395451816, 
                "name": ".data", 
                "virtual_size": "0x0000360c"
            }, 
            {
                "size_of_data": "0x0000b000", 
                "virtual_address": "0x00012000", 
                "entropy": 6.084702002152633, 
                "name": ".rsrc", 
                "virtual_size": "0x0000aff0"
            }, 
            {
                "size_of_data": "0x00000e00", 
                "virtual_address": "0x0001d000", 
                "entropy": 4.826442192841158, 
                "name": ".reloc", 
                "virtual_size": "0x00000d90"
            }
        ]
    }, 
    "debug": {
        "action": [], 
        "dbgview": [], 
        "errors": [], 
        "log": [
            "2023-07-14 16:18:04,078 [analyzer] DEBUG: Starting analyzer from: C:\\tmpbhv_ec\n", 
            "2023-07-14 16:18:04,155 [analyzer] DEBUG: Pipe server name: \\??\\PIPE\\iacscHGVJajPOsYnKBOcA\n", 
            "2023-07-14 16:18:04,203 [analyzer] DEBUG: Log pipe server name: \\??\\PIPE\\ezeavGTRchPLSCsozqzQl\n", 
            "2023-07-14 16:18:04,342 [analyzer] DEBUG: Started auxiliary module DbgView\n", 
            "2023-07-14 16:18:04,733 [analyzer] DEBUG: Started auxiliary module Disguise\n"
        ], 
        "cuckoo": [
            "2023-07-14 16:18:05,277 [cuckoo.core.scheduler] INFO: Task #34: acquired machine cuckoo1 (label=cuckoo1)\n", 
            "2023-07-14 16:18:05,277 [cuckoo.core.resultserver] DEBUG: Now tracking machine 192.168.56.101 for task #34\n", 
            "2023-07-14 16:18:05,277 [cuckoo.core.plugins] DEBUG: Started auxiliary module: Replay\n", 
            "2023-07-14 16:18:05,282 [cuckoo.auxiliary.sniffer] INFO: Started sniffer with PID 19319 (interface=vboxnet0, host=192.168.56.101)\n", 
            "2023-07-14 16:18:05,282 [cuckoo.core.plugins] DEBUG: Started auxiliary module: Sniffer\n", 
            "2023-07-14 16:18:05,302 [cuckoo.machinery.virtualbox] DEBUG: Starting vm cuckoo1\n", 
            "2023-07-14 16:18:05,352 [cuckoo.machinery.virtualbox] DEBUG: Restoring virtual machine cuckoo1 to its current snapshot\n", 
            "2023-07-14 16:18:06,890 [cuckoo.core.guest] INFO: Starting analysis #34 on guest (id=cuckoo1, ip=192.168.56.101)\n", 
            "2023-07-14 16:18:07,892 [cuckoo.core.guest] DEBUG: cuckoo1: not ready yet\n", 
            "2023-07-14 16:18:08,895 [cuckoo.core.guest] DEBUG: cuckoo1: not ready yet\n", 
            "2023-07-14 16:18:09,899 [cuckoo.core.guest] DEBUG: cuckoo1: not ready yet\n", 
            "2023-07-14 16:18:09,970 [cuckoo.core.guest] DEBUG: cuckoo1: not ready yet\n", 
            "2023-07-14 16:18:10,975 [cuckoo.core.guest] INFO: Guest is running Cuckoo Agent 0.10 (id=cuckoo1, ip=192.168.56.101)\n", 
            "2023-07-14 16:18:10,985 [cuckoo.core.guest] DEBUG: Uploading analyzer to guest (id=cuckoo1, ip=192.168.56.101, monitor=latest, size=3884763)\n", 
            "2023-07-14 16:18:11,232 [cuckoo.core.resultserver] DEBUG: Task #34: live log analysis.log initialized.\n", 
            "2023-07-14 16:18:16,781 [cuckoo.core.resultserver] DEBUG: Task #34: File upload for 'shots/0001.jpg'\n", 
            "2023-07-14 16:18:16,799 [cuckoo.core.resultserver] DEBUG: Task #34 uploaded file length: 125029\n", 
            "2023-07-14 16:18:17,201 [cuckoo.core.guest] DEBUG: cuckoo1: analysis #34 still processing\n", 
            "2023-07-14 16:18:18,003 [cuckoo.core.resultserver] DEBUG: Task #34: File upload for 'shots/0002.jpg'\n", 
            "2023-07-14 16:18:18,017 [cuckoo.core.resultserver] DEBUG: Task #34 uploaded file length: 128155\n", 
            "2023-07-14 16:18:22,221 [cuckoo.core.guest] DEBUG: cuckoo1: analysis #34 still processing\n", 
            "2023-07-14 16:18:27,242 [cuckoo.core.guest] DEBUG: cuckoo1: analysis #34 still processing\n", 
            "2023-07-14 16:18:28,902 [cuckoo.core.resultserver] DEBUG: Task #34: File upload for 'shots/0003.jpg'\n", 
            "2023-07-14 16:18:28,909 [cuckoo.core.resultserver] DEBUG: Task #34 uploaded file length: 126345\n", 
            "2023-07-14 16:18:29,249 [cuckoo.core.guest] INFO: cuckoo1: analysis completed successfully\n", 
            "2023-07-14 16:18:29,264 [cuckoo.core.plugins] DEBUG: Stopped auxiliary module: Replay\n", 
            "2023-07-14 16:18:29,318 [cuckoo.core.plugins] DEBUG: Stopped auxiliary module: Sniffer\n", 
            "2023-07-14 16:18:29,319 [cuckoo.machinery.virtualbox] DEBUG: Stopping vm cuckoo1\n", 
            "2023-07-14 16:18:30,477 [cuckoo.core.resultserver] DEBUG: Stopped tracking machine 192.168.56.101 for task #34\n", 
            "2023-07-14 16:18:30,478 [cuckoo.core.resultserver] DEBUG: Cancel <Context for LOG> for task 34\n", 
            "2023-07-14 16:18:30,482 [cuckoo.core.scheduler] DEBUG: Released database task #34\n", 
            "2023-07-14 16:18:30,492 [cuckoo.core.plugins] DEBUG: Executed processing module \"AnalysisInfo\" for task #34\n", 
            "2023-07-14 16:18:30,492 [cuckoo.processing.behavior] WARNING: Analysis results folder does not contain any behavior log files.\n", 
            "2023-07-14 16:18:30,492 [cuckoo.core.plugins] DEBUG: Executed processing module \"BehaviorAnalysis\" for task #34\n", 
            "2023-07-14 16:18:30,492 [cuckoo.core.plugins] DEBUG: Executed processing module \"Dropped\" for task #34\n", 
            "2023-07-14 16:18:30,492 [cuckoo.core.plugins] DEBUG: Executed processing module \"DroppedBuffer\" for task #34\n", 
            "2023-07-14 16:18:30,493 [cuckoo.core.plugins] DEBUG: Executed processing module \"MetaInfo\" for task #34\n", 
            "2023-07-14 16:18:30,493 [cuckoo.core.plugins] DEBUG: Executed processing module \"ProcessMemory\" for task #34\n", 
            "2023-07-14 16:18:30,493 [cuckoo.core.plugins] DEBUG: Executed processing module \"Procmon\" for task #34\n", 
            "2023-07-14 16:18:30,540 [cuckoo.core.plugins] DEBUG: Executed processing module \"Screenshots\" for task #34\n", 
            "2023-07-14 16:18:30,703 [cuckoo.core.plugins] DEBUG: Executed processing module \"Static\" for task #34\n", 
            "2023-07-14 16:18:30,706 [cuckoo.c"
        ]
    }, 
    "screenshots": [
        {
            "path": "/root/.cuckoo/storage/analyses/34/shots/0001.jpg", 
            "ocr": ""
        }, 
        {
            "path": "/root/.cuckoo/storage/analyses/34/shots/0002.jpg", 
            "ocr": ""
        }, 
        {
            "path": "/root/.cuckoo/storage/analyses/34/shots/0003.jpg", 
            "ocr": ""
        }
    ], 
    "strings": [
        "!This program cannot be run in DOS mode.", 
        "`.rdata", 
        "@.data", 
        "@.reloc", 
        "Y<\\u\u001fj\\V", 
        "HHt$HHt", 
        "?If90t", 
        "j@j ^V", 
        "uTVWh7O@", 
        "^SSSSS", 
        "tIj\"[:", 
        "ukSSSSS", 
        "URPQQh", 
        "t\"SS9] u", 
        ";t$,v-", 
        "UQPXY]Y[", 
        "PPPPPPPP", 
        "PPPPPPPP", 
        "oldname", 
        "newname", 
        "File successfully renamed", 
        "Error renaming file", 
        "Hexadecimal: %x", 
        "Octal: %o", 
        "Unsigned value: %u", 
        "Just print the percentage sign %%", 
        "Hello, world!", 
        "Hello, world!", 
        ":%15s:", 
        "Hello, world!", 
        ":%.10s:", 
        "Hello, world!", 
        ":%-15s:", 
        "Hello, world!", 
        ":%.15s:", 
        " is a string chars long", 
        "Enter your family name: ", 
        "Enter your age: ", 
        "Enter a hexadecimal number: ", 
        "cmd.exe", 
        "COMSPEC", 
        "(null)", 
        "`h````", 
        "xpxxxx", 
        "Illegal byte sequence", 
        "Directory not empty", 
        "Function not implemented", 
        "No locks available", 
        "Filename too long", 
        "Resource deadlock avoided", 
        "Result too large", 
        "Domain error", 
        "Broken pipe", 
        "Too many links", 
        "Read-only file system", 
        "Invalid seek", 
        "No space left on device", 
        "File too large", 
        "Inappropriate I/O control operation", 
        "Too many open files", 
        "Too many open files in system", 
        "Invalid argument", 
        "Is a directory", 
        "Not a directory", 
        "No such device", 
        "Improper link", 
        "File exists", 
        "Resource device", 
        "Unknown error", 
        "Bad address", 
        "Permission denied", 
        "Not enough space", 
        "Resource temporarily unavailable", 
        "No child processes", 
        "Bad file descriptor", 
        "Exec format error", 
        "Arg list too long", 
        "No such device or address", 
        "Input/output error", 
        "Interrupted function call", 
        "No such process", 
        "No such file or directory", 
        "Operation not permitted", 
        "No error", 
        "CorExitProcess", 
        "FlsFree", 
        "FlsSetValue", 
        "FlsGetValue", 
        "FlsAlloc", 
        "SystemRoot", 
        "HH:mm:ss", 
        "dddd, MMMM dd, yyyy", 
        "MM/dd/yy", 
        "December", 
        "November", 
        "October", 
        "September", 
        "August", 
        "February", 
        "January", 
        "Saturday", 
        "Friday", 
        "Thursday", 
        "Wednesday", 
        "Tuesday", 
        "Monday", 
        "Sunday", 
        "`h`hhh", 
        "xppwpp", 
        "GetProcessWindowStation", 
        "GetUserObjectInformationW", 
        "GetLastActivePopup", 
        "GetActiveWindow", 
        "MessageBoxW", 
        "\u001f !\"#$%&'()*+,-./0123456789:;<=>?@abcdefghijklmnopqrstuvwxyz[\\]^_`abcdefghijklmnopqrstuvwxyz{|}~", 
        "\u001f !\"#$%&'()*+,-./0123456789:;<=>?@ABCDEFGHIJKLMNOPQRSTUVWXYZ[\\]^_`ABCDEFGHIJKLMNOPQRSTUVWXYZ{|}~", 
        "\u001f !\"#$%&'()*+,-./0123456789:;<=>?@ABCDEFGHIJKLMNOPQRSTUVWXYZ[\\]^_`abcdefghijklmnopqrstuvwxyz{|}~", 
        "LookupPrivilegeDisplayNameW", 
        "ADVAPI32.dll", 
        "AbortDoc", 
        "AbortPath", 
        "GDI32.dll", 
        "SymGetLineFromAddr64", 
        "FindFileInSearchPath", 
        "SymLoadModule64", 
        "SymGetSymFromAddr64", 
        "dbghelp.dll", 
        "ClusterOpenEnum", 
        "CloseClusterResource", 
        "ClusterRegDeleteValue", 
        "GetClusterNodeId", 
        "RestoreClusterDatabase", 
        "ClusterGroupGetEnumCount", 
        "ClusterRegEnumKey", 
        "GetClusterFromNetwork", 
        "FailClusterResource", 
        "CLUSAPI.dll", 
        "GetLastError", 
        "MoveFileA", 
        "GetCommandLineA", 
        "HeapSetInformation", 
        "GetStartupInfoW", 
        "UnhandledExceptionFilter", 
        "SetUnhandledExceptionFilter", 
        "IsDebuggerPresent", 
        "EncodePointer", 
        "DecodePointer", 
        "TerminateProcess", 
        "GetCurrentProcess", 
        "HeapFree", 
        "GetFileAttributesA", 
        "EnterCriticalSection", 
        "LeaveCriticalSection", 
        "SetStdHandle", 
        "InitializeCriticalSectionAndSpinCount", 
        "GetFileType", 
        "WriteFile", 
        "WideCharToMultiByte", 
        "GetConsoleCP", 
        "GetConsoleMode", 
        "SetHandleCount", 
        "GetStdHandle", 
        "DeleteCriticalSection", 
        "GetProcAddress", 
        "GetModuleHandleW", 
        "ExitProcess", 
        "GetModuleFileNameW", 
        "GetModuleFileNameA", 
        "FreeEnvironmentStringsW", 
        "GetEnvironmentStringsW", 
        "TlsAlloc", 
        "TlsGetValue", 
        "TlsSetValue", 
        "TlsFree", 
        "InterlockedIncrement", 
        "SetLastError", 
        "GetCurrentThreadId", 
        "InterlockedDecrement", 
        "HeapCreate", 
        "QueryPerformanceCounter", 
        "GetTickCount", 
        "GetCurrentProcessId", 
        "GetSystemTimeAsFileTime", 
        "GetExitCodeProcess", 
        "WaitForSingleObject", 
        "CloseHandle", 
        "CreateProcessA", 
        "GetCPInfo", 
        "GetACP", 
        "GetOEMCP", 
        "IsValidCodePage", 
        "RtlUnwind", 
        "WriteConsoleW", 
        "MultiByteToWideChar", 
        "SetFilePointer", 
        "LoadLibraryW", 
        "IsProcessorFeaturePresent", 
        "HeapAlloc", 
        "HeapReAlloc", 
        "CompareStringW", 
        "SetEnvironmentVariableA", 
        "FlushFileBuffers", 
        "LCMapStringW", 
        "GetStringTypeW", 
        "CreateFileW", 
        "HeapSize", 
        "KERNEL32.dll", 
        "A9Xttm", 
        "eedcxqpokmlk", 
        "                          ", 
        "abcdefghijklmnopqrstuvwxyz", 
        "ABCDEFGHIJKLMNOPQRSTUVWXYZ", 
        "                          ", 
        "abcdefghijklmnopqrstuvwxyz", 
        "ABCDEFGHIJKLMNOPQRSTUVWXYZ", 
        "456$222", 
        "#$%\\AAA", 
        "!\"#T'''", 
        "%),2,(%", 
        "012y0,)", 
        "688y630", 
        "EGH3877", 
        "%2<7 -64", 
        "///9(((", 
        "DDDJ111", 
        "%%%8111", 
        "!!!g\u001f\u001f\u001f", 
        "@$$$o)))", 
        "^^^\"%%%", 
        "iii!&&&", 
        "xwv~}|{", 
        "hgf/OnnT", 
        "Eu>tr@!", 
        "JcmD,HTm=T5`", 
        "%!*>2.6kt$", 
        "|\\;?j3-B", 
        "s1`@>/6K", 
        "k13 ^d", 
        "c4/\"%G", 
        "GR@DeT]", 
        "cQd-M^[", 
        "N5q^VR", 
        "t_vj=Z", 
        "-nb?TR", 
        "eS{!d?G", 
        "+f'5E5", 
        "3#qx2F=", 
        "3~87iU", 
        ":|0P]!", 
        "%;R*7+%", 
        " [9<[,-", 
        "ha<D7,", 
        "ab]jMX", 
        "|c{w^-6Y ", 
        "\u001fQ8/(< /", 
        "YqMJ=xhQv", 
        "b.~'^bL>", 
        ">:-\\ww1#+n", 
        "2BnP)h", 
        ":.,c\\1", 
        "INGN\\G", 
        "TU?vi#cOnO`q", 
        "PADDINGXXPADDING", 
        "1)181Q1c1u1", 
        "2\u001f2,292F2X2l2", 
        "7$70767H7P7[7", 
        "8c9m9z9", 
        "?,?O?b?", 
        "3%333H3R3x3", 
        "2\\3d3|3", 
        "414I4i4", 
        "5F5s5~5", 
        "1(2@2^2", 
        "3]3c3i3o3u3{3", 
        "4#4(4.444J4Q4", 
        "4Z5b5u5", 
        "6*606A6z6", 
        "8#8-8H8P8V8d8", 
        "?;?@?a?h?t?z?", 
        "\u001f040Z0", 
        "2Z2`2v2{2", 
        "3#3)31363>3C3K3P3W3f3k3q3z3", 
        "4(444<4D4P4y4", 
        "7C7L7X7", 
        "1\"1;1O1U1^1q1", 
        "1)2I2S2t2}2", 
        "7F7S7]7k7t7~7", 
        ";!;*;0;9;>;M;t;", 
        "344A4`4", 
        "8 8I8o8", 
        "9):0:4:8:<:@:D:H:L:", 
        ":+;1;6;D;I;N;S;c;", 
        ";&<+<2<7<><C<Q<", 
        "<I=X=g=t=z=", 
        ">#>,>;>^>c>h>", 
        "?!?2?:?@?J?P?Z?`?j?s?~?", 
        "2\u001f2c3h3", 
        "<G=M=Y=h=", 
        "858G8Y8k8}8", 
        "9%:?:H:v:|:", 
        "3!3'3-333D3I3", 
        "0$0,040<0D0L0T0\\0d0l0t0|0", 
        "0(0H0h0", 
        "181X1d1", 
        "2 2@2`2", 
        "9 9$9(9,909D9H9L9P9", 
        ":H=L=P=T=X=\\=`=d=h=l=p=t=x=|=", 
        "5 5$5(5,5054585<5@5D5H5L5P5T5X5h5l5p5t5x5|5", 
        "7(7,7074787<7@7D7H7L7X7\\7`7d7h7l7p7t7x7|7", 
        "(null)", 
        "mscoree.dll", 
        "runtime error ", 
        "TLOSS error", 
        "SING error", 
        "DOMAIN error", 
        "- Attempt to use MSIL code from this assembly during native code initialization", 
        "This indicates a bug in your application. It is most likely the result of calling an MSIL-compiled (/clr) function from a native constructor or from DllMain.", 
        "- not enough space for locale information", 
        "- Attempt to initialize the CRT more than once.", 
        "This indicates a bug in your application.", 
        "- CRT not initialized", 
        "- unable to initialize heap", 
        "- not enough space for lowio initialization", 
        "- not enough space for stdio initialization", 
        "- pure virtual function call", 
        "- not enough space for _onexit/atexit table", 
        "- unable to open console device", 
        "- unexpected heap error", 
        "- unexpected multithread lock error", 
        "- not enough space for thread data", 
        "- abort() has been called", 
        "- not enough space for environment", 
        "- not enough space for arguments", 
        "- floating point support not loaded", 
        "@Microsoft Visual C++ Runtime Library", 
        "<program name unknown>", 
        "Runtime Error!", 
        "Program: ", 
        "KERNEL32.DLL", 
        "HH:mm:ss", 
        "dddd, MMMM dd, yyyy", 
        "MM/dd/yy", 
        "December", 
        "November", 
        "October", 
        "September", 
        "August", 
        "February", 
        "January", 
        "Saturday", 
        "Friday", 
        "Thursday", 
        "Wednesday", 
        "Tuesday", 
        "Monday", 
        "Sunday", 
        "WUSER32.DLL", 
        "         (((((                  H", 
        "         h((((                  H", 
        "                                 H", 
        "CONOUT$", 
        "VS_VERSION_INFO", 
        "StringFileInfo", 
        "041904E3", 
        "Comments", 
        "Made in Russia", 
        "CompanyName", 
        "AIMP DevTeam", 
        "FileDescription", 
        "FileVersion", 
        "3.0.0.810", 
        "LegalCopyright", 
        "Artem Izmaylov", 
        "ProductName", 
        "VarFileInfo", 
        "Translation"
    ], 
    "metadata": {
        "output": {
            "pcap": {
                "basename": "dump.pcap", 
                "sha256": "4394d21999490cb95182ae14e654182bb6ea9c91c3009f5680e6f510b99962e9", 
                "dirname": ""
            }
        }
    }
}