{"started_on": {"$dt": "2023-07-14T17:04:47.951888"}, "duration": 187, "sample_id": 37, "owner": null, "id": 55, "category": "file", "priority": 2, "guest": {"status": "stopped", "name": "cuckoo1", "label": "cuckoo1", "manager": "VirtualBox", "started_on": "2023-07-14 17:04:47", "shutdown_on": "2023-07-14 17:07:55"}, "clock": {"$dt": "2023-07-14T17:04:46.956242"}, "custom": null, "machine": null, "platform": "windows", "memory": false, "status": "completed", "tags": [], "processing": null, "enforce_timeout": false, "completed_on": {"$dt": "2023-07-14T17:07:55.782864"}, "target": "/tmp/cuckoo-tmp-root/tmp1QlSbn/Ransom (17.06.05) .exe", "package": "exe", "route": "none", "timeout": 120, "submit_id": 57, "options": {"procmemdump": "yes", "route": "none"}, "added_on": {"$dt": "2023-07-14T17:04:46.956253"}}