{"started_on": {"$dt": "2023-07-14T16:07:24.488287"}, "duration": 87, "sample_id": 13, "owner": null, "id": 30, "category": "file", "priority": 2, "guest": {"status": "stopped", "name": "cuckoo1", "label": "cuckoo1", "manager": "VirtualBox", "started_on": "2023-07-14 16:07:24", "shutdown_on": "2023-07-14 16:08:51"}, "clock": {"$dt": "2023-07-14T16:07:23.684571"}, "custom": null, "machine": null, "platform": "windows", "memory": false, "status": "completed", "tags": [], "processing": null, "enforce_timeout": false, "completed_on": {"$dt": "2023-07-14T16:08:51.949661"}, "target": "/tmp/cuckoo-tmp-root/tmpdxpeEM/jigsaw", "package": "exe", "route": "none", "timeout": 120, "submit_id": 32, "options": {"procmemdump": "yes", "route": "none"}, "added_on": {"$dt": "2023-07-14T16:07:23.684581"}}