{"started_on": {"$dt": "2023-07-14T16:30:14.107042"}, "duration": 26, "sample_id": 21, "owner": null, "id": 39, "category": "file", "priority": 2, "guest": {"status": "stopped", "name": "cuckoo1", "label": "cuckoo1", "manager": "VirtualBox", "started_on": "2023-07-14 16:30:14", "shutdown_on": "2023-07-14 16:30:40"}, "clock": {"$dt": "2023-07-14T16:30:13.870933"}, "custom": null, "machine": null, "platform": null, "memory": false, "status": "completed", "tags": [], "processing": null, "enforce_timeout": false, "completed_on": {"$dt": "2023-07-14T16:30:40.968291"}, "target": "/tmp/cuckoo-tmp-root/tmp_YM3NK/WTEpZSFwgb", "package": "js", "route": "none", "timeout": 120, "submit_id": 41, "options": {"procmemdump": "yes", "route": "none"}, "added_on": {"$dt": "2023-07-14T16:30:13.870945"}}